CustomerID,FirstPurchase,LastPurchase,Frequency,Monetary,TotalItems,UniqueProducts,Recency,TenureDays,AvgOrderValue,ItemsPerOrder,R_Score,F_Score,M_Score,RFM_Score,RFM_Segment,Cluster,ClusterName
12346,2011-01-18 10:01:00,2011-01-18 10:01:00,1,77183.6,74215,1,326,1,77183.6,74215.0,1,1,4,6,At Risk,3,Champions
12347,2010-12-07 14:57:00,2011-12-07 15:52:00,7,4310.0,2458,103,2,366,615.7142857142857,351.14285714285717,4,4,4,12,Champions,3,Champions
12348,2010-12-16 19:09:00,2011-09-25 13:13:00,4,1797.24,2341,22,75,283,449.31,585.25,2,3,4,9,Big Spenders,0,Big-Ticket Occasionals
12349,2011-11-21 09:51:00,2011-11-21 09:51:00,1,1757.55,631,73,19,1,1757.55,631.0,3,1,4,8,Big Spenders,0,Big-Ticket Occasionals
12350,2011-02-02 16:01:00,2011-02-02 16:01:00,1,334.4,197,17,310,1,334.4,197.0,1,1,2,4,Hibernating,0,Big-Ticket Occasionals
12352,2011-02-16 12:33:00,2011-11-03 14:37:00,8,2506.04,536,59,36,261,313.255,67.0,3,4,4,11,Loyal Customers,1,Core Growth
12353,2011-05-19 17:47:00,2011-05-19 17:47:00,1,89.0,20,4,204,1,89.0,20.0,1,1,1,3,Hibernating,2,Hibernating
12354,2011-04-21 13:11:00,2011-04-21 13:11:00,1,1079.4,530,58,232,1,1079.4,530.0,1,1,3,5,At Risk,0,Big-Ticket Occasionals
12355,2011-05-09 13:49:00,2011-05-09 13:49:00,1,459.4,240,13,214,1,459.4,240.0,1,1,2,4,Hibernating,0,Big-Ticket Occasionals
12356,2011-01-18 09:50:00,2011-11-17 08:40:00,3,2811.43,1591,53,23,303,937.1433333333333,530.3333333333334,3,3,4,10,Big Spenders,3,Champions
12357,2011-11-06 16:07:00,2011-11-06 16:07:00,1,6207.67,2708,131,33,1,6207.67,2708.0,3,1,4,8,Big Spenders,0,Big-Ticket Occasionals
12358,2011-07-12 10:04:00,2011-12-08 10:26:00,2,1168.06,248,13,2,150,584.03,124.0,4,2,3,9,Promising,1,Core Growth
12359,2011-01-12 12:43:00,2011-10-13 12:47:00,4,6372.58,1622,214,58,275,1593.145,405.5,2,3,4,9,Big Spenders,3,Champions
12360,2011-05-23 09:43:00,2011-10-18 15:22:00,3,2662.06,1165,105,52,149,887.3533333333334,388.3333333333333,2,3,4,9,Big Spenders,0,Big-Ticket Occasionals
12361,2011-02-25 13:51:00,2011-02-25 13:51:00,1,189.9,91,10,287,1,189.9,91.0,1,1,1,3,Hibernating,2,Hibernating
12362,2011-02-17 10:30:00,2011-12-06 15:40:00,10,5226.23,2229,201,3,293,522.6229999999999,222.9,4,4,4,12,Champions,3,Champions
12363,2011-04-11 13:29:00,2011-08-22 10:18:00,2,552.0,408,23,110,133,276.0,204.0,2,2,2,6,Hibernating,0,Big-Ticket Occasionals
12364,2011-08-19 15:24:00,2011-12-02 10:22:00,4,1313.1,1506,70,8,105,328.275,376.5,4,3,3,10,Hibernating,1,Core Growth
12365,2011-02-21 13:51:00,2011-02-21 14:04:00,2,641.38,174,22,291,1,320.69,87.0,1,2,2,5,Hibernating,0,Big-Ticket Occasionals
12367,2011-12-05 16:48:00,2011-12-05 16:48:00,1,168.9,173,11,4,1,168.9,173.0,4,1,1,6,Promising,1,Core Growth
12370,2010-12-14 12:58:00,2011-10-19 14:51:00,4,3545.69,2353,143,51,310,886.4225,588.25,3,3,4,10,Big Spenders,3,Champions
12371,2011-10-11 10:43:00,2011-10-26 10:16:00,2,1887.96,591,63,45,15,943.98,295.5,3,2,4,9,Big Spenders,0,Big-Ticket Occasionals
12372,2011-02-16 12:46:00,2011-09-29 12:12:00,3,1298.04,794,34,72,225,432.68,264.6666666666667,2,3,3,8,At Risk,0,Big-Ticket Occasionals
12373,2011-02-01 13:10:00,2011-02-01 13:10:00,1,364.6,197,14,311,1,364.6,197.0,1,1,2,4,Hibernating,0,Big-Ticket Occasionals
12374,2011-11-14 15:37:00,2011-11-14 15:37:00,1,742.9300000000001,342,33,25,1,742.9300000000001,342.0,3,1,3,7,Promising,0,Big-Ticket Occasionals
12375,2011-09-02 14:23:00,2011-11-29 10:36:00,2,457.5,178,14,11,88,228.75,89.0,4,2,2,8,Promising,1,Core Growth
12377,2010-12-20 09:37:00,2011-01-28 15:45:00,2,1628.12,944,72,315,40,814.06,472.0,1,2,3,6,At Risk,0,Big-Ticket Occasionals
12378,2011-08-02 10:34:00,2011-08-02 10:34:00,1,4008.62,2529,219,130,1,4008.62,2529.0,2,1,4,7,Big Spenders,0,Big-Ticket Occasionals
12379,2011-06-22 16:32:00,2011-09-19 10:09:00,2,852.24,407,39,82,89,426.12,203.5,2,2,3,7,At Risk,0,Big-Ticket Occasionals
12380,2011-06-07 09:49:00,2011-11-18 11:27:00,4,2724.81,1127,77,22,165,681.2025,281.75,3,3,4,10,Big Spenders,3,Champions
12381,2011-08-12 09:57:00,2011-12-05 12:44:00,5,1845.31,808,70,5,116,369.062,161.6,4,3,4,11,Big Spenders,1,Core Growth
12383,2010-12-22 14:28:00,2011-06-08 08:02:00,5,1850.56,1532,84,185,168,370.11199999999997,306.4,1,3,4,8,At Risk,0,Big-Ticket Occasionals
12384,2011-08-10 11:23:00,2011-11-11 08:39:00,2,585.27,126,26,29,93,292.635,63.0,3,2,2,7,Promising,1,Core Growth
12386,2010-12-08 09:53:00,2011-01-06 12:37:00,2,401.9,354,10,338,30,200.95,177.0,1,2,2,5,Hibernating,0,Big-Ticket Occasionals
12388,2011-01-17 11:12:00,2011-11-24 12:30:00,6,2780.66,1462,57,16,312,463.4433333333333,243.66666666666666,4,4,4,12,Champions,3,Champions
12390,2011-09-21 09:33:00,2011-09-21 09:33:00,1,549.84,353,32,80,1,549.84,353.0,2,1,2,5,Hibernating,0,Big-Ticket Occasionals
12391,2011-11-18 12:07:00,2011-11-18 12:07:00,1,460.89,300,92,22,1,460.89,300.0,3,1,2,6,Promising,0,Big-Ticket Occasionals
12393,2011-01-11 09:47:00,2011-09-28 15:41:00,4,1582.6000000000001,816,47,72,261,395.65000000000003,204.0,2,3,3,8,At Risk,0,Big-Ticket Occasionals
12394,2011-05-06 14:01:00,2011-10-07 08:08:00,2,1272.48,819,26,64,154,636.24,409.5,2,2,3,7,At Risk,0,Big-Ticket Occasionals
12395,2010-12-03 16:35:00,2011-11-20 15:21:00,12,3018.63,2118,91,19,352,251.5525,176.5,3,4,4,11,Loyal Customers,3,Champions
12397,2011-07-27 14:21:00,2011-11-04 09:52:00,2,2409.9,1263,110,36,100,1204.95,631.5,3,2,4,9,Big Spenders,0,Big-Ticket Occasionals
12398,2011-10-25 10:27:00,2011-10-25 10:27:00,1,1635.6599999999999,1394,85,46,1,1635.6599999999999,1394.0,3,1,3,7,Promising,0,Big-Ticket Occasionals
12399,2011-03-23 09:42:00,2011-08-12 13:15:00,4,1108.65,1178,47,119,143,277.1625,294.5,2,3,3,8,At Risk,0,Big-Ticket Occasionals
12401,2011-02-09 13:50:00,2011-02-09 13:50:00,1,84.3,11,5,303,1,84.3,11.0,1,1,1,3,Hibernating,2,Hibernating
12402,2011-01-20 13:49:00,2011-01-20 13:49:00,1,225.6,94,11,323,1,225.6,94.0,1,1,1,3,Hibernating,2,Hibernating
12403,2011-10-21 10:51:00,2011-10-21 10:51:00,1,427.7,96,5,50,1,427.7,96.0,3,1,2,6,Promising,0,Big-Ticket Occasionals
12405,2011-07-14 08:52:00,2011-07-14 08:52:00,1,1710.39,857,54,149,1,1710.39,857.0,1,1,4,6,At Risk,0,Big-Ticket Occasionals
12406,2011-06-09 10:23:00,2011-11-17 19:22:00,2,3415.3,1818,92,22,162,1707.65,909.0,3,2,4,9,Big Spenders,3,Champions
12407,2011-03-20 13:21:00,2011-10-21 10:11:00,5,1708.1200000000001,1416,57,50,215,341.624,283.2,3,3,4,10,Big Spenders,1,Core Growth
12408,2011-03-24 14:46:00,2011-11-07 12:27:00,5,2888.55,1409,81,33,228,577.71,281.8,3,3,4,10,Big Spenders,3,Champions
12409,2011-06-10 12:19:00,2011-09-22 10:38:00,3,11072.67,5551,91,79,104,3690.89,1850.3333333333333,2,3,4,9,Big Spenders,3,Champions
12410,2011-02-04 10:38:00,2011-02-04 10:39:00,2,693.3299999999999,211,26,309,1,346.66499999999996,105.5,1,2,3,6,At Risk,0,Big-Ticket Occasionals
12412,2011-06-23 13:51:00,2011-09-26 10:16:00,3,1226.88,829,43,75,95,408.96000000000004,276.3333333333333,2,3,3,8,At Risk,0,Big-Ticket Occasionals
12413,2011-01-06 16:12:00,2011-10-04 09:00:00,3,758.1,286,29,67,271,252.70000000000002,95.33333333333333,2,3,3,8,At Risk,1,Core Growth
12414,2011-02-02 14:51:00,2011-05-06 14:51:00,3,562.41,300,16,217,94,187.47,100.0,1,3,2,6,At Risk,0,Big-Ticket Occasionals
12415,2011-01-06 11:12:00,2011-11-15 14:22:00,21,124914.53,77374,444,24,314,5948.310952380953,3684.4761904761904,3,4,4,11,Loyal Customers,3,Champions
12417,2010-12-17 11:51:00,2011-12-06 14:52:00,9,3649.1,1552,158,3,355,405.4555555555555,172.44444444444446,4,4,4,12,Champions,3,Champions
12418,2011-08-19 11:08:00,2011-08-19 11:08:00,1,668.58,407,34,113,1,668.58,407.0,2,1,2,5,Hibernating,0,Big-Ticket Occasionals
12420,2011-10-07 08:55:00,2011-10-07 08:55:00,1,600.39,345,29,64,1,600.39,345.0,2,1,2,5,Hibernating,0,Big-Ticket Occasionals
12421,2011-01-24 15:09:00,2011-11-24 09:07:00,4,807.04,484,32,16,304,201.76,121.0,4,3,3,10,Hibernating,1,Core Growth
12422,2011-01-19 09:13:00,2011-09-05 09:48:00,3,803.5600000000001,370,39,96,230,267.85333333333335,123.33333333333333,2,3,3,8,At Risk,0,Big-Ticket Occasionals
12423,2010-12-21 10:54:00,2011-12-09 10:10:00,8,1859.31,1339,97,1,353,232.41375,167.375,4,4,4,12,Champions,3,Champions
12424,2011-06-30 12:06:00,2011-06-30 12:06:00,2,1760.96,740,30,163,1,880.48,370.0,1,2,4,7,At Risk,0,Big-Ticket Occasionals
12425,2011-09-22 17:31:00,2011-09-22 17:31:00,1,777.2,496,36,78,1,777.2,496.0,2,1,3,6,At Risk,0,Big-Ticket Occasionals
12426,2011-05-29 12:26:00,2011-05-29 12:26:00,1,582.73,258,30,195,1,582.73,258.0,1,1,2,4,Hibernating,0,Big-Ticket Occasionals
12427,2010-12-03 10:44:00,2011-11-18 08:56:00,3,825.8,533,26,22,350,275.26666666666665,177.66666666666666,3,3,3,9,Hibernating,1,Core Growth
12428,2011-03-01 09:33:00,2011-11-14 08:22:00,9,7956.46,3536,258,26,258,884.0511111111111,392.8888888888889,3,4,4,11,Loyal Customers,3,Champions
12429,2010-12-09 12:05:00,2011-11-30 17:22:00,4,3750.4,1557,82,9,357,937.6,389.25,4,3,4,11,Big Spenders,3,Champions
12430,2011-10-27 15:09:00,2011-10-27 15:09:00,1,256.4,117,11,43,1,256.4,117.0,3,1,1,5,Promising,2,Hibernating
12431,2010-12-01 10:03:00,2011-11-04 11:55:00,15,6487.45,2906,163,36,339,432.49666666666667,193.73333333333332,3,4,4,11,Loyal Customers,3,Champions
12432,2011-06-20 13:27:00,2011-10-28 11:43:00,5,5059.32,1801,107,43,130,1011.8639999999999,360.2,3,3,4,10,Big Spenders,3,Champions
12433,2010-12-01 13:24:00,2011-12-09 10:02:00,7,13375.87,11071,219,1,373,1910.8385714285716,1581.5714285714287,4,4,4,12,Champions,3,Champions
12434,2011-03-24 13:05:00,2011-09-16 12:38:00,2,806.14,394,46,85,176,403.07,197.0,2,2,3,7,At Risk,0,Big-Ticket Occasionals
12435,2011-03-17 07:40:00,2011-09-21 09:06:00,2,7829.89,2055,31,80,189,3914.945,1027.5,2,2,4,8,Big Spenders,0,Big-Ticket Occasionals
12436,2011-09-01 12:09:00,2011-09-01 12:09:00,1,509.01,211,16,100,1,509.01,211.0,2,1,2,5,Hibernating,0,Big-Ticket Occasionals
12437,2011-01-12 14:13:00,2011-12-08 11:35:00,18,4951.41,2922,118,2,330,275.0783333333333,162.33333333333334,4,4,4,12,Champions,3,Champions
12438,2011-07-22 13:29:00,2011-11-25 13:28:00,2,2906.85,1180,84,14,126,1453.425,590.0,4,2,4,10,Big Spenders,3,Champions
12441,2010-12-08 10:45:00,2010-12-08 10:45:00,1,173.55,121,11,367,1,173.55,121.0,1,1,1,3,Hibernating,2,Hibernating
12442,2011-12-06 14:22:00,2011-12-06 14:22:00,1,172.06,182,12,3,1,172.06,182.0,4,1,1,6,Promising,1,Core Growth
12444,2011-06-21 14:00:00,2011-11-18 13:23:00,5,5005.46,1153,138,21,150,1001.092,230.6,3,3,4,10,Big Spenders,3,Champions
12445,2011-11-17 18:43:00,2011-11-17 18:43:00,1,133.4,62,4,22,1,133.4,62.0,3,1,1,5,Promising,2,Hibernating
12446,2011-10-13 12:50:00,2011-10-13 12:50:00,1,1002.3100000000001,351,57,58,1,1002.3100000000001,351.0,2,1,3,6,At Risk,0,Big-Ticket Occasionals
12447,2011-04-10 13:25:00,2011-04-10 13:25:00,1,476.49,190,26,243,1,476.49,190.0,1,1,2,4,Hibernating,0,Big-Ticket Occasionals
12448,2011-10-26 13:46:00,2011-10-26 13:46:00,1,449.45,243,22,44,1,449.45,243.0,3,1,2,6,Promising,0,Big-Ticket Occasionals
12449,2011-06-05 15:37:00,2011-11-17 13:46:00,4,4067.29,1553,118,22,165,1016.8225,388.25,3,3,4,10,Big Spenders,3,Champions
12450,2011-06-19 14:36:00,2011-07-06 14:41:00,2,197.88,128,7,156,18,98.94,64.0,1,2,1,4,Hibernating,2,Hibernating
12451,2011-01-19 09:05:00,2011-11-29 08:40:00,5,9035.52,6575,265,11,314,1807.104,1315.0,4,3,4,11,Big Spenders,3,Champions
12452,2011-11-23 08:05:00,2011-11-23 10:28:00,2,430.57,185,21,17,1,215.285,92.5,4,2,2,8,Promising,1,Core Growth
12453,2011-07-28 14:08:00,2011-07-28 14:08:00,1,707.09,473,43,134,1,707.09,473.0,2,1,3,6,At Risk,0,Big-Ticket Occasionals
12454,2011-10-14 17:13:00,2011-10-14 17:13:00,1,3528.34,1006,15,56,1,3528.34,1006.0,2,1,4,7,Big Spenders,0,Big-Ticket Occasionals
12455,2011-02-16 09:56:00,2011-09-27 15:31:00,6,2466.86,2089,85,73,224,411.1433333333334,348.1666666666667,2,4,4,10,Loyal Customers,3,Champions
12456,2011-03-30 09:12:00,2011-10-26 14:41:00,3,3181.04,1633,105,44,211,1060.3466666666666,544.3333333333334,3,3,4,10,Big Spenders,3,Champions
12457,2011-04-14 18:57:00,2011-10-04 13:13:00,7,2363.23,843,53,66,173,337.6042857142857,120.42857142857143,2,4,4,10,Loyal Customers,3,Champions
12458,2011-02-28 10:55:00,2011-09-29 15:25:00,2,947.4,506,35,71,214,473.7,253.0,2,2,3,7,At Risk,0,Big-Ticket Occasionals
12461,2011-07-08 10:23:00,2011-09-06 16:57:00,2,826.88,287,35,94,61,413.44,143.5,2,2,3,7,At Risk,0,Big-Ticket Occasionals
12462,2011-02-09 14:44:00,2011-11-21 09:11:00,2,1189.59,536,51,19,285,594.795,268.0,3,2,3,8,Promising,1,Core Growth
12463,2011-04-12 12:47:00,2011-10-17 13:44:00,4,1344.78,776,65,53,189,336.195,194.0,2,3,3,8,At Risk,1,Core Growth
12464,2011-02-03 13:30:00,2011-11-29 13:33:00,8,1212.05,112,6,10,300,151.50625,14.0,4,4,3,11,Loyal Customers,1,Core Growth
12465,2011-06-23 13:37:00,2011-11-22 16:34:00,2,742.1899999999999,479,46,17,153,371.09499999999997,239.5,4,2,3,9,Promising,1,Core Growth
12468,2011-01-27 13:29:00,2011-06-05 11:36:00,2,729.5400000000001,366,36,188,129,364.77000000000004,183.0,1,2,3,6,At Risk,0,Big-Ticket Occasionals
12471,2010-12-10 09:35:00,2011-12-07 15:43:00,30,19824.05,8212,150,2,363,660.8016666666666,273.73333333333335,4,4,4,12,Champions,3,Champions
12472,2010-12-05 14:19:00,2011-11-07 14:01:00,7,6572.11,4148,219,32,337,938.8728571428571,592.5714285714286,3,4,4,11,Loyal Customers,3,Champions
12473,2011-06-01 10:15:00,2011-11-10 13:46:00,5,3938.5499999999997,2439,140,29,163,787.7099999999999,487.8,3,3,4,10,Big Spenders,3,Champions
12474,2011-01-14 10:06:00,2011-11-22 14:39:00,18,7375.79,4847,253,17,313,409.7661111111111,269.27777777777777,4,4,4,12,Champions,3,Champions
12475,2011-10-17 10:10:00,2011-10-17 10:10:00,1,723.38,535,36,54,1,723.38,535.0,2,1,3,6,At Risk,0,Big-Ticket Occasionals
12476,2010-12-13 14:39:00,2011-11-24 12:40:00,11,6816.42,2408,177,16,346,619.6745454545454,218.9090909090909,4,4,4,12,Champions,3,Champions
12477,2011-02-11 12:45:00,2011-11-17 09:51:00,6,13219.74,3653,191,23,279,2203.29,608.8333333333334,3,4,4,11,Loyal Customers,3,Champions
12478,2011-12-06 09:56:00,2011-12-06 09:56:00,1,680.99,236,36,4,1,680.99,236.0,4,1,3,8,Promising,1,Core Growth
12479,2011-11-28 13:26:00,2011-11-28 13:26:00,1,527.2,385,31,11,1,527.2,385.0,4,1,2,7,Promising,1,Core Growth
12480,2011-01-07 15:27:00,2011-11-11 14:52:00,4,3281.63,1707,129,28,308,820.4075,426.75,3,3,4,10,Big Spenders,3,Champions
12481,2010-12-09 10:13:00,2011-11-17 08:29:00,10,5596.32,3304,150,23,343,559.632,330.4,3,4,4,11,Loyal Customers,3,Champions
12483,2011-01-04 14:20:00,2011-11-22 17:02:00,8,2484.98,1110,46,17,323,310.6225,138.75,4,4,4,12,Champions,3,Champions
12484,2011-01-07 14:04:00,2011-11-07 11:37:00,6,4541.72,2191,256,33,304,756.9533333333334,365.1666666666667,3,4,4,11,Loyal Customers,3,Champions
12488,2011-09-25 10:34:00,2011-11-30 08:50:00,3,1298.66,529,46,10,66,432.8866666666667,176.33333333333334,4,3,3,10,Hibernating,1,Core Growth
12489,2011-01-07 13:13:00,2011-01-07 13:13:00,1,334.93,105,15,336,1,334.93,105.0,1,1,2,4,Hibernating,0,Big-Ticket Occasionals
12490,2011-01-14 09:13:00,2011-12-04 16:07:00,10,5417.93,3064,131,5,325,541.793,306.4,4,4,4,12,Champions,3,Champions
12491,2011-11-01 12:18:00,2011-11-01 12:18:00,1,460.40000000000003,260,25,39,1,460.40000000000003,260.0,3,1,2,6,Promising,0,Big-Ticket Occasionals
12492,2011-08-26 14:51:00,2011-10-07 15:15:00,2,263.21000000000004,192,19,63,43,131.60500000000002,96.0,2,2,1,5,Hibernating,2,Hibernating
12493,2011-05-26 14:53:00,2011-06-27 10:17:00,2,433.74,207,20,166,32,216.87,103.5,1,2,2,5,Hibernating,0,Big-Ticket Occasionals
12494,2010-12-09 11:31:00,2011-11-24 09:34:00,7,1246.1000000000001,707,63,16,350,178.01428571428573,101.0,4,4,3,11,Loyal Customers,1,Core Growth
12497,2011-09-19 12:29:00,2011-09-19 12:29:00,1,1043.1,1236,14,82,1,1043.1,1236.0,2,1,3,6,At Risk,0,Big-Ticket Occasionals
12498,2011-10-13 09:30:00,2011-11-18 12:53:00,3,403.70000000000005,159,21,21,37,134.5666666666667,53.0,3,3,2,8,Hibernating,1,Core Growth
12500,2011-01-10 09:48:00,2011-11-16 16:20:00,11,4257.82,2678,34,23,311,387.07454545454544,243.45454545454547,3,4,4,11,Loyal Customers,3,Champions
12501,2011-01-07 12:28:00,2011-01-07 12:28:00,1,2169.39,1783,149,337,1,2169.39,1783.0,1,1,4,6,At Risk,0,Big-Ticket Occasionals
12502,2011-02-03 10:41:00,2011-09-05 11:52:00,5,3723.87,820,102,96,215,744.774,164.0,2,3,4,9,Big Spenders,0,Big-Ticket Occasionals
12504,2011-11-09 14:56:00,2011-11-21 16:02:00,2,482.04999999999995,90,6,18,13,241.02499999999998,45.0,4,2,2,8,Promising,1,Core Growth
12506,2011-04-21 08:54:00,2011-04-21 08:54:00,1,73.5,23,23,233,1,73.5,23.0,1,1,1,3,Hibernating,2,Hibernating
12507,2011-02-14 09:24:00,2011-07-28 17:09:00,3,1304.81,894,19,134,165,434.93666666666667,298.0,2,3,3,8,At Risk,0,Big-Ticket Occasionals
12508,2011-11-10 16:27:00,2011-11-13 15:37:00,2,398.27,272,57,26,3,199.135,136.0,3,2,2,7,Promising,1,Core Growth
12509,2011-02-28 14:45:00,2011-02-28 14:45:00,1,176.5,55,7,284,1,176.5,55.0,1,1,1,3,Hibernating,2,Hibernating
12510,2011-01-18 14:04:00,2011-07-20 10:15:00,2,982.5699999999999,353,29,143,183,491.28499999999997,176.5,1,2,3,6,At Risk,0,Big-Ticket Occasionals
12512,2011-10-04 14:53:00,2011-10-04 14:55:00,2,138.03,99,31,66,1,69.015,49.5,2,2,1,5,Hibernating,2,Hibernating
12513,2011-08-19 10:51:00,2011-08-19 10:51:00,1,612.29,462,35,113,1,612.29,462.0,2,1,2,5,Hibernating,0,Big-Ticket Occasionals
12514,2011-03-17 16:38:00,2011-03-17 16:38:00,1,1017.68,440,51,267,1,1017.68,440.0,1,1,3,5,At Risk,0,Big-Ticket Occasionals
12515,2010-12-21 15:43:00,2010-12-21 15:43:00,1,383.7,131,16,353,1,383.7,131.0,1,1,2,4,Hibernating,0,Big-Ticket Occasionals
12516,2011-06-12 11:37:00,2011-09-23 09:13:00,2,1312.06,875,20,78,103,656.03,437.5,2,2,3,7,At Risk,0,Big-Ticket Occasionals
12517,2011-06-02 15:13:00,2011-11-11 14:04:00,5,2502.84,1371,232,28,162,500.56800000000004,274.2,3,3,4,10,Big Spenders,3,Champions
12518,2011-08-21 13:18:00,2011-12-09 10:13:00,5,2056.89,1318,84,1,110,411.378,263.6,4,3,4,11,Big Spenders,3,Champions
12519,2011-10-07 09:26:00,2011-10-07 09:26:00,1,340.84,183,17,64,1,340.84,183.0,2,1,2,5,Hibernating,0,Big-Ticket Occasionals
12520,2011-03-11 11:35:00,2011-09-21 15:23:00,5,2634.26,1439,121,79,195,526.8520000000001,287.8,2,3,4,9,Big Spenders,3,Champions
12521,2011-07-20 10:51:00,2011-07-20 10:51:00,1,599.68,309,38,143,1,599.68,309.0,1,1,2,4,Hibernating,0,Big-Ticket Occasionals
12522,2011-10-19 14:41:00,2011-10-31 15:30:00,2,192.72,194,11,39,13,96.36,97.0,3,2,1,6,Promising,2,Hibernating
12523,2011-01-12 09:43:00,2011-11-20 12:55:00,11,1789.77,865,84,19,313,162.70636363636365,78.63636363636364,3,4,4,11,Loyal Customers,1,Core Growth
12524,2011-01-10 10:35:00,2011-11-30 15:31:00,8,4485.72,3699,113,9,325,560.715,462.375,4,4,4,12,Champions,3,Champions
12526,2011-09-06 14:19:00,2011-12-09 12:09:00,3,1316.66,632,64,1,94,438.8866666666667,210.66666666666666,4,3,3,10,Hibernating,1,Core Growth
12527,2011-01-18 12:05:00,2011-09-19 11:55:00,3,348.71000000000004,234,18,82,244,116.23666666666668,78.0,2,3,2,7,At Risk,2,Hibernating
12528,2011-01-31 09:05:00,2011-11-30 14:40:00,6,1933.48,756,50,9,304,322.24666666666667,126.0,4,4,4,12,Champions,1,Core Growth
12530,2011-01-07 10:04:00,2011-10-11 12:34:00,4,1662.28,913,51,60,278,415.57,228.25,2,3,4,9,Big Spenders,0,Big-Ticket Occasionals
12531,2011-11-25 11:12:00,2011-11-25 11:12:00,1,125.22,45,17,15,1,125.22,45.0,4,1,1,6,Promising,2,Hibernating
12532,2011-11-09 13:47:00,2011-11-09 13:47:00,1,349.83000000000004,153,16,30,1,349.83000000000004,153.0,3,1,2,6,Promising,0,Big-Ticket Occasionals
12534,2011-08-01 10:26:00,2011-08-01 10:26:00,1,1089.18,651,63,131,1,1089.18,651.0,2,1,3,6,At Risk,0,Big-Ticket Occasionals
12535,2011-06-06 12:47:00,2011-09-09 08:48:00,2,716.35,219,28,92,95,358.175,109.5,2,2,3,7,At Risk,0,Big-Ticket Occasionals
12536,2011-10-11 14:52:00,2011-10-27 14:20:00,3,12601.830000000002,2803,260,43,16,4200.610000000001,934.3333333333334,3,3,4,10,Big Spenders,3,Champions
12538,2011-11-10 17:16:00,2011-11-10 17:16:00,1,363.95,191,21,29,1,363.95,191.0,3,1,2,6,Promising,0,Big-Ticket Occasionals
12539,2011-01-10 09:11:00,2011-11-17 13:30:00,4,5568.35,2067,157,22,312,1392.0875,516.75,3,3,4,10,Big Spenders,3,Champions
12540,2010-12-13 09:39:00,2011-11-20 11:31:00,17,13400.24,6685,277,20,343,788.2494117647059,393.2352941176471,3,4,4,11,Loyal Customers,3,Champions
12541,2011-03-04 09:32:00,2011-11-10 10:40:00,3,981.18,680,46,30,252,327.06,226.66666666666666,3,3,3,9,Hibernating,1,Core Growth
12544,2011-11-03 16:15:00,2011-11-03 16:15:00,1,372.7,136,19,36,1,372.7,136.0,3,1,2,6,Promising,0,Big-Ticket Occasionals
12545,2011-03-25 12:04:00,2011-09-25 13:39:00,2,1000.39,523,42,75,185,500.195,261.5,2,2,3,7,At Risk,0,Big-Ticket Occasionals
12546,2011-09-23 09:44:00,2011-10-24 12:09:00,2,1161.5,633,59,47,32,580.75,316.5,3,2,3,8,Promising,0,Big-Ticket Occasionals
12547,2011-03-04 12:46:00,2011-05-26 12:38:00,2,207.79999999999998,134,7,198,83,103.89999999999999,67.0,1,2,1,4,Hibernating,2,Hibernating
12548,2011-06-26 15:35:00,2011-06-26 15:35:00,1,95.19999999999999,49,5,166,1,95.19999999999999,49.0,1,1,1,3,Hibernating,2,Hibernating
12550,2011-09-21 14:35:00,2011-09-21 14:35:00,1,964.83,569,57,79,1,964.83,569.0,2,1,3,6,At Risk,0,Big-Ticket Occasionals
12551,2010-12-17 11:23:00,2010-12-17 11:23:00,1,168.0,100,10,358,1,168.0,100.0,1,1,1,3,Hibernating,2,Hibernating
12552,2011-10-31 12:11:00,2011-11-01 10:02:00,2,437.82,88,20,39,1,218.91,44.0,3,2,2,7,Promising,2,Hibernating
12553,2011-01-14 10:42:00,2011-12-01 16:38:00,10,3692.28,1965,95,8,322,369.228,196.5,4,4,4,12,Champions,3,Champions
12556,2011-07-11 13:35:00,2011-10-20 13:06:00,2,603.71,358,100,50,101,301.855,179.0,3,2,2,7,Promising,0,Big-Ticket Occasionals
12557,2010-12-03 12:20:00,2011-11-23 16:59:00,5,11990.960000000001,4384,15,16,356,2398.192,876.8,4,3,4,11,Big Spenders,3,Champions
12558,2011-12-02 10:41:00,2011-12-02 10:41:00,1,269.96,196,11,8,1,269.96,196.0,4,1,1,6,Promising,1,Core Growth
12559,2011-01-24 10:12:00,2011-02-02 09:49:00,2,561.71,283,21,311,9,280.855,141.5,1,2,2,5,Hibernating,0,Big-Ticket Occasionals
12560,2011-07-19 15:55:00,2011-12-04 13:54:00,3,2134.01,1110,91,5,138,711.3366666666667,370.0,4,3,4,11,Big Spenders,3,Champions
12561,2011-02-10 11:39:00,2011-02-10 11:39:00,1,238.85,177,16,303,1,238.85,177.0,1,1,1,3,Hibernating,2,Hibernating
12562,2011-05-25 12:44:00,2011-12-01 17:20:00,7,3781.7400000000002,1779,99,8,191,540.2485714285715,254.14285714285714,4,4,4,12,Champions,3,Champions
12564,2011-03-23 14:55:00,2011-03-23 14:55:00,1,456.9,133,21,261,1,456.9,133.0,1,1,2,4,Hibernating,0,Big-Ticket Occasionals
12565,2011-02-24 10:34:00,2011-02-24 10:34:00,1,145.92,80,9,289,1,145.92,80.0,1,1,1,3,Hibernating,2,Hibernating
12566,2011-09-14 14:30:00,2011-09-14 14:30:00,1,351.65,265,19,86,1,351.65,265.0,2,1,2,5,Hibernating,0,Big-Ticket Occasionals
12567,2010-12-05 11:57:00,2011-11-17 11:02:00,10,9401.28,4305,323,23,347,940.128,430.5,3,4,4,11,Loyal Customers,3,Champions
12569,2011-04-01 13:47:00,2011-12-07 16:24:00,32,4124.69,1801,92,2,251,128.8965625,56.28125,4,4,4,12,Champions,3,Champions
12571,2011-08-10 12:35:00,2011-10-31 10:19:00,2,519.61,523,31,40,82,259.805,261.5,3,2,2,7,Promising,1,Core Growth
12572,2011-10-19 08:20:00,2011-12-01 09:20:00,2,1020.42,452,53,9,44,510.21,226.0,4,2,3,9,Promising,1,Core Growth
12573,2011-04-26 15:52:00,2011-04-26 15:52:00,1,160.54000000000002,84,26,227,1,160.54000000000002,84.0,1,1,1,3,Hibernating,2,Hibernating
12574,2011-01-28 09:20:00,2011-01-28 09:20:00,1,218.45,61,11,316,1,218.45,61.0,1,1,1,3,Hibernating,2,Hibernating
12576,2011-02-08 11:31:00,2011-11-04 10:11:00,5,1315.83,967,72,36,269,263.166,193.4,3,3,3,9,Hibernating,1,Core Growth
12577,2010-12-15 16:21:00,2011-11-04 13:24:00,3,657.8,472,137,35,324,219.26666666666665,157.33333333333334,3,3,2,8,Hibernating,1,Core Growth
12578,2011-01-13 15:34:00,2011-11-18 13:30:00,2,2794.51,1196,111,21,309,1397.255,598.0,3,2,4,9,Big Spenders,0,Big-Ticket Occasionals
12579,2011-09-22 17:15:00,2011-09-22 17:15:00,1,440.42,285,29,78,1,440.42,285.0,2,1,2,5,Hibernating,0,Big-Ticket Occasionals
12580,2011-04-07 10:24:00,2011-04-07 10:24:00,1,415.7,238,24,247,1,415.7,238.0,1,1,2,4,Hibernating,0,Big-Ticket Occasionals
12581,2011-10-31 08:56:00,2011-10-31 08:56:00,1,197.71,161,15,40,1,197.71,161.0,3,1,1,5,Promising,2,Hibernating
12582,2011-02-24 11:42:00,2011-04-15 08:45:00,2,511.36,300,21,239,50,255.68,150.0,1,2,2,5,Hibernating,0,Big-Ticket Occasionals
12583,2010-12-01 08:45:00,2011-12-07 08:07:00,15,7281.38,5060,115,3,371,485.42533333333336,337.3333333333333,4,4,4,12,Champions,3,Champions
12584,2011-03-04 15:15:00,2011-12-06 09:35:00,9,2338.15,416,44,4,277,259.7944444444445,46.22222222222222,4,4,4,12,Champions,3,Champions
12585,2010-12-23 12:58:00,2011-04-19 13:39:00,2,2040.1,1279,77,234,118,1020.05,639.5,1,2,4,7,At Risk,0,Big-Ticket Occasionals
12586,2011-11-22 16:24:00,2011-11-22 16:24:00,1,196.94000000000003,79,11,17,1,196.94000000000003,79.0,4,1,1,6,Promising,2,Hibernating
12587,2011-12-02 12:47:00,2011-12-02 12:47:00,1,144.0,51,4,8,1,144.0,51.0,4,1,1,6,Promising,2,Hibernating
12588,2011-10-31 15:01:00,2011-10-31 15:01:00,1,214.89999999999998,53,10,39,1,214.89999999999998,53.0,3,1,1,5,Promising,2,Hibernating
12589,2011-07-18 12:05:00,2011-11-11 10:19:00,2,646.68,306,29,29,116,323.34,153.0,3,2,2,7,Promising,1,Core Growth
12590,2011-05-12 14:46:00,2011-05-12 14:52:00,2,9864.26,4283,68,211,1,4932.13,2141.5,1,2,4,7,At Risk,0,Big-Ticket Occasionals
12591,2011-01-26 14:35:00,2011-01-26 14:35:00,1,452.84999999999997,228,26,317,1,452.84999999999997,228.0,1,1,2,4,Hibernating,0,Big-Ticket Occasionals
12592,2011-05-10 13:44:00,2011-09-08 15:04:00,2,437.6,290,11,92,122,218.8,145.0,2,2,2,6,Hibernating,0,Big-Ticket Occasionals
12593,2011-05-05 09:29:00,2011-08-23 12:43:00,3,418.09999999999997,206,14,109,111,139.36666666666665,68.66666666666667,2,3,2,7,At Risk,2,Hibernating
12594,2011-01-21 09:52:00,2011-11-02 12:20:00,10,3338.2200000000003,1777,50,38,286,333.822,177.7,3,4,4,11,Loyal Customers,3,Champions
12596,2011-04-11 13:22:00,2011-10-19 13:02:00,2,618.27,474,25,51,191,309.135,237.0,3,2,2,7,Promising,0,Big-Ticket Occasionals
12597,2011-03-16 14:00:00,2011-11-20 13:33:00,4,3811.22,2236,184,19,249,952.805,559.0,3,3,4,10,Big Spenders,3,Champions
12598,2011-02-28 11:58:00,2011-11-30 12:18:00,8,3023.08,1964,84,10,276,377.885,245.5,4,4,4,12,Champions,3,Champions
12599,2011-02-08 13:28:00,2011-11-10 13:34:00,7,1032.58,956,32,29,276,147.51142857142855,136.57142857142858,3,4,3,10,Loyal Customers,1,Core Growth
12600,2010-12-03 12:57:00,2011-11-11 10:29:00,10,2599.04,774,32,29,343,259.904,77.4,3,4,4,11,Loyal Customers,3,Champions
12601,2011-01-11 10:38:00,2011-06-03 10:17:00,5,577.0600000000001,245,21,190,143,115.412,49.0,1,3,2,6,At Risk,2,Hibernating
12602,2011-10-12 11:22:00,2011-10-12 11:22:00,1,153.12,162,12,59,1,153.12,162.0,2,1,1,4,Hibernating,2,Hibernating
12603,2011-11-18 10:42:00,2011-11-18 10:42:00,1,739.1999999999999,63,2,22,1,739.1999999999999,63.0,3,1,3,7,Promising,0,Big-Ticket Occasionals
12604,2011-03-23 12:06:00,2011-09-21 14:08:00,2,254.18,201,15,79,183,127.09,100.5,2,2,1,5,Hibernating,2,Hibernating
12607,2011-10-10 16:06:00,2011-10-10 16:06:00,1,1579.51,1228,101,60,1,1579.51,1228.0,2,1,3,6,At Risk,0,Big-Ticket Occasionals
12609,2011-01-25 15:13:00,2011-09-22 16:34:00,3,1126.85,648,57,78,241,375.6166666666666,216.0,2,3,3,8,At Risk,0,Big-Ticket Occasionals
12610,2011-08-05 13:52:00,2011-11-17 09:34:00,5,2099.54,1049,85,23,104,419.908,209.8,3,3,4,10,Big Spenders,3,Champions
12611,2011-10-18 13:12:00,2011-10-18 13:12:00,1,1193.32,846,65,52,1,1193.32,846.0,2,1,3,6,At Risk,0,Big-Ticket Occasionals
12612,2011-09-26 15:35:00,2011-09-26 15:35:00,1,704.0400000000001,262,19,74,1,704.0400000000001,262.0,2,1,3,6,At Risk,0,Big-Ticket Occasionals
12613,2011-03-22 15:42:00,2011-10-13 14:59:00,5,3344.38,1644,124,57,205,668.876,328.8,2,3,4,9,Big Spenders,3,Champions
12614,2011-03-07 10:22:00,2011-03-07 10:22:00,1,315.6,76,20,278,1,315.6,76.0,1,1,2,4,Hibernating,2,Hibernating
12615,2011-06-24 13:35:00,2011-12-07 15:02:00,4,2291.19,1376,82,2,167,572.7975,344.0,4,3,4,11,Big Spenders,3,Champions
12616,2011-02-15 14:17:00,2011-09-05 15:17:00,2,713.3,284,25,95,203,356.65,142.0,2,2,3,7,At Risk,0,Big-Ticket Occasionals
12617,2011-11-10 14:39:00,2011-11-10 14:39:00,1,355.53,213,39,29,1,355.53,213.0,3,1,2,6,Promising,0,Big-Ticket Occasionals
12618,2011-11-18 11:10:00,2011-11-18 11:10:00,1,177.31,96,11,22,1,177.31,96.0,3,1,1,5,Promising,2,Hibernating
12619,2011-03-31 13:10:00,2011-11-23 14:52:00,9,3641.24,3378,50,16,238,404.5822222222222,375.3333333333333,4,4,4,12,Champions,3,Champions
12620,2011-05-19 12:10:00,2011-11-25 10:20:00,3,1339.41,1181,89,15,190,446.47,393.6666666666667,4,3,3,10,Hibernating,1,Core Growth
12621,2010-12-09 10:16:00,2011-12-08 11:25:00,20,13689.67,7440,261,2,365,684.4835,372.0,4,4,4,12,Champions,3,Champions
12622,2011-04-21 16:39:00,2011-04-21 16:39:00,1,180.1,69,11,232,1,180.1,69.0,1,1,1,3,Hibernating,2,Hibernating
12623,2011-03-08 13:50:00,2011-03-08 13:50:00,1,305.1,191,18,276,1,305.1,191.0,1,1,1,3,Hibernating,0,Big-Ticket Occasionals
12624,2011-06-15 12:34:00,2011-08-25 15:04:00,2,641.13,355,36,106,72,320.565,177.5,2,2,2,6,Hibernating,0,Big-Ticket Occasionals
12625,2011-01-24 13:27:00,2011-05-12 09:54:00,2,2683.82,1612,73,212,108,1341.91,806.0,1,2,4,7,At Risk,0,Big-Ticket Occasionals
12626,2011-01-17 11:01:00,2011-11-16 16:06:00,9,6620.48,3453,232,23,304,735.6088888888888,383.6666666666667,3,4,4,11,Loyal Customers,3,Champions
12627,2011-07-22 13:59:00,2011-11-29 12:07:00,7,4478.53,2752,162,11,130,639.79,393.14285714285717,4,4,4,12,Champions,3,Champions
12628,2011-10-06 09:28:00,2011-12-05 13:15:00,3,786.46,448,34,4,61,262.15333333333336,149.33333333333334,4,3,3,10,Hibernating,1,Core Growth
12630,2011-10-27 10:41:00,2011-11-30 10:48:00,2,1270.88,548,60,10,35,635.44,274.0,4,2,3,9,Promising,1,Core Growth
12631,2011-10-13 13:53:00,2011-10-13 13:53:00,1,640.5,236,31,57,1,640.5,236.0,2,1,2,5,Hibernating,0,Big-Ticket Occasionals
12633,2011-02-25 08:44:00,2011-10-12 11:40:00,4,2163.98,1162,73,59,230,540.995,290.5,2,3,4,9,Big Spenders,0,Big-Ticket Occasionals
12635,2011-07-08 08:43:00,2011-09-11 11:04:00,2,1689.18,1172,96,90,66,844.59,586.0,2,2,4,8,Big Spenders,0,Big-Ticket Occasionals
12637,2011-01-20 10:47:00,2011-10-03 13:46:00,8,6021.9,3002,205,67,257,752.7375,375.25,2,4,4,10,Loyal Customers,3,Champions
12638,2011-11-06 13:11:00,2011-11-06 13:11:00,1,671.69,577,39,33,1,671.69,577.0,3,1,2,6,Promising,0,Big-Ticket Occasionals
12639,2011-04-15 12:48:00,2011-04-15 12:48:00,1,486.1,201,22,239,1,486.1,201.0,1,1,2,4,Hibernating,0,Big-Ticket Occasionals
12640,2011-09-19 12:01:00,2011-11-16 11:52:00,3,1174.58,311,47,24,58,391.52666666666664,103.66666666666667,3,3,3,9,Hibernating,1,Core Growth
12641,2011-08-16 13:26:00,2011-08-16 13:26:00,1,185.9,72,10,115,1,185.9,72.0,2,1,1,4,Hibernating,2,Hibernating
12642,2011-08-24 09:23:00,2011-11-14 15:03:00,3,1013.26,552,39,25,83,337.75333333333333,184.0,3,3,3,9,Hibernating,1,Core Growth
12643,2011-01-11 11:48:00,2011-08-03 12:56:00,6,3344.64,1808,11,128,205,557.4399999999999,301.3333333333333,2,4,4,10,Loyal Customers,3,Champions
12644,2011-08-02 10:33:00,2011-08-02 10:33:00,1,477.91,325,31,130,1,477.91,325.0,2,1,2,5,Hibernating,0,Big-Ticket Occasionals
12645,2011-01-27 13:08:00,2011-11-06 12:38:00,4,1775.18,1084,58,34,283,443.795,271.0,3,3,4,10,Big Spenders,1,Core Growth
12646,2011-10-21 12:52:00,2011-12-05 10:14:00,2,1346.97,897,43,5,45,673.485,448.5,4,2,3,9,Promising,1,Core Growth
12647,2010-12-05 14:02:00,2011-11-17 12:56:00,12,3722.82,1431,78,22,347,310.235,119.25,3,4,4,11,Loyal Customers,3,Champions
12648,2011-07-08 11:55:00,2011-07-08 11:55:00,1,318.05,160,21,155,1,318.05,160.0,1,1,2,4,Hibernating,0,Big-Ticket Occasionals
12649,2011-05-11 14:37:00,2011-08-24 14:41:00,3,623.51,586,28,107,106,207.83666666666667,195.33333333333334,2,3,2,7,At Risk,0,Big-Ticket Occasionals
12650,2011-12-06 16:34:00,2011-12-06 16:34:00,1,314.44,254,20,3,1,314.44,254.0,4,1,2,7,Promising,1,Core Growth
12651,2011-01-09 12:46:00,2011-01-09 12:46:00,1,114.0,78,9,335,1,114.0,78.0,1,1,1,3,Hibernating,2,Hibernating
12652,2011-01-12 15:00:00,2011-01-12 15:00:00,1,919.98,505,48,331,1,919.98,505.0,1,1,3,5,At Risk,0,Big-Ticket Occasionals
12653,2011-02-16 10:53:00,2011-07-14 10:41:00,2,2209.85,919,37,149,148,1104.925,459.5,1,2,4,7,At Risk,0,Big-Ticket Occasionals
12654,2011-02-17 13:16:00,2011-11-29 10:10:00,5,601.98,264,31,11,285,120.396,52.8,4,3,2,9,Hibernating,1,Core Growth
12656,2011-04-20 09:20:00,2011-11-22 13:42:00,5,4051.17,1723,89,17,217,810.234,344.6,4,3,4,11,Big Spenders,3,Champions
12657,2011-09-22 11:40:00,2011-11-28 15:47:00,4,1643.18,1044,35,11,68,410.795,261.0,4,3,3,10,Hibernating,1,Core Growth
12658,2011-11-21 10:22:00,2011-11-21 10:22:00,1,686.05,320,36,19,1,686.05,320.0,3,1,3,7,Promising,0,Big-Ticket Occasionals
12659,2011-11-10 11:53:00,2011-11-10 11:53:00,1,91.68,105,5,30,1,91.68,105.0,3,1,1,5,Promising,2,Hibernating
12660,2011-11-28 13:26:00,2011-11-28 13:26:00,1,245.1,127,13,11,1,245.1,127.0,4,1,1,6,Promising,1,Core Growth
12662,2010-12-01 13:04:00,2011-12-09 11:59:00,11,3849.78,2058,129,1,373,349.98,187.0909090909091,4,4,4,12,Champions,3,Champions
12664,2011-01-21 11:42:00,2011-12-01 17:07:00,9,4881.88,1203,10,8,315,542.4311111111111,133.66666666666666,4,4,4,12,Champions,3,Champions
12665,2011-01-19 08:34:00,2011-01-19 08:34:00,1,63.0,37,3,325,1,63.0,37.0,1,1,1,3,Hibernating,2,Hibernating
12667,2011-10-12 17:00:00,2011-10-12 17:00:00,1,620.13,395,33,58,1,620.13,395.0,2,1,2,5,Hibernating,0,Big-Ticket Occasionals
12668,2010-12-19 12:46:00,2011-11-28 10:56:00,4,3807.15,1634,115,12,344,951.7875,408.5,4,3,4,11,Big Spenders,3,Champions
12669,2011-03-28 10:15:00,2011-07-12 09:54:00,3,2744.0299999999997,1115,98,151,106,914.6766666666666,371.6666666666667,1,3,4,8,At Risk,0,Big-Ticket Occasionals
12670,2011-04-21 10:16:00,2011-11-29 15:23:00,5,2996.05,1397,58,10,223,599.21,279.4,4,3,4,11,Big Spenders,3,Champions
12672,2011-01-14 09:20:00,2011-01-14 09:20:00,1,225.89999999999998,78,10,330,1,225.89999999999998,78.0,1,1,1,3,Hibernating,2,Hibernating
12673,2011-01-17 11:46:00,2011-12-04 13:55:00,2,610.52,351,42,5,322,305.26,175.5,4,2,2,8,Promising,1,Core Growth
12674,2011-05-16 09:10:00,2011-11-01 12:12:00,4,1970.6,1133,52,39,170,492.65,283.25,3,3,4,10,Big Spenders,1,Core Growth
12676,2011-02-01 15:41:00,2011-11-15 12:25:00,6,1331.39,670,33,25,287,221.89833333333334,111.66666666666667,3,4,3,10,Loyal Customers,1,Core Growth
12678,2010-12-21 11:00:00,2011-10-28 13:04:00,12,17628.46,10923,105,42,312,1469.0383333333332,910.25,3,4,4,11,Loyal Customers,3,Champions
12679,2011-03-01 12:26:00,2011-10-12 12:30:00,4,1113.02,554,43,59,226,278.255,138.5,2,3,3,8,At Risk,1,Core Growth
12680,2011-08-18 15:44:00,2011-12-09 12:50:00,4,862.81,443,33,1,113,215.7025,110.75,4,3,3,10,Hibernating,1,Core Growth
12681,2010-12-07 10:08:00,2011-11-25 11:33:00,22,13787.54,7536,267,15,354,626.7063636363637,342.54545454545456,4,4,4,12,Champions,3,Champions
12682,2010-12-03 13:59:00,2011-12-06 10:00:00,31,12288.22,5575,209,4,368,396.3941935483871,179.83870967741936,4,4,4,12,Champions,3,Champions
12683,2010-12-09 10:37:00,2011-12-05 16:31:00,15,8476.57,4987,177,4,362,565.1046666666666,332.46666666666664,4,4,4,12,Champions,3,Champions
12684,2011-05-10 12:55:00,2011-12-02 09:53:00,7,2283.63,1985,61,8,206,326.23285714285714,283.57142857142856,4,4,4,12,Champions,3,Champions
12685,2011-09-07 10:28:00,2011-11-11 13:46:00,6,2863.08,1523,117,28,66,477.18,253.83333333333334,3,4,4,11,Loyal Customers,3,Champions
12686,2010-12-03 09:51:00,2010-12-03 09:51:00,1,89.14,107,7,372,1,89.14,107.0,1,1,1,3,Hibernating,2,Hibernating
12688,2011-08-18 08:49:00,2011-08-18 08:49:00,1,4873.8099999999995,3028,171,114,1,4873.8099999999995,3028.0,2,1,4,7,Big Spenders,0,Big-Ticket Occasionals
12689,2011-08-04 10:04:00,2011-11-14 08:31:00,2,1247.61,628,57,26,102,623.805,314.0,3,2,3,8,Promising,0,Big-Ticket Occasionals
12690,2011-05-18 09:09:00,2011-05-18 09:09:00,1,389.01,106,16,206,1,389.01,106.0,1,1,2,4,Hibernating,0,Big-Ticket Occasionals
12691,2010-12-17 14:46:00,2011-11-11 16:49:00,6,1035.8,394,21,28,330,172.63333333333333,65.66666666666667,3,4,3,10,Loyal Customers,1,Core Growth
12693,2011-01-24 12:58:00,2011-08-04 17:51:00,4,855.91,255,35,127,193,213.9775,63.75,2,3,3,8,At Risk,0,Big-Ticket Occasionals
12694,2011-06-09 17:48:00,2011-09-30 13:06:00,2,869.67,509,32,70,113,434.835,254.5,2,2,3,7,At Risk,0,Big-Ticket Occasionals
12695,2011-05-13 13:15:00,2011-12-02 13:22:00,4,582.1,220,23,7,204,145.525,55.0,4,3,2,9,Hibernating,1,Core Growth
12697,2011-06-23 15:44:00,2011-11-11 08:47:00,3,957.59,508,37,29,141,319.19666666666666,169.33333333333334,3,3,3,9,Hibernating,1,Core Growth
12700,2011-05-08 16:10:00,2011-12-02 10:47:00,4,4939.99,2967,193,8,208,1234.9975,741.75,4,3,4,11,Big Spenders,3,Champions
12701,2011-04-11 13:02:00,2011-09-21 10:47:00,2,797.71,678,50,80,163,398.855,339.0,2,2,3,7,At Risk,0,Big-Ticket Occasionals
12702,2011-11-20 10:36:00,2011-11-20 10:36:00,1,219.0,53,12,20,1,219.0,53.0,3,1,1,5,Promising,2,Hibernating
12703,2011-09-29 17:52:00,2011-09-29 17:52:00,1,283.55,164,21,71,1,283.55,164.0,2,1,1,4,Hibernating,2,Hibernating
12704,2011-06-23 10:20:00,2011-12-02 13:15:00,8,2340.84,1006,64,7,163,292.605,125.75,4,4,4,12,Champions,3,Champions
12705,2010-12-17 15:58:00,2011-11-24 13:17:00,9,6868.29,3997,228,15,342,763.1433333333333,444.1111111111111,4,4,4,12,Champions,3,Champions
12707,2011-02-21 08:38:00,2011-02-21 08:38:00,1,603.42,256,33,292,1,603.42,256.0,1,1,2,4,Hibernating,0,Big-Ticket Occasionals
12708,2010-12-06 10:43:00,2011-11-10 09:52:00,10,2712.91,1307,86,30,339,271.291,130.7,3,4,4,11,Loyal Customers,3,Champions
12709,2010-12-08 09:49:00,2011-11-24 15:38:00,15,9736.52,3936,93,15,352,649.1013333333334,262.4,4,4,4,12,Champions,3,Champions
12710,2011-05-22 14:05:00,2011-09-04 12:00:00,3,1149.02,851,75,97,105,383.00666666666666,283.6666666666667,2,3,3,8,At Risk,0,Big-Ticket Occasionals
12712,2010-12-03 14:30:00,2011-11-11 08:19:00,13,4396.13,1062,58,29,343,338.1638461538462,81.6923076923077,3,4,4,11,Loyal Customers,3,Champions
12713,2011-12-09 12:16:00,2011-12-09 12:16:00,1,848.55,508,38,1,1,848.55,508.0,4,1,3,8,Promising,1,Core Growth
12714,2011-02-18 10:53:00,2011-11-30 15:43:00,5,4708.86,3069,216,9,286,941.7719999999999,613.8,4,3,4,11,Big Spenders,3,Champions
12715,2011-08-25 15:22:00,2011-08-25 15:22:00,1,353.86,197,20,106,1,353.86,197.0,2,1,2,5,Hibernating,0,Big-Ticket Occasionals
12716,2011-07-29 13:28:00,2011-12-06 08:55:00,2,1053.49,708,60,4,130,526.745,354.0,4,2,3,9,Promising,1,Core Growth
12717,2011-04-08 10:32:00,2011-07-11 14:47:00,2,1030.98,506,49,151,95,515.49,253.0,1,2,3,6,At Risk,0,Big-Ticket Occasionals
12718,2011-09-29 16:38:00,2011-09-29 16:38:00,1,238.25,203,19,71,1,238.25,203.0,2,1,1,4,Hibernating,2,Hibernating
12719,2011-10-05 14:50:00,2011-12-04 13:45:00,2,644.95,374,34,5,60,322.475,187.0,4,2,2,8,Promising,1,Core Growth
12720,2010-12-05 15:21:00,2011-12-07 08:03:00,25,5781.73,4672,211,3,367,231.26919999999998,186.88,4,4,4,12,Champions,3,Champions
12721,2010-12-20 11:38:00,2011-11-08 12:13:00,6,2656.13,1959,133,32,324,442.68833333333333,326.5,3,4,4,11,Loyal Customers,3,Champions
12722,2011-07-12 11:55:00,2011-09-15 14:50:00,4,997.63,566,50,85,66,249.4075,141.5,2,3,3,8,At Risk,1,Core Growth
12723,2011-10-05 15:52:00,2011-12-06 10:19:00,5,725.07,434,53,4,62,145.014,86.8,4,3,3,10,Hibernating,1,Core Growth
12724,2011-01-11 15:00:00,2011-12-04 16:02:00,4,1031.41,445,47,5,328,257.8525,111.25,4,3,3,10,Hibernating,1,Core Growth
12725,2010-12-03 15:45:00,2010-12-03 15:45:00,1,427.8,164,24,371,1,427.8,164.0,1,1,2,4,Hibernating,0,Big-Ticket Occasionals
12726,2010-12-17 12:56:00,2011-11-11 13:35:00,7,2609.1,3143,57,28,330,372.7285714285714,449.0,3,4,4,11,Loyal Customers,3,Champions
12727,2011-01-23 15:17:00,2011-11-29 11:46:00,7,3980.7,2098,109,11,310,568.6714285714286,299.7142857142857,4,4,4,12,Champions,3,Champions
12728,2011-01-11 13:31:00,2011-09-29 15:31:00,4,836.33,419,38,71,262,209.0825,104.75,2,3,3,8,At Risk,1,Core Growth
12729,2011-08-18 11:40:00,2011-08-18 11:40:00,1,453.01,233,26,114,1,453.01,233.0,2,1,2,5,Hibernating,0,Big-Ticket Occasionals
12731,2010-12-10 10:56:00,2011-11-16 11:59:00,12,18895.91,8437,109,24,342,1574.6591666666666,703.0833333333334,3,4,4,11,Loyal Customers,3,Champions
12732,2011-06-13 11:33:00,2011-06-13 11:33:00,1,236.26000000000002,111,12,180,1,236.26000000000002,111.0,1,1,1,3,Hibernating,2,Hibernating
12733,2011-04-19 16:19:00,2011-04-19 16:19:00,1,383.95,137,22,234,1,383.95,137.0,1,1,2,4,Hibernating,0,Big-Ticket Occasionals
12734,2010-12-22 12:47:00,2010-12-22 12:47:00,1,110.39999999999999,88,4,353,1,110.39999999999999,88.0,1,1,1,3,Hibernating,2,Hibernating
12735,2011-01-06 14:26:00,2011-01-28 13:37:00,2,779.5699999999999,368,38,315,22,389.78499999999997,184.0,1,2,3,6,At Risk,0,Big-Ticket Occasionals
12736,2011-01-11 07:57:00,2011-01-11 07:57:00,1,234.0,173,4,333,1,234.0,173.0,1,1,1,3,Hibernating,2,Hibernating
12738,2010-12-02 18:27:00,2010-12-02 18:27:00,1,155.35,148,11,372,1,155.35,148.0,1,1,1,3,Hibernating,2,Hibernating
12739,2011-09-01 17:45:00,2011-09-22 13:00:00,2,1013.04,486,38,78,21,506.52,243.0,2,2,3,7,At Risk,0,Big-Ticket Occasionals
12740,2011-10-07 10:44:00,2011-10-07 10:44:00,1,427.6,342,27,64,1,427.6,342.0,2,1,2,5,Hibernating,0,Big-Ticket Occasionals
12743,2011-07-28 16:06:00,2011-07-28 16:21:00,2,546.43,319,114,134,1,273.215,159.5,2,2,2,6,Hibernating,0,Big-Ticket Occasionals
12744,2011-01-25 13:26:00,2011-10-19 11:18:00,7,21279.29,5241,178,52,267,3039.8985714285714,748.7142857142857,2,4,4,10,Loyal Customers,3,Champions
12747,2010-12-05 15:38:00,2011-12-07 14:34:00,11,4196.01,1275,42,2,367,381.4554545454546,115.9090909090909,4,4,4,12,Champions,3,Champions
12748,2010-12-01 12:48:00,2011-12-09 12:20:00,209,33719.73,25747,1768,1,373,161.3384210526316,123.19138755980862,4,4,4,12,Champions,3,Champions
12749,2011-05-10 15:25:00,2011-12-06 09:56:00,5,4090.88,1471,160,4,210,818.176,294.2,4,3,4,11,Big Spenders,3,Champions
12750,2011-08-03 09:13:00,2011-08-03 09:13:00,1,275.88,137,15,129,1,275.88,137.0,2,1,1,4,Hibernating,2,Hibernating
12752,2011-09-19 13:32:00,2011-09-19 13:32:00,1,4366.78,2262,53,81,1,4366.78,2262.0,2,1,4,7,Big Spenders,0,Big-Ticket Occasionals
12753,2010-12-12 11:44:00,2011-11-17 10:52:00,6,21429.39,11421,132,23,340,3571.565,1903.5,3,4,4,11,Loyal Customers,3,Champions
12754,2011-02-04 10:31:00,2011-04-18 09:00:00,3,3010.74,6481,49,236,73,1003.5799999999999,2160.3333333333335,1,3,4,8,At Risk,0,Big-Ticket Occasionals
12755,2010-12-09 10:44:00,2011-03-04 12:42:00,2,3811.95,1491,4,281,86,1905.975,745.5,1,2,4,7,At Risk,0,Big-Ticket Occasionals
12756,2011-09-14 09:31:00,2011-09-14 09:31:00,1,112.07999999999998,144,4,87,1,112.07999999999998,144.0,2,1,1,4,Hibernating,2,Hibernating
12757,2011-05-12 19:01:00,2011-11-24 12:30:00,13,7857.1,2402,237,16,196,604.3923076923077,184.76923076923077,4,4,4,12,Champions,3,Champions
12758,2011-03-08 12:05:00,2011-08-15 10:22:00,2,2791.59,2135,84,117,160,1395.795,1067.5,2,2,4,8,Big Spenders,0,Big-Ticket Occasionals
12759,2011-03-09 08:09:00,2011-10-18 14:49:00,3,1531.44,902,81,52,224,510.48,300.6666666666667,2,3,3,8,At Risk,0,Big-Ticket Occasionals
12762,2011-11-14 14:23:00,2011-12-02 10:23:00,2,1898.52,1227,62,8,18,949.26,613.5,4,2,4,10,Big Spenders,3,Champions
12763,2010-12-05 15:46:00,2011-07-24 14:12:00,2,494.08,316,16,138,231,247.04,158.0,2,2,2,6,Hibernating,0,Big-Ticket Occasionals
12764,2011-01-27 10:19:00,2011-01-27 10:19:00,1,1693.88,386,45,317,1,1693.88,386.0,1,1,4,6,At Risk,0,Big-Ticket Occasionals
12766,2010-12-08 13:53:00,2011-12-06 08:46:00,7,6989.63,3646,205,4,363,998.5185714285715,520.8571428571429,4,4,4,12,Champions,3,Champions
12769,2011-04-15 10:25:00,2011-04-15 10:25:00,1,1143.6,356,32,239,1,1143.6,356.0,1,1,3,5,At Risk,0,Big-Ticket Occasionals
12770,2011-05-13 09:33:00,2011-05-13 09:33:00,1,1351.45,743,12,211,1,1351.45,743.0,1,1,3,5,At Risk,0,Big-Ticket Occasionals
12772,2011-10-11 09:19:00,2011-10-11 09:19:00,1,892.47,556,55,60,1,892.47,556.0,2,1,3,6,At Risk,0,Big-Ticket Occasionals
12775,2011-02-01 13:45:00,2011-11-22 16:33:00,5,1386.04,877,47,17,295,277.20799999999997,175.4,4,3,3,10,Hibernating,1,Core Growth
12778,2011-01-31 14:35:00,2011-11-20 11:30:00,6,822.23,825,40,20,293,137.03833333333333,137.5,3,4,3,10,Loyal Customers,1,Core Growth
12779,2010-12-03 13:40:00,2011-11-02 11:43:00,8,3981.36,2024,88,38,334,497.67,253.0,3,4,4,11,Loyal Customers,3,Champions
12781,2011-02-28 08:43:00,2011-10-07 10:37:00,2,826.74,671,25,64,222,413.37,335.5,2,2,3,7,At Risk,0,Big-Ticket Occasionals
12782,2010-12-17 11:30:00,2011-12-05 09:16:00,5,2330.92,1086,81,5,353,466.184,217.2,4,3,4,11,Big Spenders,3,Champions
12783,2011-09-25 15:35:00,2011-12-07 15:56:00,6,2225.91,624,76,2,74,370.98499999999996,104.0,4,4,4,12,Champions,3,Champions
12784,2011-11-24 12:53:00,2011-11-30 15:38:00,2,574.42,300,54,9,7,287.21,150.0,4,2,2,8,Promising,1,Core Growth
12785,2010-12-10 13:48:00,2010-12-10 13:48:00,1,311.95,131,14,364,1,311.95,131.0,1,1,2,4,Hibernating,0,Big-Ticket Occasionals
12787,2011-05-31 09:36:00,2011-11-30 08:44:00,3,463.66,261,17,10,183,154.55333333333334,87.0,4,3,2,9,Hibernating,1,Core Growth
12789,2011-10-05 13:34:00,2011-10-05 13:34:00,1,91.85,4,4,65,1,91.85,4.0,2,1,1,4,Hibernating,2,Hibernating
12790,2011-05-31 14:14:00,2011-05-31 14:14:00,1,324.92,166,21,192,1,324.92,166.0,1,1,2,4,Hibernating,0,Big-Ticket Occasionals
12791,2010-12-01 11:27:00,2010-12-01 11:27:00,1,192.60000000000002,97,2,374,1,192.60000000000002,97.0,1,1,1,3,Hibernating,2,Hibernating
12792,2011-03-28 11:36:00,2011-03-28 11:36:00,1,400.53999999999996,217,25,257,1,400.53999999999996,217.0,1,1,2,4,Hibernating,0,Big-Ticket Occasionals
12793,2010-12-03 15:14:00,2011-01-09 12:12:00,2,545.48,295,21,335,37,272.74,147.5,1,2,2,5,Hibernating,0,Big-Ticket Occasionals
12794,2011-09-02 12:01:00,2011-10-17 14:54:00,2,860.41,592,43,53,46,430.205,296.0,2,2,3,7,At Risk,0,Big-Ticket Occasionals
12795,2011-11-21 10:27:00,2011-11-21 10:27:00,1,430.48,68,14,19,1,430.48,68.0,3,1,2,6,Promising,0,Big-Ticket Occasionals
12797,2010-12-09 10:55:00,2010-12-09 10:55:00,1,254.03,118,13,366,1,254.03,118.0,1,1,1,3,Hibernating,2,Hibernating
12798,2011-06-22 10:11:00,2011-11-29 15:52:00,3,6977.04,5256,6,10,161,2325.68,1752.0,4,3,4,11,Big Spenders,3,Champions
12802,2011-06-06 09:36:00,2011-06-06 09:36:00,1,427.58,314,25,187,1,427.58,314.0,1,1,2,4,Hibernating,0,Big-Ticket Occasionals
12808,2010-12-06 10:27:00,2011-11-03 10:05:00,3,483.65000000000003,188,27,37,332,161.21666666666667,62.666666666666664,3,3,2,8,Hibernating,1,Core Growth
12809,2011-06-15 10:51:00,2011-06-15 10:51:00,1,489.31,220,25,178,1,489.31,220.0,1,1,2,4,Hibernating,0,Big-Ticket Occasionals
12811,2011-02-28 15:39:00,2011-03-24 09:42:00,3,514.85,230,27,261,24,171.61666666666667,76.66666666666667,1,3,2,6,At Risk,2,Hibernating
12812,2011-10-26 09:54:00,2011-10-26 09:54:00,1,229.64000000000001,164,15,45,1,229.64000000000001,164.0,3,1,1,5,Promising,2,Hibernating
12814,2011-08-30 12:11:00,2011-08-30 12:11:00,1,125.92,49,2,102,1,125.92,49.0,2,1,1,4,Hibernating,2,Hibernating
12815,2011-05-25 13:34:00,2011-07-15 10:21:00,2,1063.46,379,38,148,51,531.73,189.5,1,2,3,6,At Risk,0,Big-Ticket Occasionals
12816,2011-06-16 13:24:00,2011-09-05 12:41:00,2,572.2,128,27,96,81,286.1,64.0,2,2,2,6,Hibernating,0,Big-Ticket Occasionals
12817,2011-03-03 16:28:00,2011-03-03 16:28:00,1,166.04,53,4,281,1,166.04,53.0,1,1,1,3,Hibernating,2,Hibernating
12818,2011-03-23 12:06:00,2011-03-23 12:06:00,1,1542.08,929,14,262,1,1542.08,929.0,1,1,3,5,At Risk,0,Big-Ticket Occasionals
12820,2011-01-17 12:34:00,2011-12-06 15:12:00,4,942.34,722,55,3,324,235.585,180.5,4,3,3,10,Hibernating,1,Core Growth
12821,2011-05-09 15:51:00,2011-05-09 15:51:00,1,92.72,70,6,214,1,92.72,70.0,1,1,1,3,Hibernating,2,Hibernating
12822,2011-09-13 13:46:00,2011-09-30 10:04:00,2,948.88,550,41,71,17,474.44,275.0,2,2,3,7,At Risk,0,Big-Ticket Occasionals
12823,2011-02-16 12:15:00,2011-09-26 07:35:00,5,1759.5,230,1,75,222,351.9,46.0,2,3,4,9,Big Spenders,1,Core Growth
12824,2011-10-11 12:49:00,2011-10-11 12:49:00,1,397.12,232,25,60,1,397.12,232.0,2,1,2,5,Hibernating,0,Big-Ticket Occasionals
12826,2010-12-09 15:21:00,2011-12-07 10:25:00,7,1474.72,1058,58,3,363,210.67428571428573,151.14285714285714,4,4,3,11,Loyal Customers,1,Core Growth
12827,2011-10-26 15:44:00,2011-12-04 12:17:00,3,430.15000000000003,197,19,6,39,143.38333333333335,65.66666666666667,4,3,2,9,Hibernating,1,Core Growth
12828,2011-08-01 16:16:00,2011-12-07 08:45:00,6,1018.71,494,46,3,128,169.785,82.33333333333333,4,4,3,11,Loyal Customers,1,Core Growth
12829,2010-12-14 14:54:00,2011-01-07 11:13:00,2,293.0,376,9,337,24,146.5,188.0,1,2,1,4,Hibernating,2,Hibernating
12830,2011-06-21 10:53:00,2011-11-02 11:54:00,6,6814.64,9848,13,38,135,1135.7733333333333,1641.3333333333333,3,4,4,11,Loyal Customers,3,Champions
12831,2011-03-22 13:02:00,2011-03-22 13:02:00,1,215.05,135,9,262,1,215.05,135.0,1,1,1,3,Hibernating,2,Hibernating
12832,2011-09-02 13:48:00,2011-11-07 13:30:00,2,383.03,195,27,32,66,191.515,97.5,3,2,2,7,Promising,1,Core Growth
12833,2011-07-17 13:46:00,2011-07-17 13:46:00,1,417.38,156,24,145,1,417.38,156.0,1,1,2,4,Hibernating,0,Big-Ticket Occasionals
12834,2011-03-02 09:49:00,2011-03-02 09:49:00,1,312.38,110,18,283,1,312.38,110.0,1,1,2,4,Hibernating,2,Hibernating
12836,2011-02-01 11:19:00,2011-10-11 15:10:00,4,2612.86,1064,148,59,253,653.215,266.0,2,3,4,9,Big Spenders,0,Big-Ticket Occasionals
12837,2011-06-19 16:07:00,2011-06-19 16:07:00,1,134.1,24,12,173,1,134.1,24.0,1,1,1,3,Hibernating,2,Hibernating
12838,2010-12-01 11:57:00,2011-11-06 12:20:00,2,683.13,359,115,34,341,341.565,179.5,3,2,3,8,Promising,1,Core Growth
12839,2010-12-07 15:48:00,2011-12-07 12:33:00,14,5591.42,3807,95,3,365,399.38714285714286,271.92857142857144,4,4,4,12,Champions,3,Champions
12840,2011-04-27 12:21:00,2011-07-19 09:29:00,4,2726.77,1511,67,144,83,681.6925,377.75,1,3,4,8,At Risk,0,Big-Ticket Occasionals
12841,2010-12-03 10:43:00,2011-12-05 11:13:00,25,4022.35,2757,229,5,368,160.894,110.28,4,4,4,12,Champions,3,Champions
12842,2011-02-04 12:36:00,2011-09-30 15:33:00,2,1118.99,547,34,70,239,559.495,273.5,2,2,3,7,At Risk,0,Big-Ticket Occasionals
12843,2011-03-20 14:38:00,2011-10-05 12:09:00,8,1702.26,781,69,66,199,212.7825,97.625,2,4,4,10,Loyal Customers,1,Core Growth
12844,2011-08-01 13:11:00,2011-11-10 13:31:00,2,325.96000000000004,125,47,29,102,162.98000000000002,62.5,3,2,2,7,Promising,2,Hibernating
12845,2011-02-22 14:10:00,2011-03-17 13:34:00,4,354.09,204,26,267,23,88.5225,51.0,1,3,2,6,At Risk,2,Hibernating
12847,2011-11-17 13:16:00,2011-11-17 13:16:00,1,871.54,909,72,22,1,871.54,909.0,3,1,3,7,Promising,0,Big-Ticket Occasionals
12849,2011-03-16 12:26:00,2011-11-08 13:41:00,2,1050.8899999999999,623,47,31,238,525.4449999999999,311.5,3,2,3,8,Promising,0,Big-Ticket Occasionals
12851,2011-09-04 12:41:00,2011-09-04 12:41:00,1,135.18,109,43,97,1,135.18,109.0,2,1,1,4,Hibernating,2,Hibernating
12852,2011-02-18 08:47:00,2011-02-18 08:47:00,1,311.55,149,17,295,1,311.55,149.0,1,1,2,4,Hibernating,0,Big-Ticket Occasionals
12853,2011-01-28 10:28:00,2011-07-28 11:29:00,6,1957.1000000000001,800,66,135,182,326.18333333333334,133.33333333333334,2,4,4,10,Loyal Customers,0,Big-Ticket Occasionals
12854,2011-01-25 13:35:00,2011-09-22 12:15:00,3,1324.5,627,95,79,240,441.5,209.0,2,3,3,8,At Risk,0,Big-Ticket Occasionals
12855,2010-12-02 09:37:00,2010-12-02 09:37:00,1,38.1,30,3,373,1,38.1,30.0,1,1,1,3,Hibernating,2,Hibernating
12856,2011-10-07 12:38:00,2011-12-02 10:52:00,6,2179.93,1079,155,8,56,363.32166666666666,179.83333333333334,4,4,4,12,Champions,3,Champions
12857,2011-02-10 12:32:00,2011-05-13 10:20:00,2,1106.4,343,37,211,92,553.2,171.5,1,2,3,6,At Risk,0,Big-Ticket Occasionals
12863,2011-10-18 14:15:00,2011-10-18 14:15:00,1,521.2,188,5,52,1,521.2,188.0,2,1,2,5,Hibernating,0,Big-Ticket Occasionals
12864,2011-07-24 13:03:00,2011-07-24 13:03:00,1,147.12,216,3,138,1,147.12,216.0,2,1,1,4,Hibernating,2,Hibernating
12865,2011-08-08 10:11:00,2011-11-13 14:31:00,2,1568.23,925,86,26,98,784.115,462.5,3,2,3,8,Promising,0,Big-Ticket Occasionals
12866,2011-03-01 14:11:00,2011-03-01 14:11:00,1,559.12,171,26,283,1,559.12,171.0,1,1,2,4,Hibernating,0,Big-Ticket Occasionals
12867,2010-12-14 16:39:00,2011-11-13 15:30:00,7,4036.82,4298,240,26,334,576.6885714285714,614.0,3,4,4,11,Loyal Customers,3,Champions
12868,2010-12-01 12:50:00,2011-06-07 10:42:00,6,1607.0600000000002,928,72,186,188,267.84333333333336,154.66666666666666,1,4,3,8,At Risk,0,Big-Ticket Occasionals
12871,2011-05-16 13:32:00,2011-09-16 15:07:00,2,380.64,200,8,84,124,190.32,100.0,2,2,2,6,Hibernating,2,Hibernating
12872,2010-12-09 14:44:00,2011-01-17 10:52:00,2,599.97,319,58,327,39,299.985,159.5,1,2,2,5,Hibernating,0,Big-Ticket Occasionals
12873,2011-03-02 14:58:00,2011-03-02 14:58:00,1,374.0,128,4,282,1,374.0,128.0,1,1,2,4,Hibernating,0,Big-Ticket Occasionals
12875,2010-12-12 12:03:00,2011-07-19 15:30:00,2,343.2300000000001,2019,1,143,220,171.61500000000004,1009.5,1,2,2,5,Hibernating,0,Big-Ticket Occasionals
12876,2011-05-27 13:34:00,2011-10-13 12:26:00,2,2218.02,1941,67,58,139,1109.01,970.5,2,2,4,8,Big Spenders,0,Big-Ticket Occasionals
12877,2010-12-16 12:23:00,2011-12-06 10:30:00,12,1535.77,1178,100,4,355,127.98083333333334,98.16666666666667,4,4,3,11,Loyal Customers,3,Champions
12878,2011-03-18 14:02:00,2011-04-17 13:07:00,2,854.99,547,38,236,30,427.495,273.5,1,2,3,6,At Risk,0,Big-Ticket Occasionals
12879,2011-09-09 12:11:00,2011-10-26 12:24:00,3,573.22,370,7,45,48,191.07333333333335,123.33333333333333,3,3,2,8,Hibernating,1,Core Growth
12881,2011-03-09 11:44:00,2011-03-09 11:44:00,1,298.0,21,7,276,1,298.0,21.0,1,1,1,3,Hibernating,2,Hibernating
12882,2011-11-06 11:22:00,2011-11-30 16:18:00,2,1463.04,246,12,9,25,731.52,123.0,4,2,3,9,Promising,1,Core Growth
12883,2011-09-11 15:18:00,2011-11-15 09:32:00,4,703.47,196,39,25,65,175.8675,49.0,3,3,3,9,Hibernating,1,Core Growth
12884,2011-09-12 13:10:00,2011-09-12 13:10:00,1,309.05,43,7,88,1,309.05,43.0,2,1,2,5,Hibernating,2,Hibernating
12885,2011-08-08 11:45:00,2011-10-07 13:40:00,3,1175.22,655,66,63,61,391.74,218.33333333333334,2,3,3,8,At Risk,0,Big-Ticket Occasionals
12886,2011-05-04 11:21:00,2011-10-03 10:09:00,2,1378.4,770,75,68,152,689.2,385.0,2,2,3,7,At Risk,0,Big-Ticket Occasionals
12888,2011-03-29 14:31:00,2011-05-09 16:02:00,2,354.12,76,4,214,42,177.06,38.0,1,2,2,5,Hibernating,2,Hibernating
12890,2011-11-15 17:26:00,2011-11-15 17:26:00,1,380.46999999999997,259,78,24,1,380.46999999999997,259.0,3,1,2,6,Promising,0,Big-Ticket Occasionals
12891,2011-02-20 11:28:00,2011-06-07 12:31:00,3,331.0,950,2,186,108,110.33333333333333,316.6666666666667,1,3,2,6,At Risk,2,Hibernating
12893,2011-11-09 12:34:00,2011-11-09 12:34:00,1,188.14,96,27,31,1,188.14,96.0,3,1,1,5,Promising,2,Hibernating
12895,2011-09-14 08:35:00,2011-10-28 13:51:00,2,372.8,210,22,42,45,186.4,105.0,3,2,2,7,Promising,1,Core Growth
12897,2011-02-11 11:40:00,2011-05-19 12:13:00,2,216.5,110,3,205,98,108.25,55.0,1,2,1,4,Hibernating,2,Hibernating
12901,2011-03-14 10:41:00,2011-12-01 10:07:00,28,17654.54,23075,30,9,262,630.5192857142857,824.1071428571429,4,4,4,12,Champions,3,Champions
12902,2011-03-20 12:06:00,2011-03-20 12:06:00,1,138.68,66,10,265,1,138.68,66.0,1,1,1,3,Hibernating,2,Hibernating
12904,2011-06-20 13:18:00,2011-11-21 14:34:00,2,509.58,302,59,18,155,254.79,151.0,4,2,2,8,Promising,1,Core Growth
12906,2011-09-22 15:03:00,2011-11-28 09:55:00,5,2919.81,1749,55,12,67,583.962,349.8,4,3,4,11,Big Spenders,3,Champions
12908,2011-01-31 12:37:00,2011-06-16 15:39:00,2,750.0,1200,1,176,137,375.0,600.0,1,2,3,6,At Risk,0,Big-Ticket Occasionals
12909,2011-03-31 12:51:00,2011-10-31 12:43:00,5,2178.67,1280,78,40,214,435.73400000000004,256.0,3,3,4,10,Big Spenders,3,Champions
12910,2011-04-12 10:01:00,2011-11-16 14:28:00,8,3075.04,1692,48,23,219,384.38,211.5,3,4,4,11,Loyal Customers,3,Champions
12912,2011-10-30 11:35:00,2011-12-07 08:55:00,5,1662.3,670,17,3,38,332.46,134.0,4,3,4,11,Big Spenders,1,Core Growth
12913,2010-12-06 16:36:00,2011-12-05 12:11:00,5,2483.63,1419,37,5,364,496.726,283.8,4,4,4,12,Champions,3,Champions
12915,2010-12-02 12:33:00,2011-07-14 11:34:00,2,363.65,93,19,149,224,181.825,46.5,1,2,2,5,Hibernating,2,Hibernating
12916,2011-01-23 10:43:00,2011-07-24 10:35:00,4,3006.15,1119,53,139,182,751.5375,279.75,2,3,4,9,Big Spenders,0,Big-Ticket Occasionals
12917,2011-08-03 16:42:00,2011-08-03 16:42:00,1,594.0,120,2,128,1,594.0,120.0,2,1,2,5,Hibernating,0,Big-Ticket Occasionals
12919,2011-06-23 09:22:00,2011-12-01 13:47:00,6,1335.19,673,34,8,162,222.53166666666667,112.16666666666667,4,4,3,11,Loyal Customers,1,Core Growth
12920,2011-11-22 15:05:00,2011-11-22 15:05:00,1,164.23,129,27,17,1,164.23,129.0,4,1,1,6,Promising,2,Hibernating
12921,2010-12-01 15:06:00,2011-11-30 16:22:00,37,16587.09,9526,233,9,365,448.29972972972973,257.4594594594595,4,4,4,12,Champions,3,Champions
12922,2011-07-01 15:35:00,2011-07-01 15:35:00,1,405.38,370,28,161,1,405.38,370.0,1,1,2,4,Hibernating,0,Big-Ticket Occasionals
12923,2011-10-06 16:20:00,2011-10-06 16:20:00,1,176.97,69,28,64,1,176.97,69.0,2,1,1,4,Hibernating,2,Hibernating
12924,2011-01-16 11:49:00,2011-09-12 13:55:00,4,933.7,481,22,88,240,233.425,120.25,2,3,3,8,At Risk,1,Core Growth
12925,2011-09-26 11:05:00,2011-12-05 11:11:00,2,694.05,541,42,5,71,347.025,270.5,4,2,3,9,Promising,1,Core Growth
12928,2010-12-15 15:45:00,2011-11-04 14:24:00,5,2062.7000000000003,1472,59,35,324,412.5400000000001,294.4,3,4,4,11,Loyal Customers,3,Champions
12929,2011-02-01 12:08:00,2011-02-01 12:08:00,1,117.85,37,8,312,1,117.85,37.0,1,1,1,3,Hibernating,2,Hibernating
12930,2011-06-21 13:25:00,2011-09-22 15:18:00,2,415.8,252,20,78,94,207.9,126.0,2,2,2,6,Hibernating,0,Big-Ticket Occasionals
12931,2010-12-17 09:45:00,2011-11-18 12:39:00,15,42055.96,28004,28,22,337,2803.730666666667,1866.9333333333334,3,4,4,11,Loyal Customers,3,Champions
12933,2011-03-01 11:30:00,2011-11-15 16:38:00,3,607.53,499,102,24,260,202.51,166.33333333333334,3,3,2,8,Hibernating,1,Core Growth
12935,2011-01-24 13:58:00,2011-12-07 17:25:00,7,2160.7,1853,80,2,318,308.6714285714285,264.7142857142857,4,4,4,12,Champions,3,Champions
12936,2011-09-22 13:51:00,2011-11-22 17:32:00,4,1063.9,559,56,17,62,265.975,139.75,4,3,3,10,Hibernating,1,Core Growth
12937,2011-03-17 14:19:00,2011-11-24 15:05:00,4,1504.27,1007,81,15,253,376.0675,251.75,4,3,3,10,Hibernating,1,Core Growth
12938,2011-11-14 11:21:00,2011-11-14 11:21:00,1,114.14,140,9,26,1,114.14,140.0,3,1,1,5,Promising,2,Hibernating
12939,2011-01-09 11:20:00,2011-10-06 14:33:00,8,11581.8,4876,21,64,271,1447.725,609.5,2,4,4,10,Loyal Customers,3,Champions
12940,2011-09-13 10:16:00,2011-10-16 12:09:00,2,913.54,411,87,55,34,456.77,205.5,2,2,3,7,At Risk,0,Big-Ticket Occasionals
12942,2010-12-09 09:34:00,2011-07-31 14:39:00,3,683.9,203,68,131,235,227.96666666666667,67.66666666666667,2,3,3,8,At Risk,0,Big-Ticket Occasionals
12944,2010-12-20 10:41:00,2011-11-04 11:04:00,2,604.51,289,29,36,320,302.255,144.5,3,2,2,7,Promising,1,Core Growth
12945,2011-02-24 14:15:00,2011-02-24 14:15:00,1,462.95,165,23,288,1,462.95,165.0,1,1,2,4,Hibernating,0,Big-Ticket Occasionals
12947,2010-12-01 16:21:00,2011-07-19 10:06:00,6,1603.99,1165,83,144,230,267.33166666666665,194.16666666666666,1,4,3,8,At Risk,1,Core Growth
12948,2011-03-20 10:17:00,2011-11-23 17:10:00,7,2064.95,1080,82,16,249,294.99285714285713,154.28571428571428,4,4,4,12,Champions,3,Champions
12949,2011-04-01 13:20:00,2011-11-09 11:25:00,8,4167.22,2381,166,31,222,520.9025,297.625,3,4,4,11,Loyal Customers,3,Champions
12950,2011-11-15 13:48:00,2011-12-07 13:17:00,3,1843.0,1380,13,2,22,614.3333333333334,460.0,4,3,4,11,Big Spenders,3,Champions
12951,2011-01-13 10:33:00,2011-12-01 12:14:00,6,1064.07,503,53,9,323,177.345,83.83333333333333,4,4,3,11,Loyal Customers,1,Core Growth
12952,2011-09-22 16:37:00,2011-12-04 10:35:00,4,1387.79,653,64,6,73,346.9475,163.25,4,3,3,10,Hibernating,1,Core Growth
12953,2011-11-30 09:24:00,2011-11-30 09:24:00,1,329.85,84,17,10,1,329.85,84.0,4,1,2,7,Promising,1,Core Growth
12955,2011-03-17 09:03:00,2011-12-08 16:29:00,11,4757.16,3664,81,1,267,432.4690909090909,333.09090909090907,4,4,4,12,Champions,3,Champions
12956,2011-02-06 16:08:00,2011-02-06 16:08:00,1,108.07,34,19,306,1,108.07,34.0,1,1,1,3,Hibernating,2,Hibernating
12957,2011-01-04 12:18:00,2011-11-30 09:53:00,8,4017.54,2549,208,10,330,502.1925,318.625,4,4,4,12,Champions,3,Champions
12962,2011-08-18 13:38:00,2011-12-02 15:55:00,2,266.39,129,15,7,107,133.195,64.5,4,2,1,7,Promising,1,Core Growth
12963,2010-12-09 09:14:00,2011-12-01 12:55:00,8,1856.63,881,75,8,358,232.07875,110.125,4,4,4,12,Champions,3,Champions
12965,2011-09-11 15:31:00,2011-09-11 15:31:00,1,771.91,283,108,89,1,771.91,283.0,2,1,3,6,At Risk,0,Big-Ticket Occasionals
12966,2011-11-30 12:38:00,2011-11-30 12:38:00,1,160.18,75,10,10,1,160.18,75.0,4,1,1,6,Promising,2,Hibernating
12967,2010-12-03 09:49:00,2010-12-16 19:10:00,2,1660.9,438,19,358,14,830.45,219.0,1,2,3,6,At Risk,0,Big-Ticket Occasionals
12968,2011-08-19 15:44:00,2011-08-19 15:44:00,1,135.95,73,5,112,1,135.95,73.0,2,1,1,4,Hibernating,2,Hibernating
12970,2011-01-21 14:04:00,2011-12-02 14:30:00,4,452.24,310,116,7,316,113.06,77.5,4,3,2,9,Hibernating,1,Core Growth
12971,2010-12-02 16:42:00,2011-12-06 12:20:00,86,11189.91,9289,94,4,369,130.11523255813952,108.01162790697674,4,4,4,12,Champions,3,Champions
12974,2011-05-26 09:33:00,2011-05-26 09:33:00,1,144.8,24,8,198,1,144.8,24.0,1,1,1,3,Hibernating,2,Hibernating
12976,2011-05-12 09:55:00,2011-05-12 09:55:00,1,738.6,561,22,212,1,738.6,561.0,1,1,3,5,At Risk,0,Big-Ticket Occasionals
12977,2011-07-06 16:40:00,2011-07-06 16:40:00,1,39.239999999999995,12,9,156,1,39.239999999999995,12.0,1,1,1,3,Hibernating,2,Hibernating
12980,2010-12-16 11:36:00,2011-07-05 09:34:00,9,7374.900000000001,886,6,158,201,819.4333333333334,98.44444444444444,1,4,4,9,At Risk,3,Champions
12981,2011-07-29 14:14:00,2011-11-10 12:00:00,2,372.21999999999997,242,12,30,104,186.10999999999999,121.0,3,2,2,7,Promising,1,Core Growth
12982,2011-04-11 11:51:00,2011-04-11 11:51:00,1,390.54,288,28,243,1,390.54,288.0,1,1,2,4,Hibernating,0,Big-Ticket Occasionals
12984,2011-11-21 12:37:00,2011-11-21 12:37:00,1,97.5,26,4,19,1,97.5,26.0,3,1,1,5,Promising,2,Hibernating
12985,2011-11-11 12:44:00,2011-12-09 10:46:00,2,1239.38,1533,73,1,28,619.69,766.5,4,2,3,9,Promising,1,Core Growth
12987,2011-05-26 12:00:00,2011-09-27 12:03:00,2,558.7,219,27,74,125,279.35,109.5,2,2,2,6,Hibernating,0,Big-Ticket Occasionals
12988,2011-02-20 14:31:00,2011-02-20 14:31:00,1,535.32,136,75,292,1,535.32,136.0,1,1,2,4,Hibernating,0,Big-Ticket Occasionals
12989,2010-12-10 13:24:00,2011-12-06 15:28:00,15,6924.110000000001,2943,41,3,362,461.6073333333334,196.2,4,4,4,12,Champions,3,Champions
12990,2011-02-02 15:39:00,2011-11-08 13:01:00,3,409.5,200,8,31,279,136.5,66.66666666666667,3,3,2,8,Hibernating,1,Core Growth
12991,2011-08-19 14:39:00,2011-11-16 15:34:00,2,503.76,405,31,23,90,251.88,202.5,3,2,2,7,Promising,1,Core Growth
12993,2011-02-14 14:29:00,2011-11-16 15:49:00,4,414.76,240,26,23,276,103.69,60.0,3,3,2,8,Hibernating,1,Core Growth
12994,2011-03-16 08:31:00,2011-12-05 15:43:00,3,974.4200000000001,459,52,4,265,324.8066666666667,153.0,4,3,3,10,Hibernating,1,Core Growth
12995,2011-09-15 15:44:00,2011-09-15 15:44:00,1,211.32,108,3,85,1,211.32,108.0,2,1,1,4,Hibernating,2,Hibernating
12997,2011-01-26 15:49:00,2011-11-17 15:47:00,4,1226.89,664,45,22,295,306.7225,166.0,3,3,3,9,Hibernating,1,Core Growth
12999,2011-04-08 10:26:00,2011-05-27 13:24:00,3,455.88,342,25,196,50,151.96,114.0,1,3,2,6,At Risk,2,Hibernating
13000,2010-12-10 10:26:00,2011-08-25 10:43:00,3,534.85,379,30,107,259,178.28333333333333,126.33333333333333,2,3,2,7,At Risk,1,Core Growth
13001,2011-01-17 12:45:00,2011-12-05 14:51:00,13,9818.82,5505,166,4,323,755.2938461538462,423.46153846153845,4,4,4,12,Champions,3,Champions
13002,2011-01-25 15:18:00,2011-01-25 15:18:00,1,120.94999999999999,73,7,318,1,120.94999999999999,73.0,1,1,1,3,Hibernating,2,Hibernating
13003,2011-05-09 08:23:00,2011-08-26 10:50:00,3,149.05,103,4,106,110,49.68333333333334,34.333333333333336,2,3,1,6,At Risk,2,Hibernating
13004,2010-12-17 08:20:00,2011-11-28 11:27:00,18,5655.91,4822,277,12,347,314.21722222222223,267.8888888888889,4,4,4,12,Champions,3,Champions
13005,2011-04-07 13:32:00,2011-06-19 10:53:00,2,513.7,172,21,174,73,256.85,86.0,1,2,2,5,Hibernating,0,Big-Ticket Occasionals
13006,2011-10-14 13:49:00,2011-10-14 13:49:00,1,81.57,55,4,56,1,81.57,55.0,2,1,1,4,Hibernating,2,Hibernating
13008,2011-01-20 14:24:00,2011-01-20 14:24:00,1,229.46999999999997,175,14,323,1,229.46999999999997,175.0,1,1,1,3,Hibernating,2,Hibernating
13011,2010-12-02 17:22:00,2010-12-02 17:22:00,1,50.550000000000004,13,3,372,1,50.550000000000004,13.0,1,1,1,3,Hibernating,2,Hibernating
13012,2011-02-18 09:43:00,2011-11-30 13:05:00,8,1661.8400000000001,824,67,9,286,207.73000000000002,103.0,4,4,4,12,Champions,1,Core Growth
13013,2010-12-03 12:28:00,2011-12-08 15:01:00,13,4810.9400000000005,2224,155,1,371,370.07230769230773,171.07692307692307,4,4,4,12,Champions,3,Champions
13014,2011-03-03 18:28:00,2011-11-29 12:27:00,10,3466.2799999999997,905,67,11,271,346.628,90.5,4,4,4,12,Champions,3,Champions
13015,2011-04-04 14:28:00,2011-10-17 13:19:00,5,3346.28,1617,156,53,196,669.2560000000001,323.4,2,4,4,10,Loyal Customers,3,Champions
13016,2011-08-08 15:00:00,2011-09-27 14:08:00,3,789.89,527,39,73,50,263.2966666666667,175.66666666666666,2,3,3,8,At Risk,1,Core Growth
13017,2011-12-02 15:53:00,2011-12-02 15:53:00,1,204.0,48,1,7,1,204.0,48.0,4,1,1,6,Promising,2,Hibernating
13018,2011-02-17 11:05:00,2011-11-23 13:28:00,28,7277.7,5435,313,16,280,259.91785714285714,194.10714285714286,4,4,4,12,Champions,3,Champions
13021,2010-12-16 10:12:00,2011-12-05 16:37:00,9,2616.38,1352,101,4,355,290.7088888888889,150.22222222222223,4,4,4,12,Champions,3,Champions
13023,2011-08-02 09:34:00,2011-10-06 16:27:00,2,689.9,286,36,64,66,344.95,143.0,2,2,3,7,At Risk,0,Big-Ticket Occasionals
13026,2011-03-09 11:35:00,2011-12-08 16:58:00,5,975.36,1620,32,1,275,195.072,324.0,4,4,3,11,Loyal Customers,1,Core Growth
13027,2010-12-20 12:45:00,2011-08-18 09:39:00,6,6912.0,17280,6,114,241,1152.0,2880.0,2,4,4,10,Loyal Customers,3,Champions
13028,2011-10-25 14:09:00,2011-11-17 11:10:00,2,661.3199999999999,798,40,23,23,330.65999999999997,399.0,3,2,2,7,Promising,1,Core Growth
13029,2010-12-21 13:53:00,2011-11-09 09:13:00,3,1247.5,134,8,31,323,415.8333333333333,44.666666666666664,3,3,3,9,Hibernating,1,Core Growth
13030,2010-12-06 14:31:00,2011-11-28 14:30:00,2,799.48,394,76,11,357,399.74,197.0,4,2,3,9,Promising,1,Core Growth
13032,2011-09-13 16:40:00,2011-10-18 15:54:00,2,1010.18,375,55,52,35,505.09,187.5,2,2,3,7,At Risk,0,Big-Ticket Occasionals
13033,2010-12-17 14:23:00,2010-12-17 14:23:00,1,190.55,83,11,357,1,190.55,83.0,1,1,1,3,Hibernating,2,Hibernating
13034,2010-12-05 14:52:00,2011-10-16 12:21:00,2,642.77,369,37,55,315,321.385,184.5,2,2,2,6,Hibernating,0,Big-Ticket Occasionals
13035,2011-03-24 09:21:00,2011-09-27 08:57:00,2,921.88,644,23,74,187,460.94,322.0,2,2,3,7,At Risk,0,Big-Ticket Occasionals
13037,2011-03-28 15:42:00,2011-07-24 15:46:00,3,881.07,431,44,138,119,293.69,143.66666666666666,2,3,3,8,At Risk,0,Big-Ticket Occasionals
13038,2011-02-22 11:43:00,2011-09-20 14:37:00,3,908.46,360,24,80,211,302.82,120.0,2,3,3,8,At Risk,0,Big-Ticket Occasionals
13040,2011-11-06 13:53:00,2011-12-01 10:38:00,2,676.99,355,38,9,25,338.495,177.5,4,2,3,9,Promising,1,Core Growth
13043,2011-03-11 14:52:00,2011-03-11 14:52:00,1,516.42,254,13,273,1,516.42,254.0,1,1,2,4,Hibernating,0,Big-Ticket Occasionals
13044,2011-02-21 15:20:00,2011-02-21 15:20:00,1,560.47,429,33,291,1,560.47,429.0,1,1,2,4,Hibernating,0,Big-Ticket Occasionals
13045,2011-09-01 15:04:00,2011-09-01 15:04:00,1,305.28000000000003,221,18,99,1,305.28000000000003,221.0,2,1,1,4,Hibernating,0,Big-Ticket Occasionals
13046,2011-03-18 15:43:00,2011-11-09 08:36:00,2,629.31,264,33,31,236,314.655,132.0,3,2,2,7,Promising,1,Core Growth
13047,2010-12-01 08:34:00,2011-11-08 12:06:00,10,3237.54,1391,106,32,343,323.754,139.1,3,4,4,11,Loyal Customers,3,Champions
13048,2011-01-16 14:36:00,2011-11-25 13:23:00,4,1835.91,1238,77,14,313,458.9775,309.5,4,3,4,11,Big Spenders,1,Core Growth
13049,2011-01-25 16:33:00,2011-10-06 15:31:00,2,656.6800000000001,268,14,64,254,328.34000000000003,134.0,2,2,2,6,Hibernating,0,Big-Ticket Occasionals
13050,2010-12-08 09:30:00,2011-11-25 09:18:00,17,5836.86,3748,246,15,352,343.3447058823529,220.47058823529412,4,4,4,12,Champions,3,Champions
13052,2011-05-11 14:12:00,2011-05-11 14:12:00,1,348.15000000000003,222,18,212,1,348.15000000000003,222.0,1,1,2,4,Hibernating,0,Big-Ticket Occasionals
13055,2011-05-10 08:58:00,2011-09-22 14:26:00,3,1214.41,894,74,78,136,404.80333333333334,298.0,2,3,3,8,At Risk,0,Big-Ticket Occasionals
13058,2011-07-11 12:01:00,2011-11-15 12:43:00,3,271.40000000000003,52,5,25,128,90.46666666666668,17.333333333333332,3,3,1,7,Hibernating,2,Hibernating
13059,2011-04-04 10:40:00,2011-04-04 10:40:00,1,183.4,35,8,250,1,183.4,35.0,1,1,1,3,Hibernating,2,Hibernating
13060,2011-03-31 11:37:00,2011-03-31 11:37:00,1,307.53,123,15,254,1,307.53,123.0,1,1,2,4,Hibernating,2,Hibernating
13061,2011-09-28 16:04:00,2011-09-28 16:04:00,1,248.61,107,10,72,1,248.61,107.0,2,1,1,4,Hibernating,2,Hibernating
13062,2011-06-01 15:12:00,2011-06-01 15:12:00,1,346.98,343,11,191,1,346.98,343.0,1,1,2,4,Hibernating,0,Big-Ticket Occasionals
13064,2011-01-16 13:41:00,2011-11-27 12:31:00,4,1119.49,516,51,13,315,279.8725,129.0,4,3,3,10,Hibernating,1,Core Growth
13065,2010-12-01 16:52:00,2010-12-01 16:52:00,1,205.86,74,14,373,1,205.86,74.0,1,1,1,3,Hibernating,2,Hibernating
13066,2011-11-07 17:06:00,2011-11-15 12:57:00,2,470.8,322,48,24,8,235.4,161.0,3,2,2,7,Promising,1,Core Growth
13067,2011-09-18 13:38:00,2011-09-18 13:38:00,1,115.46000000000001,32,14,82,1,115.46000000000001,32.0,2,1,1,4,Hibernating,2,Hibernating
13068,2011-01-24 08:20:00,2011-11-29 15:00:00,2,344.0,200,1,10,310,172.0,100.0,4,2,2,8,Promising,1,Core Growth
13069,2010-12-05 11:02:00,2011-12-09 08:39:00,24,4436.12,5885,281,1,369,184.83833333333334,245.20833333333334,4,4,4,12,Champions,3,Champions
13070,2011-05-31 13:45:00,2011-05-31 13:45:00,1,228.8,110,9,192,1,228.8,110.0,1,1,1,3,Hibernating,2,Hibernating
13072,2011-03-18 08:12:00,2011-03-18 08:12:00,1,177.15,69,7,267,1,177.15,69.0,1,1,1,3,Hibernating,2,Hibernating
13075,2011-08-02 10:19:00,2011-08-02 10:19:00,1,919.61,485,22,130,1,919.61,485.0,2,1,3,6,At Risk,0,Big-Ticket Occasionals
13077,2010-12-08 14:59:00,2011-12-08 19:24:00,4,729.27,863,99,1,366,182.3175,215.75,4,3,3,10,Hibernating,1,Core Growth
13078,2010-12-08 09:07:00,2011-12-06 15:36:00,26,12627.94,5630,95,3,364,485.69,216.53846153846155,4,4,4,12,Champions,3,Champions
13079,2011-07-22 14:41:00,2011-12-05 16:53:00,5,220.10000000000002,62,2,4,137,44.02,12.4,4,4,1,9,Hibernating,1,Core Growth
13080,2011-06-13 14:59:00,2011-06-13 14:59:00,1,58.08,120,6,179,1,58.08,120.0,1,1,1,3,Hibernating,2,Hibernating
13081,2010-12-03 17:20:00,2011-11-28 10:54:00,11,28337.38,19068,503,12,360,2576.1254545454544,1733.4545454545455,4,4,4,12,Champions,3,Champions
13082,2011-01-05 15:42:00,2011-08-05 16:16:00,9,3613.63,4324,63,126,213,401.51444444444445,480.44444444444446,2,4,4,10,Loyal Customers,3,Champions
13083,2011-09-25 10:46:00,2011-12-05 15:01:00,2,303.75,187,15,4,72,151.875,93.5,4,2,1,7,Promising,1,Core Growth
13085,2011-02-17 13:57:00,2011-07-05 12:11:00,2,416.08000000000004,216,17,158,138,208.04000000000002,108.0,1,2,2,5,Hibernating,2,Hibernating
13089,2010-12-05 10:27:00,2011-12-07 09:02:00,97,58825.83,31070,636,3,367,606.4518556701031,320.30927835051546,4,4,4,12,Champions,3,Champions
13090,2010-12-02 07:48:00,2011-12-01 12:39:00,14,8910.82,2263,98,9,365,636.4871428571429,161.64285714285714,4,4,4,12,Champions,3,Champions
13091,2011-11-11 15:54:00,2011-11-11 15:54:00,1,345.82,466,21,28,1,345.82,466.0,3,1,2,6,Promising,0,Big-Ticket Occasionals
13092,2010-12-15 12:27:00,2011-09-30 11:18:00,5,477.83,279,19,71,289,95.566,55.8,2,4,2,8,At Risk,1,Core Growth
13093,2010-12-01 15:00:00,2011-03-09 12:14:00,8,7832.47,3961,97,276,98,979.05875,495.125,1,4,4,9,At Risk,3,Champions
13094,2010-12-06 10:34:00,2011-11-18 14:07:00,12,1927.3200000000002,1716,4,21,348,160.61,143.0,3,4,4,11,Loyal Customers,3,Champions
13095,2011-09-30 12:03:00,2011-09-30 12:03:00,1,74.39999999999999,144,6,71,1,74.39999999999999,144.0,2,1,1,4,Hibernating,2,Hibernating
13097,2010-12-14 15:13:00,2011-11-07 10:43:00,10,6010.42,2363,214,33,328,601.042,236.3,3,4,4,11,Loyal Customers,3,Champions
13098,2011-01-26 13:46:00,2011-12-08 14:14:00,28,28882.44,15968,156,1,317,1031.5157142857142,570.2857142857143,4,4,4,12,Champions,3,Champions
13099,2011-09-01 17:40:00,2011-09-01 17:40:00,1,207.35999999999999,288,1,99,1,207.35999999999999,288.0,2,1,1,4,Hibernating,2,Hibernating
13101,2011-04-19 14:37:00,2011-04-19 14:37:00,1,101.19,113,8,234,1,101.19,113.0,1,1,1,3,Hibernating,2,Hibernating
13102,2010-12-09 13:38:00,2011-12-08 12:52:00,24,6424.09,4204,140,1,364,267.67041666666665,175.16666666666666,4,4,4,12,Champions,3,Champions
13103,2011-10-31 09:38:00,2011-10-31 09:38:00,1,243.94,82,8,40,1,243.94,82.0,3,1,1,5,Promising,2,Hibernating
13104,2010-12-20 11:58:00,2011-12-06 13:10:00,6,1098.48,504,14,3,352,183.08,84.0,4,4,3,11,Loyal Customers,1,Core Growth
13106,2011-07-29 15:12:00,2011-07-29 15:12:00,1,76.5,18,1,133,1,76.5,18.0,2,1,1,4,Hibernating,2,Hibernating
13107,2011-01-10 12:28:00,2011-10-26 14:52:00,4,1531.6200000000001,1293,54,44,290,382.90500000000003,323.25,3,3,3,9,Hibernating,1,Core Growth
13108,2010-12-02 10:35:00,2010-12-02 10:35:00,1,350.06,298,10,373,1,350.06,298.0,1,1,2,4,Hibernating,0,Big-Ticket Occasionals
13109,2011-07-05 14:56:00,2011-10-11 10:16:00,2,786.54,520,41,60,98,393.27,260.0,2,2,3,7,At Risk,0,Big-Ticket Occasionals
13110,2011-02-01 15:24:00,2011-11-08 14:30:00,7,1488.67,388,109,31,280,212.66714285714286,55.42857142857143,3,4,3,10,Loyal Customers,1,Core Growth
13113,2010-12-08 13:21:00,2011-12-09 12:49:00,24,12245.960000000001,3045,95,1,366,510.2483333333334,126.875,4,4,4,12,Champions,3,Champions
13115,2011-06-08 16:15:00,2011-11-28 12:38:00,4,2294.78,1567,88,12,173,573.695,391.75,4,3,4,11,Big Spenders,3,Champions
13116,2011-07-24 14:33:00,2011-07-24 14:33:00,1,501.14,291,30,138,1,501.14,291.0,2,1,2,5,Hibernating,0,Big-Ticket Occasionals
13117,2010-12-02 13:11:00,2011-11-18 12:02:00,8,984.91,945,66,22,351,123.11375,118.125,3,4,3,10,Loyal Customers,1,Core Growth
13118,2011-02-24 12:32:00,2011-11-20 12:46:00,5,1197.81,410,68,20,270,239.56199999999998,82.0,3,4,3,10,Loyal Customers,1,Core Growth
13120,2011-04-15 10:19:00,2011-04-15 10:19:00,1,30.599999999999998,12,1,239,1,30.599999999999998,12.0,1,1,1,3,Hibernating,2,Hibernating
13121,2011-03-15 16:47:00,2011-03-15 16:47:00,1,283.73,252,50,269,1,283.73,252.0,1,1,1,3,Hibernating,0,Big-Ticket Occasionals
13122,2011-04-13 14:12:00,2011-09-06 15:53:00,2,922.39,585,54,94,147,461.195,292.5,2,2,3,7,At Risk,0,Big-Ticket Occasionals
13124,2010-12-15 15:00:00,2011-09-11 12:45:00,3,3866.33,2147,185,90,270,1288.7766666666666,715.6666666666666,2,3,4,9,Big Spenders,0,Big-Ticket Occasionals
13126,2010-12-08 11:42:00,2011-12-05 10:00:00,8,2099.64,2143,124,5,362,262.455,267.875,4,4,4,12,Champions,3,Champions
13127,2011-09-23 10:26:00,2011-09-23 10:26:00,1,259.17,127,15,78,1,259.17,127.0,2,1,1,4,Hibernating,2,Hibernating
13130,2011-09-06 15:30:00,2011-09-06 15:30:00,1,64.0,32,2,94,1,64.0,32.0,2,1,1,4,Hibernating,2,Hibernating
13131,2011-06-05 10:54:00,2011-11-16 13:21:00,3,1073.3,447,30,23,165,357.76666666666665,149.0,3,3,3,9,Hibernating,1,Core Growth
13132,2011-03-23 12:44:00,2011-03-23 12:44:00,1,77.3,20,3,262,1,77.3,20.0,1,1,1,3,Hibernating,2,Hibernating
13133,2011-02-08 15:48:00,2011-03-11 10:31:00,2,109.8,32,7,274,31,54.9,16.0,1,2,1,4,Hibernating,2,Hibernating
13134,2011-04-13 12:57:00,2011-09-15 10:35:00,4,1793.58,1059,94,86,155,448.395,264.75,2,3,4,9,Big Spenders,0,Big-Ticket Occasionals
13135,2011-05-27 10:52:00,2011-05-27 10:52:00,1,3096.0,4300,1,197,1,3096.0,4300.0,1,1,4,6,At Risk,0,Big-Ticket Occasionals
13136,2011-05-11 12:47:00,2011-10-14 13:41:00,5,2607.61,1328,94,56,157,521.522,265.6,2,4,4,10,Loyal Customers,3,Champions
13137,2011-02-04 11:54:00,2011-11-29 12:09:00,8,3650.41,2226,345,11,299,456.30125,278.25,4,4,4,12,Champions,3,Champions
13138,2010-12-02 15:03:00,2011-11-17 16:51:00,6,962.39,473,31,22,351,160.39833333333334,78.83333333333333,3,4,3,10,Loyal Customers,1,Core Growth
13139,2011-03-25 11:57:00,2011-11-23 13:54:00,7,5064.94,2425,132,16,244,723.5628571428571,346.42857142857144,4,4,4,12,Champions,3,Champions
13140,2010-12-08 15:12:00,2011-08-23 15:33:00,3,423.72,186,40,108,259,141.24,62.0,2,3,2,7,At Risk,2,Hibernating
13141,2011-01-28 13:04:00,2011-09-16 09:54:00,5,2388.75,1548,113,85,231,477.75,309.6,2,4,4,10,Loyal Customers,3,Champions
13142,2011-11-20 16:07:00,2011-11-20 16:07:00,1,307.09,258,23,19,1,307.09,258.0,3,1,1,5,Promising,1,Core Growth
13144,2011-01-11 11:15:00,2011-01-11 11:15:00,1,110.95,21,3,333,1,110.95,21.0,1,1,1,3,Hibernating,2,Hibernating
13145,2010-12-02 18:06:00,2011-10-31 12:45:00,4,618.52,145,5,40,333,154.63,36.25,3,3,2,8,Hibernating,1,Core Growth
13146,2011-11-13 15:29:00,2011-11-13 15:29:00,1,228.91,154,16,26,1,228.91,154.0,3,1,1,5,Promising,2,Hibernating
13147,2011-09-01 12:28:00,2011-11-29 13:59:00,4,712.8000000000001,144,1,10,90,178.20000000000002,36.0,4,3,3,10,Hibernating,1,Core Growth
13148,2010-12-10 13:06:00,2011-11-10 15:23:00,12,3707.12,1975,231,29,336,308.9266666666667,164.58333333333334,3,4,4,11,Loyal Customers,3,Champions
13149,2011-02-23 13:57:00,2011-11-25 13:09:00,4,1676.06,1280,76,14,275,419.015,320.0,4,3,4,11,Big Spenders,1,Core Growth
13151,2011-02-17 12:29:00,2011-02-17 12:29:00,1,1257.8700000000001,363,73,296,1,1257.8700000000001,363.0,1,1,3,5,At Risk,0,Big-Ticket Occasionals
13153,2011-12-04 12:14:00,2011-12-04 12:14:00,1,486.22,418,15,6,1,486.22,418.0,4,1,2,7,Promising,1,Core Growth
13155,2010-12-06 12:44:00,2011-11-06 15:41:00,4,971.76,497,67,33,336,242.94,124.25,3,3,3,9,Hibernating,1,Core Growth
13157,2011-02-14 14:03:00,2011-10-21 13:50:00,4,1741.22,1439,69,49,249,435.305,359.75,3,3,4,10,Big Spenders,1,Core Growth
13158,2011-01-25 09:58:00,2011-09-06 11:58:00,4,1201.06,784,59,95,225,300.265,196.0,2,3,3,8,At Risk,0,Big-Ticket Occasionals
13159,2011-08-16 11:44:00,2011-12-01 11:20:00,4,1437.85,1059,114,9,107,359.4625,264.75,4,3,3,10,Hibernating,1,Core Growth
13160,2011-11-17 13:07:00,2011-11-17 13:07:00,1,91.8,56,4,22,1,91.8,56.0,3,1,1,5,Promising,2,Hibernating
13161,2011-01-30 14:03:00,2011-01-30 14:03:00,1,112.75,29,8,313,1,112.75,29.0,1,1,1,3,Hibernating,2,Hibernating
13162,2011-01-09 10:43:00,2011-08-09 15:59:00,4,1688.29,1713,74,122,213,422.0725,428.25,2,3,4,9,Big Spenders,0,Big-Ticket Occasionals
13165,2010-12-23 14:06:00,2011-10-24 15:05:00,2,1021.48,1376,40,46,306,510.74,688.0,3,2,3,8,Promising,0,Big-Ticket Occasionals
13166,2011-03-01 15:16:00,2011-03-01 15:16:00,1,417.2,216,39,283,1,417.2,216.0,1,1,2,4,Hibernating,0,Big-Ticket Occasionals
13167,2011-07-19 12:13:00,2011-11-21 12:24:00,4,791.33,785,51,19,126,197.8325,196.25,3,3,3,9,Hibernating,1,Core Growth
13168,2011-01-25 13:55:00,2011-11-03 12:56:00,4,1319.19,682,102,36,282,329.7975,170.5,3,3,3,9,Hibernating,1,Core Growth
13169,2011-04-01 14:24:00,2011-10-07 12:11:00,2,712.88,272,11,64,189,356.44,136.0,2,2,3,7,At Risk,0,Big-Ticket Occasionals
13170,2011-11-13 12:19:00,2011-11-13 12:19:00,1,116.00999999999999,147,29,27,1,116.00999999999999,147.0,3,1,1,5,Promising,2,Hibernating
13171,2011-02-13 14:16:00,2011-11-18 10:27:00,3,468.41,229,37,22,278,156.13666666666668,76.33333333333333,3,3,2,8,Hibernating,1,Core Growth
13173,2010-12-07 14:30:00,2011-12-05 15:51:00,2,353.65,277,41,4,364,176.825,138.5,4,2,2,8,Promising,1,Core Growth
13174,2010-12-05 16:24:00,2011-11-23 14:35:00,3,2817.03,1395,228,16,353,939.0100000000001,465.0,4,3,4,11,Big Spenders,3,Champions
13176,2011-10-24 15:43:00,2011-10-24 15:43:00,1,492.84,453,66,46,1,492.84,453.0,3,1,2,6,Promising,0,Big-Ticket Occasionals
13177,2011-10-06 09:56:00,2011-10-06 09:56:00,1,282.45,91,17,65,1,282.45,91.0,2,1,1,4,Hibernating,2,Hibernating
13178,2010-12-14 12:22:00,2011-11-13 16:14:00,11,5725.47,3570,95,26,335,520.4972727272727,324.54545454545456,3,4,4,11,Loyal Customers,3,Champions
13182,2011-10-25 13:46:00,2011-10-25 13:46:00,1,121.18,201,11,45,1,121.18,201.0,3,1,1,5,Promising,2,Hibernating
13183,2011-01-09 10:50:00,2011-12-02 10:30:00,9,3957.78,2208,51,8,327,439.75333333333333,245.33333333333334,4,4,4,12,Champions,3,Champions
13184,2011-02-22 17:25:00,2011-11-25 12:02:00,10,1701.29,1692,138,15,276,170.129,169.2,4,4,4,12,Champions,3,Champions
13185,2011-03-17 11:56:00,2011-03-17 11:56:00,1,71.4,12,1,268,1,71.4,12.0,1,1,1,3,Hibernating,2,Hibernating
13186,2011-08-03 09:09:00,2011-10-31 11:40:00,3,1575.89,820,69,40,90,525.2966666666667,273.3333333333333,3,3,3,9,Hibernating,0,Big-Ticket Occasionals
13187,2011-01-06 18:57:00,2011-01-06 18:57:00,1,236.02,95,37,337,1,236.02,95.0,1,1,1,3,Hibernating,2,Hibernating
13188,2011-11-28 15:28:00,2011-11-28 15:28:00,1,114.60000000000001,25,2,11,1,114.60000000000001,25.0,4,1,1,6,Promising,2,Hibernating
13189,2011-08-16 13:12:00,2011-11-21 10:39:00,2,260.68,842,29,19,97,130.34,421.0,3,2,1,6,Promising,1,Core Growth
13192,2011-05-18 14:57:00,2011-09-05 14:13:00,2,911.94,595,57,95,110,455.97,297.5,2,2,3,7,At Risk,0,Big-Ticket Occasionals
13193,2011-10-09 14:30:00,2011-10-09 14:30:00,1,117.88,50,22,61,1,117.88,50.0,2,1,1,4,Hibernating,2,Hibernating
13194,2011-07-27 09:01:00,2011-07-27 09:01:00,1,60.7,26,3,136,1,60.7,26.0,2,1,1,4,Hibernating,2,Hibernating
13196,2011-03-22 14:24:00,2011-11-28 13:54:00,4,1797.78,1224,97,11,251,449.445,306.0,4,3,4,11,Big Spenders,1,Core Growth
13198,2010-12-13 09:29:00,2011-11-29 15:17:00,6,3401.2400000000002,2648,199,10,352,566.8733333333333,441.3333333333333,4,4,4,12,Champions,3,Champions
13199,2010-12-08 10:51:00,2011-12-06 12:30:00,38,9817.12,6176,48,4,364,258.34526315789475,162.52631578947367,4,4,4,12,Champions,3,Champions
13200,2011-08-05 14:50:00,2011-11-20 15:35:00,4,870.09,516,42,19,108,217.5225,129.0,3,3,3,9,Hibernating,1,Core Growth
13203,2011-04-11 14:40:00,2011-11-30 10:45:00,4,869.46,800,56,10,233,217.365,200.0,4,3,3,10,Hibernating,1,Core Growth
13207,2011-07-12 11:35:00,2011-11-24 14:52:00,2,250.26000000000002,130,7,15,136,125.13000000000001,65.0,4,2,1,7,Promising,2,Hibernating
13208,2011-02-03 19:32:00,2011-10-12 09:54:00,6,1223.9,804,124,59,251,203.98333333333335,134.0,2,4,3,9,Loyal Customers,1,Core Growth
13209,2010-12-13 10:31:00,2011-11-09 13:54:00,8,5891.61,4253,255,30,332,736.45125,531.625,3,4,4,11,Loyal Customers,3,Champions
13210,2011-09-07 08:18:00,2011-09-07 08:18:00,1,353.48,316,22,94,1,353.48,316.0,2,1,2,5,Hibernating,0,Big-Ticket Occasionals
13211,2010-12-13 16:17:00,2011-11-29 14:43:00,3,1197.42,874,45,10,351,399.14000000000004,291.3333333333333,4,3,3,10,Hibernating,1,Core Growth
13212,2011-10-09 14:48:00,2011-11-20 12:40:00,3,788.08,310,128,20,42,262.6933333333333,103.33333333333333,3,3,3,9,Hibernating,1,Core Growth
13213,2011-05-24 12:22:00,2011-10-14 11:42:00,5,1520.58,1360,82,57,143,304.116,272.0,2,4,3,9,Loyal Customers,1,Core Growth
13216,2011-03-17 12:18:00,2011-03-17 12:18:00,1,333.74,297,5,268,1,333.74,297.0,1,1,2,4,Hibernating,0,Big-Ticket Occasionals
13217,2011-07-06 12:08:00,2011-08-09 15:32:00,3,533.98,262,3,122,35,177.99333333333334,87.33333333333333,2,3,2,7,At Risk,0,Big-Ticket Occasionals
13218,2011-08-04 16:59:00,2011-08-04 16:59:00,1,62.63999999999999,88,5,127,1,62.63999999999999,88.0,2,1,1,4,Hibernating,2,Hibernating
13220,2011-04-17 10:59:00,2011-09-22 13:38:00,4,819.2900000000001,196,18,78,159,204.82250000000002,49.0,2,3,3,8,At Risk,1,Core Growth
13221,2010-12-15 13:24:00,2011-04-13 16:58:00,2,847.41,244,62,240,120,423.705,122.0,1,2,3,6,At Risk,0,Big-Ticket Occasionals
13223,2011-04-21 15:16:00,2011-05-23 13:03:00,2,163.20000000000002,88,5,200,32,81.60000000000001,44.0,1,2,1,4,Hibernating,2,Hibernating
13224,2011-07-11 14:10:00,2011-10-10 14:55:00,2,2155.95,1518,101,60,92,1077.975,759.0,2,2,4,8,Big Spenders,0,Big-Ticket Occasionals
13225,2010-12-13 09:49:00,2011-12-06 13:29:00,7,6463.84,3416,23,3,359,923.4057142857143,488.0,4,4,4,12,Champions,3,Champions
13226,2011-03-11 14:35:00,2011-03-11 14:35:00,1,108.21000000000001,80,16,273,1,108.21000000000001,80.0,1,1,1,3,Hibernating,2,Hibernating
13227,2011-05-22 11:47:00,2011-05-22 11:47:00,1,257.7,99,9,202,1,257.7,99.0,1,1,1,3,Hibernating,2,Hibernating
13228,2011-09-19 14:28:00,2011-09-19 14:28:00,1,358.0,200,2,81,1,358.0,200.0,2,1,2,5,Hibernating,0,Big-Ticket Occasionals
13229,2011-04-28 12:07:00,2011-04-28 12:07:00,1,160.95,63,10,226,1,160.95,63.0,1,1,1,3,Hibernating,2,Hibernating
13230,2010-12-09 19:28:00,2011-12-05 16:03:00,14,2806.97,1665,393,4,361,200.49785714285713,118.92857142857143,4,4,4,12,Champions,3,Champions
13232,2011-04-10 13:48:00,2011-11-27 10:39:00,7,1357.6,778,147,13,231,193.94285714285712,111.14285714285714,4,4,3,11,Loyal Customers,1,Core Growth
13233,2011-01-07 14:49:00,2011-09-26 13:25:00,2,605.12,1004,43,74,262,302.56,502.0,2,2,2,6,Hibernating,0,Big-Ticket Occasionals
13235,2011-05-11 17:13:00,2011-05-11 17:13:00,1,1031.07,441,53,212,1,1031.07,441.0,1,1,3,5,At Risk,0,Big-Ticket Occasionals
13236,2011-08-25 08:58:00,2011-11-15 12:50:00,2,744.85,416,34,25,83,372.425,208.0,3,2,3,8,Promising,1,Core Growth
13238,2010-12-14 14:37:00,2011-11-22 15:37:00,4,700.73,298,20,17,344,175.1825,74.5,4,3,3,10,Hibernating,1,Core Growth
13239,2011-03-23 10:25:00,2011-03-23 10:25:00,1,329.56,327,21,262,1,329.56,327.0,1,1,2,4,Hibernating,0,Big-Ticket Occasionals
13240,2010-12-09 12:49:00,2011-09-04 14:08:00,4,663.65,298,59,96,270,165.9125,74.5,2,3,2,7,At Risk,1,Core Growth
13242,2011-05-10 12:26:00,2011-08-19 12:53:00,3,270.40000000000003,130,12,112,102,90.13333333333334,43.333333333333336,2,3,1,6,At Risk,2,Hibernating
13243,2011-05-20 13:14:00,2011-05-20 13:14:00,1,600.07,233,56,203,1,600.07,233.0,1,1,2,4,Hibernating,0,Big-Ticket Occasionals
13244,2011-09-08 11:46:00,2011-09-08 11:46:00,1,121.74000000000001,38,27,93,1,121.74000000000001,38.0,2,1,1,4,Hibernating,2,Hibernating
13245,2011-10-20 11:40:00,2011-10-20 11:40:00,1,430.5,125,16,51,1,430.5,125.0,3,1,2,6,Promising,0,Big-Ticket Occasionals
13246,2011-01-13 13:36:00,2011-11-21 16:50:00,6,1987.3,1602,110,18,313,331.21666666666664,267.0,4,4,4,12,Champions,3,Champions
13247,2011-09-18 11:31:00,2011-11-22 10:59:00,4,501.12,328,18,18,65,125.28,82.0,4,3,2,9,Hibernating,1,Core Growth
13248,2011-06-03 13:05:00,2011-08-07 12:40:00,2,465.68,305,25,125,65,232.84,152.5,2,2,2,6,Hibernating,0,Big-Ticket Occasionals
13249,2011-03-23 15:26:00,2011-09-08 13:26:00,3,711.41,546,21,92,169,237.13666666666666,182.0,2,3,3,8,At Risk,0,Big-Ticket Occasionals
13253,2011-01-04 15:43:00,2011-07-06 10:09:00,2,1030.4,1572,35,157,183,515.2,786.0,1,2,3,6,At Risk,0,Big-Ticket Occasionals
13255,2010-12-01 11:58:00,2011-11-30 13:14:00,2,399.51,177,13,9,365,199.755,88.5,4,2,2,8,Promising,1,Core Growth
13258,2011-05-18 13:11:00,2011-11-28 09:31:00,3,698.58,287,28,12,194,232.86,95.66666666666667,4,3,3,10,Hibernating,1,Core Growth
13259,2011-10-09 10:48:00,2011-10-09 10:48:00,1,292.32,132,77,62,1,292.32,132.0,2,1,1,4,Hibernating,2,Hibernating
13260,2011-10-09 13:21:00,2011-10-09 13:21:00,1,557.62,142,8,61,1,557.62,142.0,2,1,2,5,Hibernating,0,Big-Ticket Occasionals
13261,2011-02-27 10:41:00,2011-03-16 12:22:00,2,944.1,210,8,269,18,472.05,105.0,1,2,3,6,At Risk,0,Big-Ticket Occasionals
13262,2011-03-21 15:06:00,2011-03-21 15:06:00,1,200.29,125,11,263,1,200.29,125.0,1,1,1,3,Hibernating,2,Hibernating
13263,2011-01-18 16:31:00,2011-12-08 13:59:00,35,7454.07,4780,450,1,324,212.97342857142857,136.57142857142858,4,4,4,12,Champions,3,Champions
13265,2011-03-11 09:54:00,2011-10-17 15:02:00,5,2107.66,1752,66,53,221,421.532,350.4,2,4,4,10,Loyal Customers,3,Champions
13266,2011-03-28 10:14:00,2011-11-28 14:39:00,12,3834.2599999999998,4428,82,11,246,319.52166666666665,369.0,4,4,4,12,Champions,3,Champions
13267,2010-12-08 09:20:00,2011-12-07 11:12:00,19,4521.49,1969,88,3,365,237.97315789473683,103.63157894736842,4,4,4,12,Champions,3,Champions
13268,2011-03-17 13:20:00,2011-11-22 11:51:00,11,3214.69,3658,257,18,250,292.24454545454546,332.54545454545456,4,4,4,12,Champions,3,Champions
13269,2010-12-05 11:51:00,2011-12-08 14:53:00,15,5346.2300000000005,3514,177,1,369,356.41533333333336,234.26666666666668,4,4,4,12,Champions,3,Champions
13270,2010-12-08 14:53:00,2010-12-08 14:53:00,1,590.0,200,1,366,1,590.0,200.0,1,1,2,4,Hibernating,0,Big-Ticket Occasionals
13271,2011-11-02 14:31:00,2011-11-02 14:31:00,1,217.38,253,79,37,1,217.38,253.0,3,1,1,5,Promising,2,Hibernating
13272,2011-09-11 12:06:00,2011-11-08 14:00:00,2,276.56,96,15,31,59,138.28,48.0,3,2,1,6,Promising,2,Hibernating
13273,2011-08-18 14:02:00,2011-08-18 14:02:00,1,138.98,153,16,113,1,138.98,153.0,2,1,1,4,Hibernating,2,Hibernating
13276,2011-09-01 10:03:00,2011-10-07 12:44:00,2,590.9300000000001,161,30,64,37,295.46500000000003,80.5,2,2,2,6,Hibernating,0,Big-Ticket Occasionals
13277,2011-07-29 10:06:00,2011-11-24 09:21:00,4,258.4,176,5,16,118,64.6,44.0,4,3,1,8,Hibernating,1,Core Growth
13278,2011-10-30 11:49:00,2011-10-30 11:49:00,1,542.73,537,46,41,1,542.73,537.0,3,1,2,6,Promising,0,Big-Ticket Occasionals
13279,2011-09-22 17:24:00,2011-09-22 17:24:00,1,137.75,73,9,78,1,137.75,73.0,2,1,1,4,Hibernating,2,Hibernating
13280,2011-01-06 17:10:00,2011-08-09 13:14:00,3,814.86,522,67,122,215,271.62,174.0,2,3,3,8,At Risk,0,Big-Ticket Occasionals
13282,2011-05-03 12:03:00,2011-11-21 15:33:00,3,1132.14,307,29,18,203,377.38000000000005,102.33333333333333,4,3,3,10,Hibernating,1,Core Growth
13283,2011-06-07 12:39:00,2011-10-11 09:50:00,2,93.66,90,7,60,126,46.83,45.0,2,2,1,5,Hibernating,2,Hibernating
13284,2011-01-13 09:23:00,2011-01-13 09:23:00,1,201.19,91,13,331,1,201.19,91.0,1,1,1,3,Hibernating,2,Hibernating
13285,2011-02-22 17:13:00,2011-11-16 13:19:00,4,2709.12,2051,157,23,267,677.28,512.75,3,3,4,10,Big Spenders,3,Champions
13291,2011-07-07 10:36:00,2011-07-07 10:36:00,1,361.11,233,41,156,1,361.11,233.0,1,1,2,4,Hibernating,0,Big-Ticket Occasionals
13292,2011-02-28 15:00:00,2011-11-01 10:04:00,2,578.9399999999999,347,29,39,246,289.46999999999997,173.5,3,2,2,7,Promising,1,Core Growth
13294,2011-04-04 12:37:00,2011-06-03 08:54:00,2,873.74,453,48,190,60,436.87,226.5,1,2,3,6,At Risk,0,Big-Ticket Occasionals
13295,2010-12-15 11:21:00,2010-12-15 11:21:00,1,201.20000000000002,82,10,360,1,201.20000000000002,82.0,1,1,1,3,Hibernating,2,Hibernating
13296,2011-07-25 13:46:00,2011-07-25 13:46:00,1,87.4,78,5,137,1,87.4,78.0,2,1,1,4,Hibernating,2,Hibernating
13297,2011-10-03 15:08:00,2011-12-02 09:32:00,4,2089.85,963,52,8,60,522.4625,240.75,4,3,4,11,Big Spenders,3,Champions
13298,2011-12-08 13:11:00,2011-12-08 13:11:00,1,360.0,96,2,1,1,360.0,96.0,4,1,2,7,Promising,1,Core Growth
13299,2011-03-16 12:55:00,2011-03-16 12:55:00,1,142.5,30,5,268,1,142.5,30.0,1,1,1,3,Hibernating,2,Hibernating
13300,2011-06-23 13:09:00,2011-06-23 13:09:00,1,371.89,203,20,169,1,371.89,203.0,1,1,2,4,Hibernating,0,Big-Ticket Occasionals
13301,2011-02-20 13:13:00,2011-08-28 11:25:00,4,618.09,345,75,104,189,154.5225,86.25,2,3,2,7,At Risk,1,Core Growth
13302,2011-07-07 17:56:00,2011-07-07 17:56:00,1,63.75,5,1,155,1,63.75,5.0,1,1,1,3,Hibernating,2,Hibernating
13304,2010-12-23 14:35:00,2010-12-23 14:35:00,1,300.42,238,21,351,1,300.42,238.0,1,1,1,3,Hibernating,0,Big-Ticket Occasionals
13305,2010-12-02 12:10:00,2011-12-05 15:15:00,10,2000.86,1232,50,4,369,200.08599999999998,123.2,4,4,4,12,Champions,3,Champions
13307,2011-08-11 17:14:00,2011-08-11 17:14:00,1,15.0,4,1,120,1,15.0,4.0,2,1,1,4,Hibernating,2,Hibernating
13308,2011-05-20 13:13:00,2011-11-17 09:31:00,3,1385.51,843,49,23,181,461.83666666666664,281.0,3,3,3,9,Hibernating,1,Core Growth
13309,2011-02-04 12:29:00,2011-12-02 16:34:00,5,1456.79,1544,82,7,302,291.358,308.8,4,4,3,11,Loyal Customers,1,Core Growth
13310,2011-01-19 14:50:00,2011-11-11 17:23:00,3,1132.03,587,65,28,297,377.3433333333333,195.66666666666666,3,3,3,9,Hibernating,1,Core Growth
13311,2011-07-12 14:26:00,2011-12-05 12:55:00,2,598.57,305,25,4,146,299.285,152.5,4,2,2,8,Promising,1,Core Growth
13313,2011-01-04 10:00:00,2011-11-17 16:48:00,5,1555.32,851,47,22,318,311.06399999999996,170.2,3,4,3,10,Loyal Customers,1,Core Growth
13314,2011-09-27 10:20:00,2011-12-08 12:29:00,3,775.94,560,55,2,73,258.6466666666667,186.66666666666666,4,3,3,10,Hibernating,1,Core Growth
13316,2011-03-30 13:01:00,2011-11-02 13:40:00,4,5977.7300000000005,6948,66,37,218,1494.4325000000001,1737.0,3,3,4,10,Big Spenders,3,Champions
13317,2010-12-16 09:22:00,2011-10-04 13:35:00,6,2273.68,1035,100,66,293,378.94666666666666,172.5,2,4,4,10,Loyal Customers,3,Champions
13318,2011-11-02 13:26:00,2011-12-08 18:51:00,3,640.76,304,14,1,37,213.58666666666667,101.33333333333333,4,3,2,9,Hibernating,1,Core Growth
13319,2010-12-09 10:04:00,2011-12-04 13:34:00,26,10845.550000000001,4724,209,5,361,417.1365384615385,181.69230769230768,4,4,4,12,Champions,3,Champions
13320,2011-05-10 10:29:00,2011-09-22 18:07:00,4,1548.7,1096,77,78,136,387.175,274.0,2,3,3,8,At Risk,0,Big-Ticket Occasionals
13321,2011-09-14 15:18:00,2011-09-28 15:24:00,2,567.36,372,10,72,15,283.68,186.0,2,2,2,6,Hibernating,0,Big-Ticket Occasionals
13322,2011-11-22 14:21:00,2011-11-22 14:21:00,1,199.48000000000002,117,25,17,1,199.48000000000002,117.0,4,1,1,6,Promising,2,Hibernating
13323,2011-09-16 13:23:00,2011-12-06 17:12:00,5,787.85,175,6,3,82,157.57,35.0,4,4,3,11,Loyal Customers,1,Core Growth
13324,2010-12-14 09:50:00,2011-11-03 16:28:00,10,7121.95,5205,25,36,325,712.1949999999999,520.5,3,4,4,11,Loyal Customers,3,Champions
13325,2011-09-19 10:36:00,2011-09-19 10:36:00,1,675.3,240,12,82,1,675.3,240.0,2,1,3,6,At Risk,0,Big-Ticket Occasionals
13327,2010-12-09 15:32:00,2011-11-01 10:21:00,8,3627.77,1600,74,39,327,453.47125,200.0,3,4,4,11,Loyal Customers,3,Champions
13328,2011-01-27 15:22:00,2011-01-27 15:22:00,1,1308.48,680,17,316,1,1308.48,680.0,1,1,3,5,At Risk,0,Big-Ticket Occasionals
13329,2010-12-08 10:11:00,2011-11-08 10:29:00,2,789.0,463,16,32,336,394.5,231.5,3,2,3,8,Promising,0,Big-Ticket Occasionals
13330,2011-01-28 10:08:00,2011-09-08 12:27:00,3,1140.93,751,37,93,224,380.31,250.33333333333334,2,3,3,8,At Risk,0,Big-Ticket Occasionals
13332,2011-11-25 13:30:00,2011-11-25 13:30:00,1,350.9,179,21,14,1,350.9,179.0,4,1,2,7,Promising,1,Core Growth
13334,2011-02-07 11:42:00,2011-09-18 15:21:00,3,3536.82,1774,207,82,224,1178.94,591.3333333333334,2,3,4,9,Big Spenders,0,Big-Ticket Occasionals
13336,2011-09-23 14:05:00,2011-09-23 14:05:00,1,795.12,559,51,77,1,795.12,559.0,2,1,3,6,At Risk,0,Big-Ticket Occasionals
13338,2011-07-05 09:06:00,2011-07-05 09:06:00,1,487.02,256,19,158,1,487.02,256.0,1,1,2,4,Hibernating,0,Big-Ticket Occasionals
13339,2011-05-23 08:31:00,2011-05-23 08:31:00,1,860.12,326,54,201,1,860.12,326.0,1,1,3,5,At Risk,0,Big-Ticket Occasionals
13340,2011-03-08 11:39:00,2011-10-25 13:15:00,7,10736.48,5770,128,45,232,1533.782857142857,824.2857142857143,3,4,4,11,Loyal Customers,3,Champions
13341,2011-03-24 09:50:00,2011-03-24 09:50:00,1,775.85,301,42,261,1,775.85,301.0,1,1,3,5,At Risk,0,Big-Ticket Occasionals
13343,2011-06-15 12:24:00,2011-06-15 12:24:00,1,353.43,135,19,178,1,353.43,135.0,1,1,2,4,Hibernating,0,Big-Ticket Occasionals
13344,2011-03-07 10:28:00,2011-10-03 09:45:00,3,2543.72,971,115,68,210,847.9066666666666,323.6666666666667,2,3,4,9,Big Spenders,0,Big-Ticket Occasionals
13345,2011-02-25 09:01:00,2011-02-25 09:01:00,1,389.5,141,20,288,1,389.5,141.0,1,1,2,4,Hibernating,0,Big-Ticket Occasionals
13347,2011-09-30 13:28:00,2011-09-30 13:28:00,1,341.36,205,8,70,1,341.36,205.0,2,1,2,5,Hibernating,0,Big-Ticket Occasionals
13348,2011-10-06 17:28:00,2011-10-06 17:28:00,1,233.76,136,14,64,1,233.76,136.0,2,1,1,4,Hibernating,2,Hibernating
13349,2011-11-29 08:07:00,2011-11-29 08:07:00,1,247.32,225,16,11,1,247.32,225.0,4,1,1,6,Promising,1,Core Growth
13350,2011-09-21 13:33:00,2011-11-23 16:33:00,2,979.12,287,36,16,64,489.56,143.5,4,2,3,9,Promising,1,Core Growth
13351,2011-10-04 12:55:00,2011-10-04 12:55:00,1,373.94,117,16,66,1,373.94,117.0,2,1,2,5,Hibernating,0,Big-Ticket Occasionals
13352,2011-10-10 13:55:00,2011-10-10 13:55:00,1,397.97999999999996,321,24,60,1,397.97999999999996,321.0,2,1,2,5,Hibernating,0,Big-Ticket Occasionals
13354,2011-09-29 13:17:00,2011-09-29 13:17:00,1,743.53,604,51,71,1,743.53,604.0,2,1,3,6,At Risk,0,Big-Ticket Occasionals
13355,2011-08-09 14:48:00,2011-08-09 14:48:00,1,674.7,314,32,122,1,674.7,314.0,2,1,3,6,At Risk,0,Big-Ticket Occasionals
13356,2011-09-20 14:33:00,2011-09-20 14:33:00,1,768.24,325,42,80,1,768.24,325.0,2,1,3,6,At Risk,0,Big-Ticket Occasionals
13357,2011-03-27 13:56:00,2011-03-27 13:56:00,1,609.95,322,85,257,1,609.95,322.0,1,1,2,4,Hibernating,0,Big-Ticket Occasionals
13358,2011-03-16 11:52:00,2011-03-16 11:52:00,1,439.03,285,29,269,1,439.03,285.0,1,1,2,4,Hibernating,0,Big-Ticket Occasionals
13359,2011-10-07 09:30:00,2011-10-07 09:30:00,1,439.56,161,23,64,1,439.56,161.0,2,1,2,5,Hibernating,0,Big-Ticket Occasionals
13362,2011-02-25 11:33:00,2011-11-30 14:41:00,4,3090.7400000000002,1382,128,9,279,772.6850000000001,345.5,4,3,4,11,Big Spenders,3,Champions
13363,2011-10-27 10:46:00,2011-11-22 12:40:00,2,992.5,710,47,18,27,496.25,355.0,4,2,3,9,Promising,1,Core Growth
13364,2011-09-29 18:13:00,2011-09-29 18:13:00,1,134.95999999999998,71,10,71,1,134.95999999999998,71.0,2,1,1,4,Hibernating,2,Hibernating
13365,2011-05-06 12:00:00,2011-11-06 12:36:00,2,2225.37,1247,122,34,185,1112.685,623.5,3,2,4,9,Big Spenders,0,Big-Ticket Occasionals
13366,2011-10-20 13:37:00,2011-10-20 13:37:00,1,56.160000000000004,144,1,50,1,56.160000000000004,144.0,3,1,1,5,Promising,2,Hibernating
13368,2011-01-06 12:32:00,2011-03-28 09:59:00,2,623.4,327,29,257,81,311.7,163.5,1,2,2,5,Hibernating,0,Big-Ticket Occasionals
13369,2010-12-09 11:30:00,2010-12-09 11:30:00,1,308.28000000000003,149,14,366,1,308.28000000000003,149.0,1,1,2,4,Hibernating,0,Big-Ticket Occasionals
13370,2010-12-03 10:26:00,2010-12-03 10:26:00,1,754.87,343,39,372,1,754.87,343.0,1,1,3,5,At Risk,0,Big-Ticket Occasionals
13372,2011-09-11 12:46:00,2011-09-11 12:46:00,1,378.64,159,23,90,1,378.64,159.0,2,1,2,5,Hibernating,0,Big-Ticket Occasionals
13373,2011-03-08 14:35:00,2011-10-10 10:51:00,3,3312.25,1651,135,61,216,1104.0833333333333,550.3333333333334,2,3,4,9,Big Spenders,0,Big-Ticket Occasionals
13375,2011-09-12 10:19:00,2011-09-12 10:19:00,1,778.65,442,37,89,1,778.65,442.0,2,1,3,6,At Risk,0,Big-Ticket Occasionals
13376,2011-04-19 13:03:00,2011-09-01 16:16:00,3,1019.76,493,45,99,136,339.92,164.33333333333334,2,3,3,8,At Risk,0,Big-Ticket Occasionals
13379,2011-07-26 12:26:00,2011-11-13 13:45:00,3,572.56,601,85,26,111,190.85333333333332,200.33333333333334,3,3,2,8,Hibernating,1,Core Growth
13381,2011-02-14 10:10:00,2011-11-08 11:58:00,6,3639.31,2029,77,32,268,606.5516666666666,338.1666666666667,3,4,4,11,Loyal Customers,3,Champions
13382,2011-03-04 10:03:00,2011-03-04 10:03:00,1,222.99,131,15,281,1,222.99,131.0,1,1,1,3,Hibernating,2,Hibernating
13384,2011-06-14 12:47:00,2011-11-09 11:04:00,7,4151.93,2422,123,31,148,593.1328571428572,346.0,3,4,4,11,Loyal Customers,3,Champions
13385,2011-01-14 09:52:00,2011-01-14 09:52:00,1,534.57,281,35,330,1,534.57,281.0,1,1,2,4,Hibernating,0,Big-Ticket Occasionals
13388,2011-07-31 12:52:00,2011-07-31 12:52:00,2,677.1,282,35,131,1,338.55,141.0,2,2,3,7,At Risk,0,Big-Ticket Occasionals
13389,2011-04-21 12:12:00,2011-11-28 14:01:00,3,797.96,429,50,11,222,265.9866666666667,143.0,4,3,3,10,Hibernating,1,Core Growth
13390,2011-09-26 08:38:00,2011-09-26 08:38:00,1,544.08,224,13,75,1,544.08,224.0,2,1,2,5,Hibernating,0,Big-Ticket Occasionals
13391,2011-05-20 10:50:00,2011-05-20 10:50:00,1,59.8,4,1,204,1,59.8,4.0,1,1,1,3,Hibernating,2,Hibernating
13394,2011-02-03 10:39:00,2011-12-08 11:36:00,8,2520.02,2392,124,2,309,315.0025,299.0,4,4,4,12,Champions,3,Champions
13395,2011-06-07 15:04:00,2011-06-07 15:04:00,1,307.72,336,21,185,1,307.72,336.0,1,1,2,4,Hibernating,0,Big-Ticket Occasionals
13396,2011-01-24 13:37:00,2011-11-10 16:59:00,2,1360.99,600,42,29,291,680.495,300.0,3,2,3,8,Promising,0,Big-Ticket Occasionals
13397,2011-01-04 13:50:00,2011-09-28 10:56:00,5,1544.13,430,28,73,267,308.826,86.0,2,4,3,9,Loyal Customers,1,Core Growth
13398,2011-05-31 13:17:00,2011-05-31 13:17:00,1,457.34,281,26,192,1,457.34,281.0,1,1,2,4,Hibernating,0,Big-Ticket Occasionals
13402,2010-12-02 17:12:00,2011-08-04 15:51:00,2,621.23,479,32,127,245,310.615,239.5,2,2,2,6,Hibernating,0,Big-Ticket Occasionals
13403,2011-11-22 08:28:00,2011-11-22 08:28:00,1,75.0,44,3,18,1,75.0,44.0,4,1,1,6,Promising,2,Hibernating
13404,2011-05-11 11:57:00,2011-12-08 15:37:00,2,252.49,111,11,1,212,126.245,55.5,4,2,1,7,Promising,1,Core Growth
13405,2011-01-26 09:27:00,2011-09-26 17:01:00,3,572.451,165,25,74,244,190.817,55.0,2,3,2,7,At Risk,1,Core Growth
13408,2010-12-01 10:39:00,2011-12-08 09:05:00,62,28117.04,16232,234,2,372,453.5006451612903,261.80645161290323,4,4,4,12,Champions,3,Champions
13410,2011-02-21 14:38:00,2011-11-15 15:33:00,5,1003.06,518,15,24,268,200.612,103.6,3,4,3,10,Loyal Customers,1,Core Growth
13411,2011-08-24 13:57:00,2011-08-24 13:57:00,1,213.55,72,17,107,1,213.55,72.0,2,1,1,4,Hibernating,2,Hibernating
13414,2011-02-16 12:13:00,2011-07-29 11:45:00,3,1390.5,1574,23,134,163,463.5,524.6666666666666,2,3,3,8,At Risk,0,Big-Ticket Occasionals
13416,2011-09-19 14:43:00,2011-10-27 08:56:00,2,712.5,142,11,44,38,356.25,71.0,3,2,3,8,Promising,0,Big-Ticket Occasionals
13417,2011-05-18 16:26:00,2011-12-05 08:49:00,2,640.83,162,26,5,201,320.415,81.0,4,2,2,8,Promising,1,Core Growth
13418,2010-12-02 10:45:00,2011-11-28 10:23:00,18,6127.43,3918,223,12,361,340.4127777777778,217.66666666666666,4,4,4,12,Champions,3,Champions
13419,2011-10-07 12:49:00,2011-10-07 12:49:00,1,221.06,275,16,64,1,221.06,275.0,2,1,1,4,Hibernating,2,Hibernating
13420,2011-06-22 11:35:00,2011-07-13 08:48:00,2,159.85,101,8,150,21,79.925,50.5,1,2,1,4,Hibernating,2,Hibernating
13421,2011-02-22 15:46:00,2011-10-30 14:21:00,2,1851.08,1181,88,40,250,925.54,590.5,3,2,4,9,Big Spenders,0,Big-Ticket Occasionals
13422,2011-10-06 13:42:00,2011-10-06 13:42:00,1,2626.3,1326,127,64,1,2626.3,1326.0,2,1,4,7,Big Spenders,0,Big-Ticket Occasionals
13425,2011-02-18 08:34:00,2011-08-23 17:13:00,3,1624.21,1123,66,108,187,541.4033333333333,374.3333333333333,2,3,3,8,At Risk,0,Big-Ticket Occasionals
13426,2010-12-15 12:43:00,2011-12-09 08:59:00,10,3641.32,2245,103,1,359,364.132,224.5,4,4,4,12,Champions,3,Champions
13427,2011-05-08 15:58:00,2011-11-20 13:02:00,3,582.6,545,25,19,196,194.20000000000002,181.66666666666666,3,3,2,8,Hibernating,1,Core Growth
13428,2011-11-29 14:20:00,2011-11-29 14:20:00,1,218.47,156,70,10,1,218.47,156.0,4,1,1,6,Promising,1,Core Growth
13429,2011-09-25 15:59:00,2011-11-29 09:10:00,4,1006.8,1390,55,11,65,251.7,347.5,4,3,3,10,Hibernating,1,Core Growth
13430,2011-09-14 14:26:00,2011-11-21 08:19:00,2,679.45,751,48,19,68,339.725,375.5,3,2,3,8,Promising,1,Core Growth
13431,2011-09-12 11:25:00,2011-10-03 13:49:00,2,1269.1,672,44,67,22,634.55,336.0,2,2,3,7,At Risk,0,Big-Ticket Occasionals
13434,2011-09-04 10:35:00,2011-09-26 14:30:00,2,534.24,300,9,74,23,267.12,150.0,2,2,2,6,Hibernating,0,Big-Ticket Occasionals
13435,2011-06-03 17:07:00,2011-12-04 14:45:00,7,3809.8900000000003,2129,68,5,184,544.2700000000001,304.14285714285717,4,4,4,12,Champions,3,Champions
13436,2011-12-08 10:33:00,2011-12-08 10:33:00,1,196.89,76,12,2,1,196.89,76.0,4,1,1,6,Promising,1,Core Growth
13437,2011-06-02 14:30:00,2011-11-25 14:00:00,7,3408.06,1283,143,14,176,486.86571428571426,183.28571428571428,4,4,4,12,Champions,3,Champions
13439,2011-03-29 14:20:00,2011-03-29 14:20:00,1,283.71,242,54,255,1,283.71,242.0,1,1,1,3,Hibernating,0,Big-Ticket Occasionals
13441,2011-09-09 09:38:00,2011-09-09 09:38:00,1,296.64,204,13,92,1,296.64,204.0,2,1,1,4,Hibernating,0,Big-Ticket Occasionals
13447,2011-11-04 10:10:00,2011-11-16 13:38:00,3,1129.14,584,55,23,13,376.38000000000005,194.66666666666666,3,3,3,9,Hibernating,1,Core Growth
13448,2010-12-01 10:52:00,2011-11-23 12:33:00,6,3539.37,1660,137,17,358,589.895,276.6666666666667,4,4,4,12,Champions,3,Champions
13449,2011-11-16 08:28:00,2011-11-16 08:28:00,1,291.88,222,19,24,1,291.88,222.0,3,1,1,5,Promising,1,Core Growth
13450,2011-05-05 19:48:00,2011-11-13 11:54:00,6,2043.7199999999998,1982,32,27,192,340.61999999999995,330.3333333333333,3,4,4,11,Loyal Customers,3,Champions
13451,2011-01-09 15:35:00,2011-11-13 15:58:00,5,2976.15,2149,315,26,309,595.23,429.8,3,4,4,11,Loyal Customers,3,Champions
13452,2011-03-14 11:38:00,2011-03-25 14:19:00,2,590.0,2,1,259,12,295.0,1.0,1,2,2,5,Hibernating,2,Hibernating
13453,2011-02-23 09:44:00,2011-06-27 09:34:00,2,356.97999999999996,134,16,166,124,178.48999999999998,67.0,1,2,2,5,Hibernating,2,Hibernating
13455,2010-12-08 13:11:00,2011-11-15 11:21:00,2,1058.34,354,42,25,342,529.17,177.0,3,2,3,8,Promising,0,Big-Ticket Occasionals
13456,2011-05-16 15:34:00,2011-11-22 09:18:00,6,1766.72,765,43,18,190,294.4533333333333,127.5,4,4,4,12,Champions,1,Core Growth
13458,2010-12-15 12:05:00,2011-12-02 15:29:00,14,9646.57,5508,242,7,353,689.0407142857142,393.42857142857144,4,4,4,12,Champions,3,Champions
13460,2011-10-21 09:50:00,2011-11-10 17:17:00,2,183.44,286,16,29,21,91.72,143.0,3,2,1,6,Promising,2,Hibernating
13461,2011-06-29 10:23:00,2011-11-01 09:01:00,3,1445.0,1170,14,39,125,481.6666666666667,390.0,3,3,3,9,Hibernating,0,Big-Ticket Occasionals
13462,2011-04-01 11:20:00,2011-04-01 11:20:00,1,151.5,62,9,253,1,151.5,62.0,1,1,1,3,Hibernating,2,Hibernating
13464,2011-10-12 15:01:00,2011-10-12 15:01:00,1,674.68,403,41,58,1,674.68,403.0,2,1,3,6,At Risk,0,Big-Ticket Occasionals
13466,2011-06-08 16:39:00,2011-06-08 16:39:00,1,307.9,259,17,184,1,307.9,259.0,1,1,2,4,Hibernating,0,Big-Ticket Occasionals
13467,2011-11-03 16:56:00,2011-11-29 10:01:00,2,1083.71,584,89,11,26,541.855,292.0,4,2,3,9,Promising,1,Core Growth
13468,2010-12-01 15:08:00,2011-12-08 10:39:00,37,5704.97,2589,184,2,372,154.1883783783784,69.97297297297297,4,4,4,12,Champions,3,Champions
13470,2011-08-16 17:06:00,2011-09-01 14:57:00,2,165.0,100,7,99,16,82.5,50.0,2,2,1,5,Hibernating,2,Hibernating
13471,2011-10-23 13:10:00,2011-12-08 15:44:00,4,2531.58,1590,214,1,47,632.895,397.5,4,3,4,11,Big Spenders,3,Champions
13473,2011-01-11 08:45:00,2011-10-10 11:20:00,2,422.64,266,21,61,273,211.32,133.0,2,2,2,6,Hibernating,1,Core Growth
13474,2011-04-17 13:53:00,2011-04-17 13:53:00,1,229.59,132,59,236,1,229.59,132.0,1,1,1,3,Hibernating,2,Hibernating
13475,2011-02-14 12:36:00,2011-06-01 13:52:00,4,1431.78,1012,64,191,108,357.945,253.0,1,3,3,7,At Risk,0,Big-Ticket Occasionals
13476,2011-03-03 14:43:00,2011-06-14 12:00:00,2,1238.47,417,56,179,103,619.235,208.5,1,2,3,6,At Risk,0,Big-Ticket Occasionals
13477,2011-02-21 12:29:00,2011-11-02 12:04:00,6,1454.58,1021,57,38,254,242.42999999999998,170.16666666666666,3,4,3,10,Loyal Customers,1,Core Growth
13479,2011-04-19 11:27:00,2011-05-23 10:45:00,2,300.95,134,14,201,34,150.475,67.0,1,2,1,4,Hibernating,2,Hibernating
13481,2011-03-28 09:07:00,2011-10-25 09:07:00,5,1804.56,1142,98,46,212,360.912,228.4,3,4,4,11,Loyal Customers,1,Core Growth
13482,2011-04-21 17:03:00,2011-04-21 17:03:00,1,184.64,116,11,232,1,184.64,116.0,1,1,1,3,Hibernating,2,Hibernating
13483,2011-10-05 11:53:00,2011-10-05 11:53:00,1,140.34,160,10,66,1,140.34,160.0,2,1,1,4,Hibernating,2,Hibernating
13484,2011-04-12 16:30:00,2011-04-12 16:30:00,1,313.8,44,8,241,1,313.8,44.0,1,1,2,4,Hibernating,2,Hibernating
13485,2011-04-20 13:58:00,2011-04-20 13:58:00,1,454.24,277,23,233,1,454.24,277.0,1,1,2,4,Hibernating,0,Big-Ticket Occasionals
13486,2011-07-07 17:19:00,2011-09-22 13:13:00,3,1122.41,669,69,78,77,374.1366666666667,223.0,2,3,3,8,At Risk,0,Big-Ticket Occasionals
13487,2010-12-21 14:54:00,2011-10-13 12:07:00,3,575.4,265,26,58,296,191.79999999999998,88.33333333333333,2,3,2,7,At Risk,1,Core Growth
13488,2010-12-07 13:01:00,2011-11-22 14:41:00,13,8968.31,4518,271,17,351,689.87,347.53846153846155,4,4,4,12,Champions,3,Champions
13489,2011-02-18 10:42:00,2011-08-26 13:16:00,4,449.52,560,11,105,190,112.38,140.0,2,3,2,7,At Risk,1,Core Growth
13491,2010-12-02 14:30:00,2011-10-19 08:32:00,10,1215.82,903,73,52,321,121.582,90.3,2,4,3,9,Loyal Customers,1,Core Growth
13492,2011-05-09 10:06:00,2011-07-26 14:25:00,3,1269.84,408,38,136,79,423.28,136.0,2,3,3,8,At Risk,0,Big-Ticket Occasionals
13493,2011-02-25 16:42:00,2011-03-09 15:35:00,2,618.63,380,6,275,12,309.315,190.0,1,2,2,5,Hibernating,0,Big-Ticket Occasionals
13494,2011-02-01 11:58:00,2011-02-01 11:58:00,1,316.26000000000005,162,18,312,1,316.26000000000005,162.0,1,1,2,4,Hibernating,0,Big-Ticket Occasionals
13495,2010-12-06 15:14:00,2011-12-02 11:21:00,5,2044.8700000000001,829,34,8,361,408.97400000000005,165.8,4,4,4,12,Champions,3,Champions
13496,2010-12-15 10:17:00,2011-11-29 10:58:00,2,653.33,341,28,11,350,326.665,170.5,4,2,2,8,Promising,1,Core Growth
13497,2010-12-06 11:37:00,2011-03-02 09:04:00,2,348.05,163,19,283,86,174.025,81.5,1,2,2,5,Hibernating,2,Hibernating
13499,2011-03-15 08:52:00,2011-11-22 11:21:00,5,1159.11,1365,31,18,253,231.82199999999997,273.0,4,4,3,11,Loyal Customers,1,Core Growth
13500,2011-08-09 12:20:00,2011-11-16 15:35:00,3,1166.77,609,60,23,100,388.92333333333335,203.0,3,3,3,9,Hibernating,1,Core Growth
13501,2011-02-24 18:59:00,2011-02-24 18:59:00,1,1340.32,560,52,288,1,1340.32,560.0,1,1,3,5,At Risk,0,Big-Ticket Occasionals
13502,2011-01-20 09:03:00,2011-11-23 10:39:00,3,292.0,264,17,17,308,97.33333333333333,88.0,4,3,1,8,Hibernating,1,Core Growth
13503,2011-09-29 13:23:00,2011-09-29 13:23:00,1,216.85,248,17,71,1,216.85,248.0,2,1,1,4,Hibernating,2,Hibernating
13504,2011-10-06 13:20:00,2011-10-06 13:20:00,1,295.93,178,22,64,1,295.93,178.0,2,1,1,4,Hibernating,0,Big-Ticket Occasionals
13505,2011-04-21 12:07:00,2011-09-28 11:56:00,4,4393.63,2486,182,73,160,1098.4075,621.5,2,3,4,9,Big Spenders,3,Champions
13506,2010-12-05 12:15:00,2011-01-27 13:53:00,2,458.52,324,26,316,54,229.26,162.0,1,2,2,5,Hibernating,0,Big-Ticket Occasionals
13507,2011-07-17 11:50:00,2011-12-06 13:13:00,4,2479.16,1597,146,3,143,619.79,399.25,4,3,4,11,Big Spenders,3,Champions
13508,2011-04-10 11:58:00,2011-04-10 11:58:00,1,110.97,24,12,244,1,110.97,24.0,1,1,1,3,Hibernating,2,Hibernating
13509,2011-02-28 13:27:00,2011-12-01 10:10:00,7,979.72,1106,27,9,276,139.96,158.0,4,4,3,11,Loyal Customers,1,Core Growth
13510,2011-06-09 09:32:00,2011-12-08 13:46:00,4,1791.56,1386,86,1,183,447.89,346.5,4,3,4,11,Big Spenders,3,Champions
13512,2011-03-24 10:03:00,2011-03-24 10:03:00,1,251.21,143,15,261,1,251.21,143.0,1,1,1,3,Hibernating,2,Hibernating
13513,2011-08-05 11:50:00,2011-08-05 11:50:00,1,205.1,109,10,127,1,205.1,109.0,2,1,1,4,Hibernating,2,Hibernating
13514,2011-09-27 09:39:00,2011-09-27 09:39:00,1,152.20000000000002,40,4,74,1,152.20000000000002,40.0,2,1,1,4,Hibernating,2,Hibernating
13515,2011-04-06 10:33:00,2011-09-28 11:26:00,4,891.12,681,50,73,176,222.78,170.25,2,3,3,8,At Risk,1,Core Growth
13516,2011-04-15 11:06:00,2011-11-18 13:15:00,3,1389.41,985,43,21,218,463.1366666666667,328.3333333333333,3,3,3,9,Hibernating,1,Core Growth
13517,2011-06-13 08:44:00,2011-10-11 11:43:00,3,2128.42,1369,125,60,121,709.4733333333334,456.3333333333333,2,3,4,9,Big Spenders,0,Big-Ticket Occasionals
13518,2011-09-15 10:29:00,2011-09-15 10:29:00,1,659.4399999999999,392,36,86,1,659.4399999999999,392.0,2,1,2,5,Hibernating,0,Big-Ticket Occasionals
13519,2011-09-22 18:24:00,2011-09-22 18:24:00,1,122.75,23,8,78,1,122.75,23.0,2,1,1,4,Hibernating,2,Hibernating
13520,2010-12-03 10:36:00,2011-10-12 10:20:00,6,3624.35,1649,49,59,313,604.0583333333333,274.8333333333333,2,4,4,10,Loyal Customers,3,Champions
13521,2011-11-29 15:09:00,2011-12-08 13:50:00,3,1093.65,736,313,1,9,364.55,245.33333333333334,4,3,3,10,Hibernating,1,Core Growth
13522,2011-11-09 15:11:00,2011-11-09 15:11:00,1,125.80000000000001,44,5,30,1,125.80000000000001,44.0,3,1,1,5,Promising,2,Hibernating
13523,2010-12-08 14:22:00,2011-11-06 15:11:00,5,3964.88,1752,157,33,334,792.976,350.4,3,4,4,11,Loyal Customers,3,Champions
13524,2011-05-04 12:26:00,2011-10-30 12:34:00,5,680.1800000000001,324,17,41,180,136.036,64.8,3,4,3,10,Loyal Customers,1,Core Growth
13525,2011-04-05 15:36:00,2011-11-25 12:01:00,2,628.78,394,5,15,234,314.39,197.0,4,2,2,8,Promising,1,Core Growth
13527,2011-01-17 11:17:00,2011-11-06 12:04:00,7,2287.51,1692,153,34,294,326.7871428571429,241.71428571428572,3,4,4,11,Loyal Customers,3,Champions
13529,2011-05-19 11:50:00,2011-09-22 09:15:00,2,307.76,74,15,79,126,153.88,37.0,2,2,2,6,Hibernating,2,Hibernating
13531,2010-12-08 15:03:00,2011-05-18 16:56:00,2,483.8,174,17,205,162,241.9,87.0,1,2,2,5,Hibernating,0,Big-Ticket Occasionals
13532,2011-11-06 12:25:00,2011-11-06 12:25:00,1,210.31,129,66,34,1,210.31,129.0,3,1,1,5,Promising,2,Hibernating
13533,2011-03-17 12:47:00,2011-06-10 11:54:00,3,270.79,204,61,183,85,90.26333333333334,68.0,1,3,1,5,At Risk,2,Hibernating
13534,2010-12-16 15:23:00,2011-12-07 14:52:00,25,5870.08,2961,119,2,356,234.8032,118.44,4,4,4,12,Champions,3,Champions
13536,2011-09-25 13:30:00,2011-12-08 16:38:00,7,3448.29,2136,91,1,75,492.61285714285714,305.14285714285717,4,4,4,12,Champions,3,Champions
13538,2011-01-28 10:40:00,2011-10-27 16:34:00,7,1280.85,175,10,43,273,182.97857142857143,25.0,3,4,3,10,Loyal Customers,1,Core Growth
13539,2011-02-03 15:23:00,2011-09-15 10:18:00,3,631.34,320,35,86,224,210.4466666666667,106.66666666666667,2,3,2,7,At Risk,1,Core Growth
13544,2011-04-13 12:09:00,2011-10-31 11:57:00,2,291.41,127,76,40,201,145.705,63.5,3,2,1,6,Promising,2,Hibernating
13546,2011-05-23 12:14:00,2011-11-27 14:50:00,3,626.99,359,72,12,189,208.99666666666667,119.66666666666667,4,3,2,9,Hibernating,1,Core Growth
13548,2011-04-10 11:35:00,2011-09-04 14:50:00,2,682.41,441,114,96,148,341.205,220.5,2,2,3,7,At Risk,0,Big-Ticket Occasionals
13549,2011-04-11 13:42:00,2011-11-14 09:20:00,7,918.2,458,37,26,217,131.17142857142858,65.42857142857143,3,4,3,10,Loyal Customers,1,Core Growth
13551,2011-01-24 14:46:00,2011-01-24 14:46:00,1,91.80000000000001,12,4,319,1,91.80000000000001,12.0,1,1,1,3,Hibernating,2,Hibernating
13552,2011-01-28 10:10:00,2011-10-04 15:19:00,12,3740.07,1417,82,66,250,311.6725,118.08333333333333,2,4,4,10,Loyal Customers,3,Champions
13555,2011-05-22 11:06:00,2011-09-27 12:36:00,4,4149.28,2660,128,74,129,1037.32,665.0,2,3,4,9,Big Spenders,3,Champions
13557,2011-03-04 12:14:00,2011-11-11 15:24:00,2,584.06,546,31,28,253,292.03,273.0,3,2,2,7,Promising,1,Core Growth
13558,2011-10-02 13:01:00,2011-12-04 11:24:00,4,605.06,344,123,6,63,151.265,86.0,4,3,2,9,Hibernating,1,Core Growth
13560,2011-12-02 13:11:00,2011-12-02 13:11:00,1,174.37,64,32,7,1,174.37,64.0,4,1,1,6,Promising,2,Hibernating
13561,2011-05-08 12:39:00,2011-05-08 12:39:00,1,141.85999999999999,83,14,216,1,141.85999999999999,83.0,1,1,1,3,Hibernating,2,Hibernating
13562,2011-04-08 12:42:00,2011-09-19 10:51:00,3,1799.33,757,50,82,164,599.7766666666666,252.33333333333334,2,3,4,9,Big Spenders,0,Big-Ticket Occasionals
13563,2011-07-22 17:21:00,2011-09-16 14:45:00,2,777.53,209,49,84,56,388.765,104.5,2,2,3,7,At Risk,0,Big-Ticket Occasionals
13564,2010-12-06 17:26:00,2011-07-18 14:33:00,3,1749.02,661,68,144,224,583.0066666666667,220.33333333333334,1,3,4,8,At Risk,0,Big-Ticket Occasionals
13565,2011-01-09 14:28:00,2011-11-20 14:33:00,2,240.22,172,35,19,316,120.11,86.0,3,2,1,6,Promising,2,Hibernating
13566,2011-09-18 12:40:00,2011-10-30 11:59:00,2,874.71,575,134,41,42,437.355,287.5,3,2,3,8,Promising,0,Big-Ticket Occasionals
13568,2011-06-19 14:42:00,2011-06-19 14:42:00,1,192.85,70,41,173,1,192.85,70.0,1,1,1,3,Hibernating,2,Hibernating
13569,2010-12-07 12:29:00,2011-11-22 13:07:00,2,373.75,164,73,17,351,186.875,82.0,4,2,2,8,Promising,1,Core Growth
13570,2011-04-10 13:36:00,2011-04-10 13:36:00,1,239.49,161,27,243,1,239.49,161.0,1,1,1,3,Hibernating,2,Hibernating
13571,2011-03-31 12:43:00,2011-11-27 10:47:00,12,2092.32,1759,157,13,241,174.36,146.58333333333334,4,4,4,12,Champions,3,Champions
13572,2011-05-18 11:59:00,2011-05-18 11:59:00,1,1384.25,534,32,206,1,1384.25,534.0,1,1,3,5,At Risk,0,Big-Ticket Occasionals
13573,2011-03-31 14:47:00,2011-10-20 14:33:00,2,294.4,303,24,50,203,147.2,151.5,3,2,1,6,Promising,2,Hibernating
13575,2011-06-16 14:24:00,2011-11-16 13:14:00,5,732.0699999999999,449,41,23,153,146.414,89.8,3,4,3,10,Loyal Customers,1,Core Growth
13576,2010-12-01 17:24:00,2011-11-29 15:34:00,18,6717.34,2646,78,10,363,373.18555555555554,147.0,4,4,4,12,Champions,3,Champions
13577,2011-04-12 10:33:00,2011-11-14 15:19:00,4,1687.6000000000001,791,61,25,217,421.90000000000003,197.75,3,3,4,10,Big Spenders,1,Core Growth
13579,2010-12-05 16:10:00,2011-11-25 08:41:00,2,467.04,176,19,15,355,233.52,88.0,4,2,2,8,Promising,1,Core Growth
13581,2011-02-03 14:41:00,2011-02-03 14:41:00,1,118.0,30,10,309,1,118.0,30.0,1,1,1,3,Hibernating,2,Hibernating
13583,2011-07-07 10:40:00,2011-07-07 10:40:00,1,781.03,725,53,156,1,781.03,725.0,1,1,3,5,At Risk,0,Big-Ticket Occasionals
13584,2011-02-06 12:49:00,2011-02-06 12:49:00,1,142.4,37,24,307,1,142.4,37.0,1,1,1,3,Hibernating,2,Hibernating
13587,2011-10-07 12:31:00,2011-10-07 12:31:00,1,712.4,180,8,64,1,712.4,180.0,2,1,3,6,At Risk,0,Big-Ticket Occasionals
13588,2011-03-29 15:53:00,2011-11-24 10:42:00,9,2478.95,2606,131,16,240,275.43888888888887,289.55555555555554,4,4,4,12,Champions,3,Champions
13589,2011-06-13 12:44:00,2011-11-25 12:10:00,2,379.65,114,21,15,165,189.825,57.0,4,2,2,8,Promising,1,Core Growth
13590,2011-02-09 13:25:00,2011-11-28 12:54:00,6,1981.92,1848,70,11,292,330.32,308.0,4,4,4,12,Champions,3,Champions
13591,2011-03-18 12:18:00,2011-10-06 12:26:00,3,1117.13,485,56,65,203,372.3766666666667,161.66666666666666,2,3,3,8,At Risk,0,Big-Ticket Occasionals
13592,2011-03-20 14:01:00,2011-11-04 09:49:00,4,247.95999999999998,84,15,36,229,61.989999999999995,21.0,3,3,1,7,Hibernating,2,Hibernating
13593,2011-01-07 16:32:00,2011-08-23 13:35:00,5,2037.0800000000002,731,77,108,228,407.41600000000005,146.2,2,4,4,10,Loyal Customers,0,Big-Ticket Occasionals
13594,2011-10-18 10:19:00,2011-10-18 10:19:00,1,396.97,359,26,53,1,396.97,359.0,2,1,2,5,Hibernating,0,Big-Ticket Occasionals
13596,2011-11-27 11:57:00,2011-12-04 12:01:00,2,697.04,406,133,6,8,348.52,203.0,4,2,3,9,Promising,1,Core Growth
13598,2011-10-23 14:28:00,2011-10-23 14:28:00,1,180.17000000000002,58,33,47,1,180.17000000000002,58.0,3,1,1,5,Promising,2,Hibernating
13599,2010-12-08 10:11:00,2011-12-08 16:10:00,21,5153.67,3294,171,1,366,245.41285714285715,156.85714285714286,4,4,4,12,Champions,3,Champions
13600,2011-01-31 15:27:00,2011-01-31 15:27:00,1,219.52,324,19,312,1,219.52,324.0,1,1,1,3,Hibernating,2,Hibernating
13601,2011-05-12 16:52:00,2011-10-25 17:31:00,2,693.32,548,90,45,167,346.66,274.0,3,2,3,8,Promising,0,Big-Ticket Occasionals
13602,2011-10-06 11:47:00,2011-10-06 11:47:00,1,428.89,267,23,65,1,428.89,267.0,2,1,2,5,Hibernating,0,Big-Ticket Occasionals
13603,2011-11-13 15:57:00,2011-11-13 15:57:00,1,164.34,164,27,26,1,164.34,164.0,3,1,1,5,Promising,2,Hibernating
13606,2011-02-01 11:42:00,2011-11-10 17:46:00,3,280.53999999999996,279,40,29,283,93.51333333333332,93.0,3,3,1,7,Hibernating,1,Core Growth
13607,2011-10-30 16:17:00,2011-10-30 16:17:00,1,678.01,290,93,40,1,678.01,290.0,3,1,3,7,Promising,0,Big-Ticket Occasionals
13610,2011-02-27 14:44:00,2011-11-27 15:38:00,7,1131.88,516,165,12,274,161.69714285714286,73.71428571428571,4,4,3,11,Loyal Customers,1,Core Growth
13611,2010-12-15 10:31:00,2011-09-11 14:51:00,3,1171.8,766,67,89,271,390.59999999999997,255.33333333333334,2,3,3,8,At Risk,0,Big-Ticket Occasionals
13614,2011-01-13 12:37:00,2011-11-15 14:47:00,4,1610.46,570,171,24,307,402.615,142.5,3,3,3,9,Hibernating,1,Core Growth
13615,2011-01-25 08:21:00,2011-01-25 08:21:00,1,417.69,189,23,319,1,417.69,189.0,1,1,2,4,Hibernating,0,Big-Ticket Occasionals
13617,2011-06-12 12:55:00,2011-10-30 13:50:00,3,544.18,300,31,40,141,181.39333333333332,100.0,3,3,2,8,Hibernating,1,Core Growth
13618,2011-06-19 11:09:00,2011-06-19 11:09:00,1,177.34,246,13,174,1,177.34,246.0,1,1,1,3,Hibernating,2,Hibernating
13621,2011-08-15 08:26:00,2011-08-15 08:26:00,1,213.85,343,19,117,1,213.85,343.0,2,1,1,4,Hibernating,2,Hibernating
13623,2011-02-15 13:08:00,2011-11-09 12:00:00,5,747.78,294,75,31,267,149.55599999999998,58.8,3,4,3,10,Loyal Customers,1,Core Growth
13626,2011-04-01 10:05:00,2011-04-01 10:05:00,1,257.23,209,19,253,1,257.23,209.0,1,1,1,3,Hibernating,2,Hibernating
13627,2010-12-17 09:52:00,2011-10-11 14:20:00,5,1638.47,1269,84,59,299,327.694,253.8,2,4,3,9,Loyal Customers,1,Core Growth
13629,2011-01-05 12:09:00,2011-11-16 13:21:00,11,7792.36,4372,28,23,316,708.3963636363636,397.45454545454544,3,4,4,11,Loyal Customers,3,Champions
13630,2011-02-27 12:49:00,2011-12-04 15:16:00,7,2031.78,1391,51,5,281,290.2542857142857,198.71428571428572,4,4,4,12,Champions,3,Champions
13631,2011-03-17 17:13:00,2011-09-01 09:57:00,11,3070.42,467,6,100,168,279.1290909090909,42.45454545454545,2,4,4,10,Loyal Customers,3,Champions
13632,2011-04-10 15:07:00,2011-11-15 10:51:00,5,2121.27,1037,121,25,219,424.254,207.4,3,4,4,11,Loyal Customers,3,Champions
13634,2011-01-16 15:30:00,2011-11-06 13:40:00,5,1575.16,704,156,33,294,315.03200000000004,140.8,3,4,3,10,Loyal Customers,1,Core Growth
13635,2011-10-03 10:55:00,2011-10-03 10:55:00,1,1071.03,677,62,68,1,1071.03,677.0,2,1,3,6,At Risk,0,Big-Ticket Occasionals
13636,2011-02-27 14:29:00,2011-11-03 10:30:00,5,949.12,592,57,37,249,189.824,118.4,3,4,3,10,Loyal Customers,1,Core Growth
13637,2011-04-27 13:06:00,2011-10-18 13:32:00,3,810.5,409,79,52,175,270.1666666666667,136.33333333333334,2,3,3,8,At Risk,1,Core Growth
13638,2011-11-24 10:38:00,2011-11-24 10:38:00,1,122.64,93,8,16,1,122.64,93.0,4,1,1,6,Promising,2,Hibernating
13639,2011-09-26 13:36:00,2011-09-26 13:36:00,1,1033.34,800,39,74,1,1033.34,800.0,2,1,3,6,At Risk,0,Big-Ticket Occasionals
13642,2011-05-08 12:34:00,2011-05-08 12:34:00,1,354.8,173,57,216,1,354.8,173.0,1,1,2,4,Hibernating,0,Big-Ticket Occasionals
13643,2011-06-07 11:40:00,2011-11-08 15:37:00,3,519.44,273,24,31,155,173.14666666666668,91.0,3,3,2,8,Hibernating,1,Core Growth
13644,2011-08-26 11:53:00,2011-11-23 14:07:00,4,2624.26,2067,144,16,90,656.065,516.75,4,3,4,11,Big Spenders,3,Champions
13645,2011-08-11 16:11:00,2011-08-11 16:11:00,1,252.1,158,5,120,1,252.1,158.0,2,1,1,4,Hibernating,2,Hibernating
13647,2011-04-19 09:49:00,2011-11-30 12:00:00,4,1678.1200000000001,895,65,10,226,419.53000000000003,223.75,4,3,4,11,Big Spenders,1,Core Growth
13649,2010-12-08 14:46:00,2011-03-28 11:51:00,2,346.6,139,23,257,110,173.3,69.5,1,2,2,5,Hibernating,2,Hibernating
13650,2011-03-17 12:37:00,2011-11-23 12:22:00,6,1836.34,922,79,17,251,306.0566666666667,153.66666666666666,4,4,4,12,Champions,1,Core Growth
13651,2011-10-31 12:11:00,2011-11-04 14:59:00,2,94.2,33,6,35,5,47.1,16.5,3,2,1,6,Promising,2,Hibernating
13652,2010-12-06 09:21:00,2011-10-25 08:51:00,3,1095.08,578,48,46,323,365.02666666666664,192.66666666666666,3,3,3,9,Hibernating,1,Core Growth
13654,2011-03-11 12:54:00,2011-10-27 16:24:00,6,2707.33,2182,157,43,231,451.22166666666664,363.6666666666667,3,4,4,11,Loyal Customers,3,Champions
13655,2011-04-12 09:53:00,2011-08-17 14:25:00,2,932.97,605,52,114,128,466.485,302.5,2,2,3,7,At Risk,0,Big-Ticket Occasionals
13656,2011-01-06 15:42:00,2011-06-28 10:31:00,2,379.65,490,49,165,173,189.825,245.0,1,2,2,5,Hibernating,0,Big-Ticket Occasionals
13657,2011-05-22 12:35:00,2011-11-29 12:32:00,2,382.14,209,16,11,191,191.07,104.5,4,2,2,8,Promising,1,Core Growth
13658,2011-05-19 17:15:00,2011-11-30 10:13:00,5,2639.17,1019,91,10,195,527.8340000000001,203.8,4,4,4,12,Champions,3,Champions
13659,2011-01-23 12:08:00,2011-05-18 12:37:00,2,1573.2,894,92,206,116,786.6,447.0,1,2,3,6,At Risk,0,Big-Ticket Occasionals
13662,2011-03-25 13:23:00,2011-09-15 12:04:00,3,897.76,543,50,86,174,299.25333333333333,181.0,2,3,3,8,At Risk,0,Big-Ticket Occasionals
13663,2011-06-13 15:44:00,2011-06-13 15:44:00,1,189.47,91,13,179,1,189.47,91.0,1,1,1,3,Hibernating,2,Hibernating
13666,2011-02-25 13:05:00,2011-10-10 15:39:00,3,84.65,41,12,60,228,28.21666666666667,13.666666666666666,2,3,1,6,At Risk,2,Hibernating
13667,2011-07-13 15:42:00,2011-07-13 15:42:00,1,305.02,154,82,149,1,305.02,154.0,1,1,1,3,Hibernating,0,Big-Ticket Occasionals
13668,2010-12-12 12:35:00,2011-12-07 12:11:00,21,6363.59,3742,284,3,360,303.02809523809526,178.1904761904762,4,4,4,12,Champions,3,Champions
13669,2011-07-13 11:44:00,2011-10-20 09:32:00,2,218.55,237,9,51,99,109.275,118.5,3,2,1,6,Promising,2,Hibernating
13670,2011-09-25 15:25:00,2011-09-25 15:25:00,1,349.7,282,25,75,1,349.7,282.0,2,1,2,5,Hibernating,0,Big-Ticket Occasionals
13672,2011-01-11 13:54:00,2011-02-11 13:53:00,2,186.39000000000001,57,4,301,31,93.19500000000001,28.5,1,2,1,4,Hibernating,2,Hibernating
13673,2011-11-07 15:40:00,2011-11-21 12:11:00,2,396.92,119,47,19,14,198.46,59.5,3,2,2,7,Promising,1,Core Growth
13675,2011-02-28 12:14:00,2011-07-11 12:57:00,2,486.82000000000005,330,25,151,134,243.41000000000003,165.0,1,2,2,5,Hibernating,0,Big-Ticket Occasionals
13678,2011-07-11 10:14:00,2011-07-11 10:14:00,1,232.6,924,16,152,1,232.6,924.0,1,1,1,3,Hibernating,0,Big-Ticket Occasionals
13680,2011-01-04 14:12:00,2011-12-08 13:47:00,4,3722.42,1936,164,1,338,930.605,484.0,4,3,4,11,Big Spenders,3,Champions
13681,2011-07-07 15:21:00,2011-11-22 11:13:00,4,827.83,360,37,18,138,206.9575,90.0,4,3,3,10,Hibernating,1,Core Growth
13682,2011-06-05 14:06:00,2011-06-05 14:06:00,1,59.5,10,3,187,1,59.5,10.0,1,1,1,3,Hibernating,2,Hibernating
13684,2011-02-27 10:13:00,2011-02-27 10:13:00,1,67.23,39,29,286,1,67.23,39.0,1,1,1,3,Hibernating,2,Hibernating
13685,2011-10-10 12:59:00,2011-12-07 11:41:00,7,3119.44,5056,29,3,58,445.63428571428574,722.2857142857143,4,4,4,12,Champions,3,Champions
13686,2011-06-10 09:10:00,2011-06-10 09:10:00,1,72.0,70,8,183,1,72.0,70.0,1,1,1,3,Hibernating,2,Hibernating
13689,2011-10-07 13:21:00,2011-10-07 13:21:00,1,910.0,512,6,63,1,910.0,512.0,2,1,3,6,At Risk,0,Big-Ticket Occasionals
13690,2011-10-11 15:03:00,2011-10-11 15:03:00,1,172.25,67,9,59,1,172.25,67.0,2,1,1,4,Hibernating,2,Hibernating
13692,2011-04-17 12:57:00,2011-11-15 11:17:00,3,1488.32,1226,48,25,212,496.1066666666666,408.6666666666667,3,3,3,9,Hibernating,1,Core Growth
13694,2010-12-01 12:12:00,2011-12-06 09:32:00,50,65039.62,63312,366,4,370,1300.7924,1266.24,4,4,4,12,Champions,3,Champions
13695,2011-03-25 11:31:00,2011-11-08 14:26:00,15,2504.13,1603,46,31,229,166.942,106.86666666666666,3,4,4,11,Loyal Customers,3,Champions
13697,2011-11-01 09:14:00,2011-11-01 09:14:00,1,151.29999999999998,177,12,39,1,151.29999999999998,177.0,3,1,1,5,Promising,2,Hibernating
13699,2011-07-07 16:51:00,2011-07-07 16:51:00,1,308.58000000000004,66,14,155,1,308.58000000000004,66.0,1,1,2,4,Hibernating,2,Hibernating
13700,2011-01-16 13:18:00,2011-11-13 13:00:00,10,2265.12,2304,139,26,301,226.512,230.4,3,4,4,11,Loyal Customers,3,Champions
13703,2011-01-25 13:10:00,2011-01-25 13:10:00,1,99.5,10,1,318,1,99.5,10.0,1,1,1,3,Hibernating,2,Hibernating
13704,2011-09-12 14:40:00,2011-12-04 15:13:00,9,2308.06,1531,111,5,84,256.4511111111111,170.11111111111111,4,4,4,12,Champions,3,Champions
13705,2010-12-01 10:29:00,2011-12-02 12:32:00,3,711.86,363,25,8,367,237.28666666666666,121.0,4,3,3,10,Hibernating,1,Core Growth
13706,2011-02-10 09:21:00,2011-02-10 09:21:00,1,330.79,189,20,303,1,330.79,189.0,1,1,2,4,Hibernating,0,Big-Ticket Occasionals
13707,2011-01-28 13:27:00,2011-03-17 18:03:00,2,806.41,351,48,267,49,403.205,175.5,1,2,3,6,At Risk,0,Big-Ticket Occasionals
13708,2011-03-13 13:46:00,2011-03-13 13:46:00,1,296.88,306,49,271,1,296.88,306.0,1,1,1,3,Hibernating,0,Big-Ticket Occasionals
13709,2011-01-28 14:57:00,2011-12-06 10:28:00,13,6328.05,3516,244,4,312,486.7730769230769,270.46153846153845,4,4,4,12,Champions,3,Champions
13710,2011-11-08 08:16:00,2011-11-08 08:16:00,1,180.48,176,8,32,1,180.48,176.0,3,1,1,5,Promising,2,Hibernating
13711,2011-05-05 10:29:00,2011-05-05 10:31:00,2,252.06,140,11,219,1,126.03,70.0,1,2,1,4,Hibernating,2,Hibernating
13712,2011-04-07 12:33:00,2011-04-07 12:33:00,1,228.84,352,10,247,1,228.84,352.0,1,1,1,3,Hibernating,2,Hibernating
13715,2010-12-02 08:52:00,2011-03-03 19:21:00,5,1079.34,563,89,281,92,215.868,112.6,1,4,3,8,At Risk,0,Big-Ticket Occasionals
13716,2011-03-15 13:49:00,2011-03-15 13:49:00,1,138.28,138,21,269,1,138.28,138.0,1,1,1,3,Hibernating,2,Hibernating
13717,2011-02-14 13:21:00,2011-11-07 14:13:00,6,1445.01,1959,92,32,267,240.835,326.5,3,4,3,10,Loyal Customers,1,Core Growth
13718,2011-02-17 11:58:00,2011-04-07 13:24:00,2,306.55,173,9,246,50,153.275,86.5,1,2,1,4,Hibernating,2,Hibernating
13719,2011-04-19 13:56:00,2011-11-24 15:26:00,5,1041.68,609,56,15,220,208.336,121.8,4,4,3,11,Loyal Customers,1,Core Growth
13720,2011-03-30 09:17:00,2011-08-15 12:46:00,4,799.9,501,42,117,139,199.975,125.25,2,3,3,8,At Risk,1,Core Growth
13721,2011-11-03 14:05:00,2011-11-03 14:05:00,1,524.14,316,28,36,1,524.14,316.0,3,1,2,6,Promising,0,Big-Ticket Occasionals
13722,2011-03-02 11:43:00,2011-07-31 12:44:00,3,2375.41,1401,75,132,152,791.8033333333333,467.0,2,3,4,9,Big Spenders,0,Big-Ticket Occasionals
13723,2011-05-06 17:04:00,2011-05-06 17:04:00,1,199.85000000000002,43,6,217,1,199.85000000000002,43.0,1,1,1,3,Hibernating,2,Hibernating
13725,2011-02-04 12:18:00,2011-10-21 10:03:00,8,1980.56,806,95,50,259,247.57,100.75,3,4,4,11,Loyal Customers,1,Core Growth
13726,2011-08-31 11:06:00,2011-11-01 10:49:00,2,1079.6599999999999,1054,39,39,62,539.8299999999999,527.0,3,2,3,8,Promising,0,Big-Ticket Occasionals
13727,2011-11-06 12:16:00,2011-11-11 09:46:00,2,333.48,162,19,29,5,166.74,81.0,3,2,2,7,Promising,1,Core Growth
13728,2011-02-02 12:09:00,2011-11-03 10:49:00,6,1016.14,458,38,37,274,169.35666666666665,76.33333333333333,3,4,3,10,Loyal Customers,1,Core Growth
13730,2011-07-01 12:47:00,2011-07-27 08:35:00,2,752.6,488,38,136,26,376.3,244.0,2,2,3,7,At Risk,0,Big-Ticket Occasionals
13731,2011-04-07 10:10:00,2011-05-04 14:33:00,2,610.59,278,36,219,28,305.295,139.0,1,2,2,5,Hibernating,0,Big-Ticket Occasionals
13732,2011-11-11 15:49:00,2011-11-11 15:49:00,1,491.86,498,33,28,1,491.86,498.0,3,1,2,6,Promising,0,Big-Ticket Occasionals
13735,2011-04-19 13:49:00,2011-11-15 11:14:00,4,2885.2400000000002,1130,158,25,210,721.3100000000001,282.5,3,3,4,10,Big Spenders,3,Champions
13736,2011-03-24 13:04:00,2011-12-04 15:19:00,2,731.9,497,166,5,256,365.95,248.5,4,2,3,9,Promising,1,Core Growth
13737,2011-05-23 16:32:00,2011-05-23 16:32:00,1,339.59999999999997,125,29,200,1,339.59999999999997,125.0,1,1,2,4,Hibernating,0,Big-Ticket Occasionals
13739,2011-11-21 13:35:00,2011-11-21 13:35:00,1,216.9,54,3,18,1,216.9,54.0,4,1,1,6,Promising,2,Hibernating
13740,2011-04-13 10:32:00,2011-04-13 10:32:00,1,350.75,425,23,241,1,350.75,425.0,1,1,2,4,Hibernating,0,Big-Ticket Occasionals
13741,2011-05-06 13:43:00,2011-09-29 09:19:00,3,668.4300000000001,218,34,72,146,222.81000000000003,72.66666666666667,2,3,2,7,At Risk,1,Core Growth
13742,2011-01-23 14:59:00,2011-11-23 11:07:00,12,3131.02,1124,200,17,304,260.91833333333335,93.66666666666667,4,4,4,12,Champions,3,Champions
13743,2011-03-25 14:46:00,2011-12-07 10:09:00,7,1341.6,1776,8,3,257,191.65714285714284,253.71428571428572,4,4,3,11,Loyal Customers,3,Champions
13744,2011-02-20 14:08:00,2011-09-05 15:19:00,2,1156.36,1249,54,95,198,578.18,624.5,2,2,3,7,At Risk,0,Big-Ticket Occasionals
13745,2011-06-30 16:43:00,2011-06-30 16:43:00,1,300.04,496,25,162,1,300.04,496.0,1,1,1,3,Hibernating,0,Big-Ticket Occasionals
13747,2010-12-01 10:37:00,2010-12-01 10:37:00,1,79.6,8,1,374,1,79.6,8.0,1,1,1,3,Hibernating,2,Hibernating
13748,2010-12-01 09:00:00,2011-09-05 09:45:00,5,948.25,439,24,96,279,189.65,87.8,2,4,3,9,Loyal Customers,1,Core Growth
13750,2011-01-07 11:49:00,2011-10-17 12:16:00,5,1647.26,516,20,54,284,329.452,103.2,2,4,3,9,Loyal Customers,1,Core Growth
13751,2011-02-24 15:56:00,2011-02-24 15:56:00,1,296.25,152,9,288,1,296.25,152.0,1,1,1,3,Hibernating,2,Hibernating
13752,2011-04-07 12:04:00,2011-08-07 14:16:00,6,1186.28,876,64,124,123,197.71333333333334,146.0,2,4,3,9,Loyal Customers,1,Core Growth
13753,2011-02-25 12:48:00,2011-02-25 12:48:00,1,741.26,512,35,288,1,741.26,512.0,1,1,3,5,At Risk,0,Big-Ticket Occasionals
13754,2011-01-26 14:58:00,2011-07-11 11:51:00,2,282.59999999999997,214,11,152,166,141.29999999999998,107.0,1,2,1,4,Hibernating,2,Hibernating
13755,2011-10-07 15:45:00,2011-12-06 12:26:00,9,2161.35,1264,232,4,60,240.14999999999998,140.44444444444446,4,4,4,12,Champions,3,Champions
13756,2010-12-07 11:41:00,2011-12-07 16:44:00,14,5189.52,3188,66,2,366,370.68,227.71428571428572,4,4,4,12,Champions,3,Champions
13758,2010-12-01 12:08:00,2011-11-28 11:11:00,7,3190.55,1844,104,12,362,455.79285714285714,263.42857142857144,4,4,4,12,Champions,3,Champions
13759,2011-09-29 15:40:00,2011-11-06 14:47:00,2,659.4100000000001,287,24,33,38,329.70500000000004,143.5,3,2,2,7,Promising,1,Core Growth
13760,2011-03-28 12:52:00,2011-10-16 16:13:00,2,286.79,197,50,54,203,143.395,98.5,2,2,1,5,Hibernating,2,Hibernating
13761,2011-06-13 08:43:00,2011-10-20 14:01:00,2,1070.65,642,68,50,130,535.325,321.0,3,2,3,8,Promising,0,Big-Ticket Occasionals
13762,2011-05-05 09:15:00,2011-05-05 09:15:00,1,306.72,272,7,219,1,306.72,272.0,1,1,1,3,Hibernating,0,Big-Ticket Occasionals
13763,2011-10-07 15:13:00,2011-10-07 15:13:00,1,1714.96,728,15,63,1,1714.96,728.0,2,1,4,7,Big Spenders,0,Big-Ticket Occasionals
13764,2011-01-06 14:53:00,2011-09-30 12:03:00,3,1521.76,932,183,71,267,507.25333333333333,310.6666666666667,2,3,3,8,At Risk,0,Big-Ticket Occasionals
13767,2010-12-01 10:47:00,2011-12-07 15:00:00,37,17220.36,7322,55,2,372,465.41513513513513,197.8918918918919,4,4,4,12,Champions,3,Champions
13769,2010-12-07 13:28:00,2011-12-07 15:08:00,10,2796.51,1163,73,2,366,279.651,116.3,4,4,4,12,Champions,3,Champions
13771,2011-04-06 15:47:00,2011-10-06 14:18:00,4,2634.45,1477,114,64,183,658.6125,369.25,2,3,4,9,Big Spenders,3,Champions
13772,2011-04-14 12:31:00,2011-11-06 11:43:00,3,1132.13,546,141,34,206,377.3766666666667,182.0,3,3,3,9,Hibernating,1,Core Growth
13774,2011-09-19 12:06:00,2011-09-19 12:06:00,1,345.0,192,22,82,1,345.0,192.0,2,1,2,5,Hibernating,0,Big-Ticket Occasionals
13777,2010-12-01 16:01:00,2011-12-09 12:25:00,33,25977.16,12897,36,1,373,787.1866666666666,390.8181818181818,4,4,4,12,Champions,3,Champions
13778,2011-08-28 15:25:00,2011-08-28 15:25:00,1,178.7,70,9,103,1,178.7,70.0,2,1,1,4,Hibernating,2,Hibernating
13780,2011-06-22 11:43:00,2011-12-02 13:49:00,2,360.01,318,56,7,164,180.005,159.0,4,2,2,8,Promising,1,Core Growth
13781,2011-04-03 12:08:00,2011-04-03 12:08:00,1,127.84,30,17,251,1,127.84,30.0,1,1,1,3,Hibernating,2,Hibernating
13782,2011-01-16 11:08:00,2011-11-27 11:54:00,6,912.0,371,96,13,316,152.0,61.833333333333336,4,4,3,11,Loyal Customers,1,Core Growth
13784,2011-01-11 14:38:00,2011-11-30 09:33:00,11,2462.79,2493,9,10,323,223.89,226.63636363636363,4,4,4,12,Champions,3,Champions
13786,2010-12-07 13:53:00,2010-12-07 13:53:00,1,230.39999999999998,136,7,367,1,230.39999999999998,136.0,1,1,1,3,Hibernating,2,Hibernating
13787,2010-12-10 14:45:00,2011-09-25 12:06:00,2,309.04,337,24,76,289,154.52,168.5,2,2,2,6,Hibernating,2,Hibernating
13790,2011-12-05 15:48:00,2011-12-05 15:48:00,1,348.8,748,45,4,1,348.8,748.0,4,1,2,7,Promising,1,Core Growth
13791,2011-06-24 16:38:00,2011-08-04 11:44:00,2,1516.0,1200,7,128,41,758.0,600.0,2,2,3,7,At Risk,0,Big-Ticket Occasionals
13792,2011-02-25 14:03:00,2011-10-04 14:31:00,2,195.55,92,13,66,222,97.775,46.0,2,2,1,5,Hibernating,2,Hibernating
13798,2010-12-02 17:24:00,2011-12-08 15:51:00,57,37153.85,23948,113,1,371,651.8219298245614,420.140350877193,4,4,4,12,Champions,3,Champions
13799,2011-02-18 14:18:00,2011-08-15 12:07:00,2,688.86,402,32,117,178,344.43,201.0,2,2,3,7,At Risk,0,Big-Ticket Occasionals
13800,2011-02-03 12:27:00,2011-02-03 12:27:00,1,558.32,331,33,310,1,558.32,331.0,1,1,2,4,Hibernating,0,Big-Ticket Occasionals
13801,2011-10-04 10:15:00,2011-10-04 10:15:00,1,324.8,168,23,67,1,324.8,168.0,2,1,2,5,Hibernating,0,Big-Ticket Occasionals
13802,2011-02-01 12:03:00,2011-07-24 10:54:00,3,4599.42,2572,55,139,173,1533.14,857.3333333333334,2,3,4,9,Big Spenders,0,Big-Ticket Occasionals
13803,2011-03-29 12:57:00,2011-03-29 12:57:00,1,277.07,121,17,255,1,277.07,121.0,1,1,1,3,Hibernating,2,Hibernating
13804,2011-02-23 09:09:00,2011-11-09 12:32:00,7,2635.79,1498,124,31,260,376.5414285714286,214.0,3,4,4,11,Loyal Customers,3,Champions
13805,2011-08-02 15:29:00,2011-10-18 14:50:00,2,924.6,1900,10,52,77,462.3,950.0,2,2,3,7,At Risk,0,Big-Ticket Occasionals
13806,2011-10-07 11:43:00,2011-10-07 11:43:00,1,256.38,56,10,64,1,256.38,56.0,2,1,1,4,Hibernating,2,Hibernating
13807,2010-12-07 15:48:00,2010-12-07 15:48:00,1,112.6,36,7,367,1,112.6,36.0,1,1,1,3,Hibernating,2,Hibernating
13808,2011-09-04 12:07:00,2011-12-04 12:18:00,5,1747.66,782,70,6,92,349.53200000000004,156.4,4,4,4,12,Champions,1,Core Growth
13809,2011-02-07 13:15:00,2011-02-07 13:15:00,1,155.05,29,11,305,1,155.05,29.0,1,1,1,3,Hibernating,2,Hibernating
13810,2011-10-14 12:57:00,2011-11-11 08:33:00,3,1499.01,312,32,29,28,499.67,104.0,3,3,3,9,Hibernating,1,Core Growth
13811,2011-04-14 18:40:00,2011-06-09 09:54:00,3,814.5,68,7,184,56,271.5,22.666666666666668,1,3,3,7,At Risk,0,Big-Ticket Occasionals
13812,2011-08-26 12:54:00,2011-10-28 14:27:00,3,539.0,333,33,42,64,179.66666666666666,111.0,3,3,2,8,Hibernating,1,Core Growth
13813,2011-07-28 10:33:00,2011-10-31 10:38:00,4,1366.8600000000001,552,54,40,96,341.71500000000003,138.0,3,3,3,9,Hibernating,1,Core Growth
13814,2011-07-25 13:54:00,2011-09-08 13:48:00,2,1579.12,864,37,92,45,789.56,432.0,2,2,3,7,At Risk,0,Big-Ticket Occasionals
13815,2011-01-25 12:16:00,2011-11-17 14:19:00,4,4027.36,2560,132,22,297,1006.84,640.0,3,3,4,10,Big Spenders,3,Champions
13816,2011-10-06 14:37:00,2011-11-16 08:38:00,2,571.6700000000001,269,25,24,41,285.83500000000004,134.5,3,2,2,7,Promising,1,Core Growth
13817,2010-12-23 11:46:00,2011-11-10 17:49:00,2,382.98,211,20,29,323,191.49,105.5,3,2,2,7,Promising,1,Core Growth
13819,2011-01-24 10:38:00,2011-02-11 10:38:00,3,1140.35,1109,26,302,19,380.1166666666666,369.6666666666667,1,3,3,7,At Risk,0,Big-Ticket Occasionals
13821,2011-03-23 11:30:00,2011-07-18 09:49:00,2,385.64,153,51,145,117,192.82,76.5,1,2,2,5,Hibernating,2,Hibernating
13822,2011-10-30 15:55:00,2011-12-04 12:13:00,2,632.0,611,90,6,35,316.0,305.5,4,2,2,8,Promising,1,Core Growth
13823,2011-09-09 10:42:00,2011-11-21 10:22:00,2,957.66,439,39,19,73,478.83,219.5,3,2,3,8,Promising,1,Core Growth
13824,2011-02-02 13:07:00,2011-11-07 12:41:00,5,1698.94,768,34,33,278,339.788,153.6,3,4,4,11,Loyal Customers,1,Core Growth
13826,2011-06-16 13:48:00,2011-06-16 13:48:00,1,189.5,82,10,176,1,189.5,82.0,1,1,1,3,Hibernating,2,Hibernating
13827,2011-07-19 15:38:00,2011-10-13 12:38:00,3,412.05,141,83,58,86,137.35,47.0,2,3,2,7,At Risk,2,Hibernating
13828,2011-11-17 16:02:00,2011-11-17 16:02:00,1,209.49,311,15,22,1,209.49,311.0,3,1,1,5,Promising,1,Core Growth
13831,2010-12-05 12:13:00,2011-11-23 15:41:00,6,2202.99,745,58,16,354,367.16499999999996,124.16666666666667,4,4,4,12,Champions,3,Champions
13832,2011-11-20 15:36:00,2011-11-20 15:36:00,1,52.199999999999996,28,3,19,1,52.199999999999996,28.0,3,1,1,5,Promising,2,Hibernating
13833,2011-07-03 13:27:00,2011-07-03 13:27:00,1,384.8,118,28,159,1,384.8,118.0,1,1,2,4,Hibernating,0,Big-Ticket Occasionals
13835,2011-05-08 15:22:00,2011-11-14 15:37:00,4,834.57,442,48,25,191,208.6425,110.5,3,3,3,9,Hibernating,1,Core Growth
13837,2011-01-26 12:15:00,2011-05-12 12:10:00,2,271.24,183,17,212,106,135.62,91.5,1,2,1,4,Hibernating,2,Hibernating
13838,2010-12-05 10:45:00,2011-12-04 11:00:00,4,691.73,263,144,6,365,172.9325,65.75,4,3,3,10,Hibernating,1,Core Growth
13841,2011-04-01 12:10:00,2011-04-01 12:10:00,1,85.0,100,1,253,1,85.0,100.0,1,1,1,3,Hibernating,2,Hibernating
13842,2010-12-08 10:39:00,2011-10-12 10:51:00,9,3385.62,1768,155,59,309,376.18,196.44444444444446,2,4,4,10,Loyal Customers,3,Champions
13844,2011-11-28 13:21:00,2011-11-28 13:21:00,1,361.62,196,20,11,1,361.62,196.0,4,1,2,7,Promising,1,Core Growth
13845,2011-10-06 08:25:00,2011-10-06 08:25:00,1,312.98,182,9,65,1,312.98,182.0,2,1,2,5,Hibernating,0,Big-Ticket Occasionals
13846,2010-12-14 16:07:00,2011-11-15 12:07:00,3,865.0600000000001,388,55,25,336,288.35333333333335,129.33333333333334,3,3,3,9,Hibernating,1,Core Growth
13848,2010-12-08 15:10:00,2011-09-08 12:58:00,3,1255.0,3700,3,92,274,418.3333333333333,1233.3333333333333,2,3,3,8,At Risk,0,Big-Ticket Occasionals
13849,2011-06-22 10:11:00,2011-10-19 10:59:00,2,1537.95,1016,97,52,120,768.975,508.0,2,2,3,7,At Risk,0,Big-Ticket Occasionals
13850,2011-08-02 14:04:00,2011-08-02 14:04:00,1,1595.48,944,93,129,1,1595.48,944.0,2,1,3,6,At Risk,0,Big-Ticket Occasionals
13851,2011-02-24 17:18:00,2011-09-05 12:36:00,3,2651.46,1705,77,96,193,883.82,568.3333333333334,2,3,4,9,Big Spenders,0,Big-Ticket Occasionals
13853,2011-10-13 14:18:00,2011-10-13 14:18:00,1,1090.14,312,23,57,1,1090.14,312.0,2,1,3,6,At Risk,0,Big-Ticket Occasionals
13854,2010-12-09 10:48:00,2011-12-01 09:06:00,25,8109.5199999999995,2296,39,9,357,324.38079999999997,91.84,4,4,4,12,Champions,3,Champions
13856,2011-05-20 13:13:00,2011-06-24 10:03:00,3,388.5,494,10,169,35,129.5,164.66666666666666,1,3,2,6,At Risk,2,Hibernating
13858,2011-10-13 16:17:00,2011-10-13 16:17:00,1,216.17,75,11,57,1,216.17,75.0,2,1,1,4,Hibernating,2,Hibernating
13859,2011-01-17 16:14:00,2011-01-17 16:14:00,1,201.16,129,27,326,1,201.16,129.0,1,1,1,3,Hibernating,2,Hibernating
13860,2011-09-14 09:27:00,2011-12-08 12:57:00,5,1245.9,591,58,1,86,249.18,118.2,4,4,3,11,Loyal Customers,1,Core Growth
13862,2011-01-11 15:13:00,2011-11-21 16:24:00,8,2209.36,1688,97,18,315,276.17,211.0,4,4,4,12,Champions,3,Champions
13863,2011-04-06 10:20:00,2011-04-06 10:20:00,1,305.78,224,20,248,1,305.78,224.0,1,1,1,3,Hibernating,0,Big-Ticket Occasionals
13865,2011-02-23 12:04:00,2011-10-12 13:31:00,4,501.56,204,26,58,232,125.39,51.0,2,3,2,7,At Risk,1,Core Growth
13866,2011-09-26 14:54:00,2011-09-26 14:54:00,1,145.67000000000002,57,7,74,1,145.67000000000002,57.0,2,1,1,4,Hibernating,2,Hibernating
13867,2011-05-05 17:28:00,2011-11-08 15:48:00,3,1015.29,513,51,31,187,338.43,171.0,3,3,3,9,Hibernating,1,Core Growth
13868,2011-11-01 12:45:00,2011-12-02 16:32:00,2,3192.54,1964,32,7,32,1596.27,982.0,4,2,4,10,Big Spenders,3,Champions
13869,2010-12-17 15:14:00,2011-08-08 13:53:00,4,3104.95,1721,234,123,234,776.2375,430.25,2,3,4,9,Big Spenders,0,Big-Ticket Occasionals
13870,2011-02-25 09:09:00,2011-12-07 13:23:00,8,2770.94,1325,91,2,286,346.3675,165.625,4,4,4,12,Champions,3,Champions
13871,2011-02-04 09:30:00,2011-11-17 10:49:00,13,6403.25,2806,155,23,287,492.5576923076923,215.84615384615384,3,4,4,11,Loyal Customers,3,Champions
13873,2011-02-03 09:37:00,2011-08-12 10:08:00,3,389.6,140,21,120,191,129.86666666666667,46.666666666666664,2,3,2,7,At Risk,2,Hibernating
13874,2010-12-16 18:20:00,2010-12-16 18:20:00,1,540.45,180,18,358,1,540.45,180.0,1,1,2,4,Hibernating,0,Big-Ticket Occasionals
13875,2011-02-11 15:39:00,2011-10-17 09:36:00,5,1786.79,1316,79,54,248,357.358,263.2,2,4,4,10,Loyal Customers,1,Core Growth
13876,2011-10-07 10:22:00,2011-10-07 10:22:00,1,122.7,36,7,64,1,122.7,36.0,2,1,1,4,Hibernating,2,Hibernating
13877,2011-09-14 15:49:00,2011-09-14 15:49:00,1,117.24,108,3,86,1,117.24,108.0,2,1,1,4,Hibernating,2,Hibernating
13878,2011-10-16 12:19:00,2011-10-16 12:19:00,1,1281.53,475,35,55,1,1281.53,475.0,2,1,3,6,At Risk,0,Big-Ticket Occasionals
13880,2010-12-07 14:00:00,2011-11-18 13:44:00,13,3219.77,1842,125,21,346,247.67461538461538,141.69230769230768,3,4,4,11,Loyal Customers,3,Champions
13881,2011-02-01 10:14:00,2011-12-06 12:50:00,20,17159.52,10118,72,4,309,857.976,505.9,4,4,4,12,Champions,3,Champions
13882,2011-10-06 15:28:00,2011-12-07 11:16:00,5,1191.13,953,54,3,62,238.22600000000003,190.6,4,4,3,11,Loyal Customers,1,Core Growth
13883,2011-03-31 17:17:00,2011-11-29 10:45:00,5,2674.48,1436,108,11,243,534.896,287.2,4,4,4,12,Champions,3,Champions
13884,2011-03-01 13:40:00,2011-12-02 16:30:00,5,787.6,300,45,7,277,157.52,60.0,4,4,3,11,Loyal Customers,1,Core Growth
13885,2011-05-23 08:52:00,2011-06-03 15:07:00,2,506.8,182,28,189,12,253.4,91.0,1,2,2,5,Hibernating,0,Big-Ticket Occasionals
13886,2011-09-29 13:17:00,2011-09-29 13:17:00,1,243.56,126,16,71,1,243.56,126.0,2,1,1,4,Hibernating,2,Hibernating
13887,2011-05-19 17:22:00,2011-05-19 17:22:00,1,349.55,147,19,204,1,349.55,147.0,1,1,2,4,Hibernating,0,Big-Ticket Occasionals
13888,2011-05-05 14:41:00,2011-08-12 10:13:00,2,605.63,258,38,120,99,302.815,129.0,2,2,2,6,Hibernating,0,Big-Ticket Occasionals
13889,2011-09-08 09:13:00,2011-09-08 09:13:00,1,416.90000000000003,146,15,93,1,416.90000000000003,146.0,2,1,2,5,Hibernating,0,Big-Ticket Occasionals
13890,2010-12-16 09:31:00,2011-12-08 15:36:00,10,1883.8100000000002,831,74,1,358,188.38100000000003,83.1,4,4,4,12,Champions,3,Champions
13892,2011-04-07 12:04:00,2011-11-13 11:50:00,4,632.97,983,26,27,220,158.2425,245.75,3,3,2,8,Hibernating,1,Core Growth
13893,2011-02-15 11:30:00,2011-02-15 11:30:00,1,821.1,190,21,298,1,821.1,190.0,1,1,3,5,At Risk,0,Big-Ticket Occasionals
13894,2011-02-02 12:54:00,2011-11-16 09:44:00,3,564.62,354,25,24,287,188.20666666666668,118.0,3,3,2,8,Hibernating,1,Core Growth
13895,2011-06-28 10:17:00,2011-11-11 16:57:00,4,2593.07,1365,97,28,137,648.2675,341.25,3,3,4,10,Big Spenders,3,Champions
13897,2011-10-20 14:30:00,2011-10-20 14:30:00,1,311.16,200,17,50,1,311.16,200.0,3,1,2,6,Promising,0,Big-Ticket Occasionals
13898,2011-01-18 10:28:00,2011-01-18 10:28:00,1,155.93,133,12,326,1,155.93,133.0,1,1,1,3,Hibernating,2,Hibernating
13899,2011-03-10 09:30:00,2011-11-23 13:40:00,2,388.52,156,19,16,259,194.26,78.0,4,2,2,8,Promising,1,Core Growth
13900,2011-03-22 10:13:00,2011-06-09 19:26:00,3,740.95,430,42,183,80,246.98333333333335,143.33333333333334,1,3,3,7,At Risk,0,Big-Ticket Occasionals
13901,2011-01-25 09:01:00,2011-09-28 14:48:00,5,2867.2,1739,144,72,247,573.4399999999999,347.8,2,4,4,10,Loyal Customers,3,Champions
13904,2011-02-18 11:18:00,2011-11-02 13:41:00,2,332.64,332,24,37,258,166.32,166.0,3,2,2,7,Promising,1,Core Growth
13908,2011-03-08 12:04:00,2011-09-21 11:49:00,4,2369.55,1478,104,80,197,592.3875,369.5,2,3,4,9,Big Spenders,0,Big-Ticket Occasionals
13911,2011-02-04 14:46:00,2011-10-13 15:43:00,9,2580.91,2731,120,57,252,286.7677777777778,303.44444444444446,2,4,4,10,Loyal Customers,3,Champions
13914,2011-11-03 16:28:00,2011-11-28 10:35:00,2,626.45,380,28,12,25,313.225,190.0,4,2,2,8,Promising,1,Core Growth
13917,2011-06-01 12:46:00,2011-10-21 09:56:00,2,272.04,228,16,50,142,136.02,114.0,3,2,1,6,Promising,2,Hibernating
13918,2011-03-31 18:05:00,2011-10-21 12:25:00,2,1212.8400000000001,1140,30,50,204,606.4200000000001,570.0,3,2,3,8,Promising,0,Big-Ticket Occasionals
13919,2011-08-10 10:15:00,2011-10-11 14:24:00,2,384.81,474,24,59,63,192.405,237.0,2,2,2,6,Hibernating,1,Core Growth
13922,2010-12-23 10:38:00,2010-12-23 10:38:00,1,172.25,93,7,352,1,172.25,93.0,1,1,1,3,Hibernating,2,Hibernating
13923,2011-10-17 12:33:00,2011-10-17 12:33:00,1,351.13,185,20,54,1,351.13,185.0,2,1,2,5,Hibernating,0,Big-Ticket Occasionals
13924,2011-09-28 15:07:00,2011-12-08 09:39:00,6,1838.8500000000001,1575,90,2,71,306.475,262.5,4,4,4,12,Champions,3,Champions
13925,2011-07-28 12:09:00,2011-09-08 12:47:00,4,678.25,331,28,93,43,169.5625,82.75,2,3,3,8,At Risk,1,Core Growth
13926,2011-11-16 13:16:00,2011-11-16 13:16:00,1,223.85000000000002,104,11,23,1,223.85000000000002,104.0,3,1,1,5,Promising,2,Hibernating
13927,2011-09-26 12:00:00,2011-09-26 12:00:00,1,348.99,214,21,75,1,348.99,214.0,2,1,2,5,Hibernating,0,Big-Ticket Occasionals
13928,2011-07-29 15:59:00,2011-11-29 10:33:00,4,464.57,129,23,11,123,116.1425,32.25,4,3,2,9,Hibernating,1,Core Growth
13929,2011-01-17 15:11:00,2011-06-23 15:26:00,2,842.65,143,8,169,158,421.325,71.5,1,2,3,6,At Risk,0,Big-Ticket Occasionals
13930,2011-07-26 11:00:00,2011-10-13 09:45:00,2,337.34,274,15,58,79,168.67,137.0,2,2,2,6,Hibernating,2,Hibernating
13931,2011-03-04 08:43:00,2011-09-05 10:12:00,2,1237.53,725,56,96,186,618.765,362.5,2,2,3,7,At Risk,0,Big-Ticket Occasionals
13932,2011-02-18 12:02:00,2011-02-18 12:02:00,1,307.4,72,16,295,1,307.4,72.0,1,1,1,3,Hibernating,2,Hibernating
13933,2011-07-14 13:35:00,2011-08-22 14:03:00,2,608.7900000000001,205,23,109,40,304.39500000000004,102.5,2,2,2,6,Hibernating,0,Big-Ticket Occasionals
13934,2011-03-21 08:39:00,2011-03-21 08:39:00,1,922.1,390,31,264,1,922.1,390.0,1,1,3,5,At Risk,0,Big-Ticket Occasionals
13936,2011-06-13 08:47:00,2011-06-13 08:47:00,1,376.58,330,26,180,1,376.58,330.0,1,1,2,4,Hibernating,0,Big-Ticket Occasionals
13937,2011-06-23 16:35:00,2011-06-23 16:35:00,1,158.85,123,9,169,1,158.85,123.0,1,1,1,3,Hibernating,2,Hibernating
13938,2011-11-04 14:37:00,2011-11-04 14:37:00,1,71.66,70,7,35,1,71.66,70.0,3,1,1,5,Promising,2,Hibernating
13939,2011-02-01 11:30:00,2011-11-16 13:33:00,3,568.55,847,43,23,289,189.51666666666665,282.3333333333333,3,3,2,8,Hibernating,1,Core Growth
13940,2011-07-18 16:05:00,2011-11-22 15:15:00,4,839.14,516,39,17,127,209.785,129.0,4,3,3,10,Hibernating,1,Core Growth
13941,2010-12-02 10:17:00,2011-11-18 09:43:00,5,5112.96,2364,24,22,351,1022.592,472.8,3,4,4,11,Loyal Customers,3,Champions
13946,2011-03-17 10:02:00,2011-09-21 13:33:00,3,561.5699999999999,443,11,79,189,187.18999999999997,147.66666666666666,2,3,2,7,At Risk,1,Core Growth
13947,2011-10-05 14:42:00,2011-10-05 14:42:00,1,90.6,44,5,65,1,90.6,44.0,2,1,1,4,Hibernating,2,Hibernating
13948,2010-12-14 10:18:00,2010-12-14 10:18:00,1,102.0,40,3,361,1,102.0,40.0,1,1,1,3,Hibernating,2,Hibernating
13949,2011-09-06 11:55:00,2011-12-07 09:35:00,6,2427.32,2474,124,3,92,404.55333333333334,412.3333333333333,4,4,4,12,Champions,3,Champions
13950,2011-04-07 11:29:00,2011-11-28 14:44:00,4,745.06,323,33,11,236,186.265,80.75,4,3,3,10,Hibernating,1,Core Growth
13951,2011-02-18 15:21:00,2011-06-16 16:43:00,3,674.45,459,38,176,119,224.8166666666667,153.0,1,3,2,6,At Risk,0,Big-Ticket Occasionals
13952,2011-04-15 09:27:00,2011-05-06 09:00:00,2,3251.071,1431,120,218,21,1625.5355,715.5,1,2,4,7,At Risk,0,Big-Ticket Occasionals
13953,2010-12-22 10:29:00,2011-12-02 16:04:00,7,3515.68,2724,8,7,346,502.23999999999995,389.14285714285717,4,4,4,12,Champions,3,Champions
13954,2011-09-30 10:52:00,2011-12-08 12:50:00,2,439.92,150,24,2,70,219.96,75.0,4,2,2,8,Promising,1,Core Growth
13955,2011-02-07 12:24:00,2011-07-08 17:19:00,2,322.96,154,33,154,152,161.48,77.0,1,2,2,5,Hibernating,2,Hibernating
13956,2011-03-13 12:51:00,2011-12-04 13:20:00,5,1026.42,491,123,5,267,205.28400000000002,98.2,4,4,3,11,Loyal Customers,1,Core Growth
13959,2010-12-12 13:56:00,2011-09-21 15:06:00,3,598.2,357,79,79,284,199.4,119.0,2,3,2,7,At Risk,1,Core Growth
13960,2011-09-29 12:39:00,2011-11-18 15:27:00,2,230.22,142,11,21,51,115.11,71.0,3,2,1,6,Promising,2,Hibernating
13962,2011-04-08 11:21:00,2011-11-18 08:47:00,2,169.55,87,11,22,224,84.775,43.5,3,2,1,6,Promising,2,Hibernating
13963,2010-12-07 09:21:00,2011-02-04 14:43:00,4,664.54,460,35,308,60,166.135,115.0,1,3,2,6,At Risk,0,Big-Ticket Occasionals
13967,2011-07-17 12:02:00,2011-07-17 12:02:00,1,80.7,42,2,146,1,80.7,42.0,1,1,1,3,Hibernating,2,Hibernating
13969,2010-12-09 19:32:00,2011-12-02 15:11:00,18,9053.94,4542,334,7,358,502.99666666666667,252.33333333333334,4,4,4,12,Champions,3,Champions
13971,2011-02-27 12:27:00,2011-11-21 12:06:00,8,2758.26,1844,118,19,267,344.7825,230.5,3,4,4,11,Loyal Customers,3,Champions
13972,2011-05-22 11:34:00,2011-09-30 11:54:00,2,190.25,187,15,71,132,95.125,93.5,2,2,1,5,Hibernating,2,Hibernating
13973,2011-02-25 15:21:00,2011-02-25 15:21:00,1,264.7,109,11,287,1,264.7,109.0,1,1,1,3,Hibernating,2,Hibernating
13974,2011-10-21 14:41:00,2011-10-21 14:41:00,1,413.59000000000003,249,28,49,1,413.59000000000003,249.0,3,1,2,6,Promising,0,Big-Ticket Occasionals
13975,2011-03-08 12:19:00,2011-11-08 13:19:00,6,2526.28,1732,240,31,246,421.0466666666667,288.6666666666667,3,4,4,11,Loyal Customers,3,Champions
13976,2011-05-17 09:13:00,2011-05-17 09:13:00,1,357.98,154,10,207,1,357.98,154.0,1,1,2,4,Hibernating,0,Big-Ticket Occasionals
13978,2011-10-25 15:04:00,2011-11-25 11:36:00,2,196.79000000000002,315,14,15,31,98.39500000000001,157.5,4,2,1,7,Promising,1,Core Growth
13979,2011-09-27 13:32:00,2011-09-27 13:32:00,1,869.87,639,54,73,1,869.87,639.0,2,1,3,6,At Risk,0,Big-Ticket Occasionals
13980,2011-10-10 13:34:00,2011-10-10 13:34:00,1,200.14,172,11,60,1,200.14,172.0,2,1,1,4,Hibernating,2,Hibernating
13982,2010-12-09 13:57:00,2011-10-31 16:24:00,4,1871.81,1136,72,39,327,467.9525,284.0,3,3,4,10,Big Spenders,1,Core Growth
13983,2010-12-08 10:38:00,2011-11-10 11:06:00,12,2603.43,1183,91,30,338,216.9525,98.58333333333333,3,4,4,11,Loyal Customers,3,Champions
13984,2010-12-08 15:58:00,2011-11-13 12:38:00,5,920.51,679,14,27,340,184.102,135.8,3,4,3,10,Loyal Customers,1,Core Growth
13985,2011-03-20 13:48:00,2011-12-05 17:06:00,15,7060.13,3445,108,4,261,470.67533333333336,229.66666666666666,4,4,4,12,Champions,3,Champions
13986,2011-11-22 15:00:00,2011-11-22 15:00:00,1,320.46,430,12,17,1,320.46,430.0,4,1,2,7,Promising,1,Core Growth
13988,2011-03-30 11:48:00,2011-11-20 10:15:00,6,4147.96,3044,188,20,235,691.3266666666667,507.3333333333333,3,4,4,11,Loyal Customers,3,Champions
13989,2011-04-14 15:39:00,2011-10-05 09:47:00,2,1266.08,1313,33,66,174,633.04,656.5,2,2,3,7,At Risk,0,Big-Ticket Occasionals
13990,2011-05-10 15:19:00,2011-05-10 15:19:00,1,311.3,190,16,213,1,311.3,190.0,1,1,2,4,Hibernating,0,Big-Ticket Occasionals
13991,2011-07-19 12:58:00,2011-11-27 16:18:00,6,855.97,998,58,12,132,142.66166666666666,166.33333333333334,4,4,3,11,Loyal Customers,1,Core Growth
13992,2011-11-09 15:23:00,2011-11-09 15:23:00,1,76.8,64,5,30,1,76.8,64.0,3,1,1,5,Promising,2,Hibernating
13993,2011-01-13 10:43:00,2011-10-28 09:06:00,9,3466.36,900,66,43,288,385.1511111111111,100.0,3,4,4,11,Loyal Customers,3,Champions
13994,2011-07-14 18:28:00,2011-12-06 11:05:00,6,2313.14,940,122,4,145,385.5233333333333,156.66666666666666,4,4,4,12,Champions,3,Champions
13995,2011-04-08 08:20:00,2011-11-24 14:22:00,5,1393.69,879,55,15,231,278.738,175.8,4,4,3,11,Loyal Customers,1,Core Growth
13999,2010-12-13 11:23:00,2011-11-29 13:40:00,12,3901.81,2243,102,10,352,325.1508333333333,186.91666666666666,4,4,4,12,Champions,3,Champions
14000,2011-05-12 16:50:00,2011-05-12 16:50:00,1,635.66,710,15,211,1,635.66,710.0,1,1,2,4,Hibernating,0,Big-Ticket Occasionals
14001,2010-12-01 12:58:00,2011-10-25 10:31:00,3,2043.0800000000002,962,34,46,328,681.0266666666668,320.6666666666667,3,3,4,10,Big Spenders,0,Big-Ticket Occasionals
14002,2011-07-06 14:59:00,2011-07-28 15:55:00,2,529.73,877,47,134,23,264.865,438.5,2,2,2,6,Hibernating,0,Big-Ticket Occasionals
14004,2011-02-24 09:28:00,2011-10-27 14:40:00,7,4582.64,2668,102,43,246,654.6628571428572,381.14285714285717,3,4,4,11,Loyal Customers,3,Champions
14005,2011-05-08 10:33:00,2011-11-30 12:41:00,5,2874.72,2478,53,10,207,574.944,495.6,4,4,4,12,Champions,3,Champions
14006,2011-01-31 15:11:00,2011-08-16 09:39:00,3,962.19,641,22,116,197,320.73,213.66666666666666,2,3,3,8,At Risk,0,Big-Ticket Occasionals
14009,2011-05-18 13:00:00,2011-05-25 15:47:00,2,695.61,365,42,198,8,347.805,182.5,1,2,3,6,At Risk,0,Big-Ticket Occasionals
14012,2011-03-07 12:26:00,2011-03-07 12:26:00,1,328.8,160,11,278,1,328.8,160.0,1,1,2,4,Hibernating,0,Big-Ticket Occasionals
14013,2011-03-09 08:59:00,2011-08-21 15:01:00,3,473.02,462,30,110,166,157.67333333333332,154.0,2,3,2,7,At Risk,1,Core Growth
14014,2011-09-23 13:18:00,2011-09-23 13:18:00,1,505.18,1076,39,77,1,505.18,1076.0,2,1,2,5,Hibernating,0,Big-Ticket Occasionals
14015,2011-10-18 10:02:00,2011-10-18 10:02:00,1,917.34,378,20,53,1,917.34,378.0,2,1,3,6,At Risk,0,Big-Ticket Occasionals
14016,2010-12-17 14:21:00,2011-07-01 11:29:00,4,4341.21,2125,154,162,196,1085.3025,531.25,1,3,4,8,At Risk,0,Big-Ticket Occasionals
14019,2011-07-24 15:39:00,2011-10-24 10:13:00,3,1421.61,1037,37,47,92,473.86999999999995,345.6666666666667,3,3,3,9,Hibernating,0,Big-Ticket Occasionals
14020,2011-09-12 15:32:00,2011-11-23 09:22:00,2,642.8,441,37,17,72,321.4,220.5,4,2,2,8,Promising,1,Core Growth
14021,2011-03-28 15:10:00,2011-07-07 15:46:00,3,631.9,192,22,155,102,210.63333333333333,64.0,1,3,2,6,At Risk,0,Big-Ticket Occasionals
14022,2011-04-28 14:39:00,2011-04-28 14:39:00,1,440.0,487,28,225,1,440.0,487.0,1,1,2,4,Hibernating,0,Big-Ticket Occasionals
14023,2011-04-03 15:50:00,2011-12-02 13:58:00,2,584.07,345,30,7,243,292.035,172.5,4,2,2,8,Promising,1,Core Growth
14024,2011-08-07 13:31:00,2011-08-10 11:30:00,2,327.7,150,16,122,3,163.85,75.0,2,2,2,6,Hibernating,2,Hibernating
14027,2011-10-10 09:01:00,2011-10-10 09:01:00,1,104.82,62,6,61,1,104.82,62.0,2,1,1,4,Hibernating,2,Hibernating
14029,2011-07-18 16:57:00,2011-10-07 14:46:00,2,467.66,198,15,63,81,233.83,99.0,2,2,2,6,Hibernating,0,Big-Ticket Occasionals
14030,2010-12-08 16:11:00,2011-11-21 16:48:00,8,2360.09,1479,210,18,349,295.01125,184.875,4,4,4,12,Champions,3,Champions
14031,2010-12-02 16:34:00,2011-12-02 17:13:00,19,17286.86,5788,119,7,366,909.8347368421053,304.63157894736844,4,4,4,12,Champions,3,Champions
14032,2010-12-08 10:53:00,2011-12-07 15:23:00,11,2975.59,2032,53,2,365,270.5081818181818,184.72727272727272,4,4,4,12,Champions,3,Champions
14034,2011-07-05 13:06:00,2011-11-17 14:02:00,3,651.8199999999999,423,82,22,136,217.2733333333333,141.0,3,3,2,8,Hibernating,1,Core Growth
14035,2011-02-15 12:48:00,2011-11-11 10:03:00,5,1428.02,739,41,29,269,285.604,147.8,3,4,3,10,Loyal Customers,1,Core Growth
14036,2011-02-28 09:26:00,2011-02-28 09:26:00,1,626.65,268,38,285,1,626.65,268.0,1,1,2,4,Hibernating,0,Big-Ticket Occasionals
14037,2010-12-10 11:39:00,2011-06-16 13:57:00,2,147.20000000000002,46,27,176,189,73.60000000000001,23.0,1,2,1,4,Hibernating,2,Hibernating
14038,2011-05-16 14:05:00,2011-09-22 13:37:00,3,1560.38,965,64,78,129,520.1266666666667,321.6666666666667,2,3,3,8,At Risk,0,Big-Ticket Occasionals
14039,2011-11-06 13:48:00,2011-11-06 13:48:00,1,152.2,92,6,33,1,152.2,92.0,3,1,1,5,Promising,2,Hibernating
14040,2011-01-12 14:57:00,2011-10-30 12:42:00,12,3614.92,1554,146,41,291,301.24333333333334,129.5,3,4,4,11,Loyal Customers,3,Champions
14041,2011-03-18 13:25:00,2011-03-18 13:25:00,1,141.41,94,21,266,1,141.41,94.0,1,1,1,3,Hibernating,2,Hibernating
14044,2011-02-03 11:39:00,2011-11-13 12:05:00,4,652.82,308,165,27,284,163.205,77.0,3,3,2,8,Hibernating,1,Core Growth
14045,2010-12-01 11:32:00,2011-08-22 15:27:00,4,1659.75,535,4,109,265,414.9375,133.75,2,3,3,8,At Risk,0,Big-Ticket Occasionals
14046,2011-02-28 14:48:00,2011-02-28 14:48:00,1,154.99,460,14,284,1,154.99,460.0,1,1,1,3,Hibernating,2,Hibernating
14047,2010-12-02 10:09:00,2011-12-01 11:43:00,5,1308.6100000000001,381,22,9,365,261.72200000000004,76.2,4,4,3,11,Loyal Customers,1,Core Growth
14048,2011-02-07 14:53:00,2011-02-07 14:53:00,1,409.93,288,83,305,1,409.93,288.0,1,1,2,4,Hibernating,0,Big-Ticket Occasionals
14049,2011-01-26 11:27:00,2011-11-23 12:20:00,4,5681.72,3870,348,17,302,1420.43,967.5,4,3,4,11,Big Spenders,3,Champions
14050,2011-08-25 13:46:00,2011-11-08 10:00:00,2,746.36,689,49,32,75,373.18,344.5,3,2,3,8,Promising,1,Core Growth
14051,2010-12-08 12:49:00,2011-12-09 10:20:00,23,15610.390000000001,3756,52,1,366,678.7126086956522,163.30434782608697,4,4,4,12,Champions,3,Champions
14052,2011-11-20 12:30:00,2011-11-20 12:30:00,1,225.36,89,56,20,1,225.36,89.0,3,1,1,5,Promising,2,Hibernating
14053,2011-07-03 12:21:00,2011-08-07 14:27:00,2,260.25,215,2,124,36,130.125,107.5,2,2,1,5,Hibernating,2,Hibernating
14054,2011-10-05 15:49:00,2011-10-05 15:49:00,1,92.46,62,6,65,1,92.46,62.0,2,1,1,4,Hibernating,2,Hibernating
14055,2011-08-25 15:04:00,2011-08-25 15:04:00,1,725.6400000000001,216,10,106,1,725.6400000000001,216.0,2,1,3,6,At Risk,0,Big-Ticket Occasionals
14056,2011-02-28 15:19:00,2011-12-08 13:36:00,23,8214.65,4273,320,1,283,357.1586956521739,185.7826086956522,4,4,4,12,Champions,3,Champions
14057,2010-12-14 12:11:00,2011-11-16 10:32:00,17,6217.96,4876,179,24,337,365.76235294117646,286.8235294117647,3,4,4,11,Loyal Customers,3,Champions
14059,2011-03-18 10:06:00,2011-03-18 10:06:00,1,183.6,128,8,267,1,183.6,128.0,1,1,1,3,Hibernating,2,Hibernating
14060,2010-12-02 12:11:00,2011-12-05 12:29:00,19,6140.42,5386,86,5,369,323.18,283.4736842105263,4,4,4,12,Champions,3,Champions
14062,2010-12-10 15:56:00,2011-11-30 10:04:00,12,10464.85,5593,60,10,355,872.0708333333333,466.0833333333333,4,4,4,12,Champions,3,Champions
14064,2011-03-10 12:59:00,2011-11-10 13:14:00,5,1353.74,1788,59,29,246,270.748,357.6,3,4,3,10,Loyal Customers,1,Core Growth
14066,2011-03-18 12:21:00,2011-03-18 12:21:00,1,152.55,45,7,267,1,152.55,45.0,1,1,1,3,Hibernating,2,Hibernating
14067,2011-09-04 12:00:00,2011-10-07 10:21:00,2,374.7,361,51,64,33,187.35,180.5,2,2,2,6,Hibernating,1,Core Growth
14068,2011-01-23 16:02:00,2011-01-23 16:02:00,1,265.85,73,22,320,1,265.85,73.0,1,1,1,3,Hibernating,2,Hibernating
14071,2011-03-20 11:33:00,2011-12-06 12:27:00,8,1438.82,995,271,4,262,179.8525,124.375,4,4,3,11,Loyal Customers,1,Core Growth
14073,2011-11-07 15:49:00,2011-11-07 15:49:00,1,151.04,130,13,32,1,151.04,130.0,3,1,1,5,Promising,2,Hibernating
14075,2011-03-23 16:35:00,2011-12-05 08:38:00,3,942.26,754,33,5,257,314.08666666666664,251.33333333333334,4,3,3,10,Hibernating,1,Core Growth
14076,2011-08-02 15:19:00,2011-08-02 15:19:00,1,122.47,81,43,129,1,122.47,81.0,2,1,1,4,Hibernating,2,Hibernating
14077,2011-03-10 15:52:00,2011-10-30 12:35:00,5,499.41999999999996,268,33,41,234,99.88399999999999,53.6,3,4,2,9,Hibernating,1,Core Growth
14078,2010-12-01 12:54:00,2011-08-30 12:16:00,6,1049.37,310,46,102,272,174.89499999999998,51.666666666666664,2,4,3,9,Loyal Customers,1,Core Growth
14079,2011-08-07 12:10:00,2011-08-07 12:10:00,1,375.1,301,12,125,1,375.1,301.0,2,1,2,5,Hibernating,0,Big-Ticket Occasionals
14080,2011-11-07 11:09:00,2011-11-07 11:09:00,1,45.599999999999994,48,4,33,1,45.599999999999994,48.0,3,1,1,5,Promising,2,Hibernating
14081,2010-12-05 15:47:00,2011-02-10 16:17:00,2,934.52,596,126,302,68,467.26,298.0,1,2,3,6,At Risk,0,Big-Ticket Occasionals
14082,2010-12-10 11:02:00,2010-12-10 11:02:00,1,182.25,110,28,365,1,182.25,110.0,1,1,1,3,Hibernating,2,Hibernating
14083,2010-12-03 12:24:00,2011-12-05 13:14:00,9,1018.43,732,162,4,368,113.15888888888888,81.33333333333333,4,4,3,11,Loyal Customers,1,Core Growth
14085,2010-12-06 12:39:00,2011-12-07 13:46:00,18,4448.54,3184,272,2,367,247.14111111111112,176.88888888888889,4,4,4,12,Champions,3,Champions
14087,2011-12-07 12:41:00,2011-12-07 12:41:00,1,194.42,251,61,3,1,194.42,251.0,4,1,1,6,Promising,1,Core Growth
14088,2011-01-21 13:07:00,2011-11-29 16:16:00,13,50491.81,12665,379,10,313,3883.9853846153846,974.2307692307693,4,4,4,12,Champions,3,Champions
14089,2011-10-14 10:38:00,2011-10-14 10:38:00,1,161.0,134,13,57,1,161.0,134.0,2,1,1,4,Hibernating,2,Hibernating
14090,2011-01-19 10:51:00,2011-01-19 10:51:00,1,76.32000000000001,72,1,325,1,76.32000000000001,72.0,1,1,1,3,Hibernating,2,Hibernating
14092,2010-12-16 15:47:00,2011-12-02 12:13:00,14,4076.91,2066,117,8,351,291.2078571428571,147.57142857142858,4,4,4,12,Champions,3,Champions
14093,2011-11-27 16:27:00,2011-11-27 16:27:00,1,442.85,406,95,12,1,442.85,406.0,4,1,2,7,Promising,1,Core Growth
14096,2011-08-30 10:49:00,2011-12-05 17:17:00,17,65164.79,16352,1119,4,98,3833.2229411764706,961.8823529411765,4,4,4,12,Champions,3,Champions
14098,2011-11-03 10:13:00,2011-11-03 10:13:00,1,147.35,104,21,37,1,147.35,104.0,3,1,1,5,Promising,2,Hibernating
14099,2010-12-20 11:14:00,2011-11-23 13:53:00,11,3104.17,2179,167,16,339,282.1972727272727,198.0909090909091,4,4,4,12,Champions,3,Champions
14100,2011-07-25 11:01:00,2011-07-25 11:01:00,1,194.9,64,24,138,1,194.9,64.0,2,1,1,4,Hibernating,2,Hibernating
14101,2011-01-17 13:09:00,2011-09-27 12:28:00,6,5976.79,6942,15,74,253,996.1316666666667,1157.0,2,4,4,10,Loyal Customers,3,Champions
14102,2011-10-26 12:46:00,2011-12-04 15:38:00,5,1360.28,961,35,5,40,272.056,192.2,4,4,3,11,Loyal Customers,1,Core Growth
14104,2011-06-27 12:49:00,2011-07-08 12:50:00,2,216.20999999999998,72,21,155,12,108.10499999999999,36.0,1,2,1,4,Hibernating,2,Hibernating
14105,2011-04-14 17:58:00,2011-04-14 17:58:00,1,1266.23,800,74,239,1,1266.23,800.0,1,1,3,5,At Risk,0,Big-Ticket Occasionals
14107,2010-12-10 13:29:00,2011-10-19 12:12:00,7,2703.23,1793,61,52,313,386.17571428571426,256.14285714285717,2,4,4,10,Loyal Customers,3,Champions
14108,2011-08-30 11:32:00,2011-11-09 10:41:00,2,597.91,381,33,31,71,298.955,190.5,3,2,2,7,Promising,1,Core Growth
14109,2011-09-28 10:18:00,2011-09-28 10:18:00,1,144.2,88,9,73,1,144.2,88.0,2,1,1,4,Hibernating,2,Hibernating
14110,2011-03-18 09:59:00,2011-12-06 12:26:00,12,5683.15,2445,94,4,264,473.5958333333333,203.75,4,4,4,12,Champions,3,Champions
14111,2011-04-12 11:36:00,2011-11-25 13:44:00,4,692.85,458,10,14,228,173.2125,114.5,4,3,3,10,Hibernating,1,Core Growth
14112,2011-03-09 11:28:00,2011-11-17 12:30:00,7,2915.15,1651,117,23,254,416.45,235.85714285714286,3,4,4,11,Loyal Customers,3,Champions
14113,2010-12-20 12:14:00,2011-12-06 12:18:00,4,1840.42,745,26,4,352,460.105,186.25,4,3,4,11,Big Spenders,1,Core Growth
14114,2011-01-13 11:05:00,2011-03-11 09:42:00,2,386.53,101,15,274,57,193.265,50.5,1,2,2,5,Hibernating,2,Hibernating
14116,2011-08-10 12:44:00,2011-11-20 10:29:00,5,1382.74,707,61,20,102,276.548,141.4,3,4,3,10,Loyal Customers,1,Core Growth
14117,2011-07-19 09:49:00,2011-07-19 09:49:00,1,90.0,72,3,144,1,90.0,72.0,1,1,1,3,Hibernating,2,Hibernating
14121,2011-10-11 10:39:00,2011-12-06 12:19:00,4,2780.15,2082,148,4,57,695.0375,520.5,4,3,4,11,Big Spenders,3,Champions
14124,2011-09-16 13:32:00,2011-09-16 13:32:00,1,419.58000000000004,1618,4,84,1,419.58000000000004,1618.0,2,1,2,5,Hibernating,0,Big-Ticket Occasionals
14125,2011-09-22 15:40:00,2011-11-29 12:47:00,3,2740.43,1640,159,11,68,913.4766666666666,546.6666666666666,4,3,4,11,Big Spenders,3,Champions
14126,2011-11-29 12:21:00,2011-12-02 11:45:00,3,706.1300000000001,508,14,8,3,235.3766666666667,169.33333333333334,4,3,3,10,Hibernating,1,Core Growth
14127,2011-02-02 12:26:00,2011-08-09 10:49:00,3,709.71,321,39,123,188,236.57000000000002,107.0,2,3,3,8,At Risk,0,Big-Ticket Occasionals
14128,2011-03-29 10:49:00,2011-10-10 12:00:00,2,637.5,564,40,61,196,318.75,282.0,2,2,2,6,Hibernating,0,Big-Ticket Occasionals
14129,2011-03-24 08:44:00,2011-12-08 11:02:00,5,1123.8600000000001,592,31,2,260,224.77200000000002,118.4,4,4,3,11,Loyal Customers,1,Core Growth
14130,2011-01-24 16:05:00,2011-01-24 16:05:00,1,483.86,258,66,319,1,483.86,258.0,1,1,2,4,Hibernating,0,Big-Ticket Occasionals
14132,2011-06-09 12:04:00,2011-12-07 13:35:00,11,3586.0299999999997,3368,100,2,182,326.00272727272727,306.1818181818182,4,4,4,12,Champions,3,Champions
14133,2011-01-28 11:27:00,2011-08-02 11:34:00,3,605.64,348,25,130,187,201.88,116.0,2,3,2,7,At Risk,0,Big-Ticket Occasionals
14135,2010-12-02 10:27:00,2011-12-08 11:38:00,15,4690.31,3850,95,2,372,312.68733333333336,256.6666666666667,4,4,4,12,Champions,3,Champions
14138,2011-10-07 09:38:00,2011-12-08 12:44:00,2,982.3800000000001,610,40,2,63,491.19000000000005,305.0,4,2,3,9,Promising,1,Core Growth
14139,2011-10-24 13:34:00,2011-10-24 13:34:00,1,415.82,510,26,46,1,415.82,510.0,3,1,2,6,Promising,0,Big-Ticket Occasionals
14140,2011-11-08 11:20:00,2011-12-06 09:05:00,2,935.05,811,60,4,28,467.525,405.5,4,2,3,9,Promising,1,Core Growth
14141,2011-08-26 14:40:00,2011-12-07 09:53:00,4,915.13,355,27,3,103,228.7825,88.75,4,3,3,10,Hibernating,1,Core Growth
14142,2010-12-01 16:33:00,2010-12-01 16:33:00,1,311.81,313,22,373,1,311.81,313.0,1,1,2,4,Hibernating,0,Big-Ticket Occasionals
14143,2011-07-29 09:48:00,2011-07-29 09:48:00,1,115.8,30,7,134,1,115.8,30.0,2,1,1,4,Hibernating,2,Hibernating
14145,2011-05-06 13:01:00,2011-10-24 12:10:00,4,3742.2,756,6,47,171,935.55,189.0,3,3,4,10,Big Spenders,3,Champions
14146,2010-12-17 15:52:00,2011-12-01 10:18:00,5,4191.0,2437,183,9,349,838.2,487.4,4,4,4,12,Champions,3,Champions
14147,2011-02-27 11:42:00,2011-09-22 18:10:00,2,483.4,108,4,78,208,241.7,54.0,2,2,2,6,Hibernating,2,Hibernating
14148,2011-04-20 12:02:00,2011-04-20 12:02:00,1,157.2,16,3,234,1,157.2,16.0,1,1,1,3,Hibernating,2,Hibernating
14149,2011-05-03 09:44:00,2011-05-03 09:44:00,1,446.62,218,28,221,1,446.62,218.0,1,1,2,4,Hibernating,0,Big-Ticket Occasionals
14150,2010-12-15 10:04:00,2011-11-04 10:05:00,2,658.64,496,23,36,325,329.32,248.0,3,2,2,7,Promising,1,Core Growth
14152,2011-04-19 15:46:00,2011-09-25 12:54:00,2,621.29,711,47,75,159,310.645,355.5,2,2,2,6,Hibernating,0,Big-Ticket Occasionals
14154,2011-04-14 15:58:00,2011-04-14 16:26:00,2,1345.62,465,52,239,1,672.81,232.5,1,2,3,6,At Risk,0,Big-Ticket Occasionals
14155,2011-03-18 14:13:00,2011-03-18 14:13:00,1,118.75,25,6,266,1,118.75,25.0,1,1,1,3,Hibernating,2,Hibernating
14156,2010-12-03 11:48:00,2011-11-30 10:54:00,55,117379.63,57885,714,10,362,2134.175090909091,1052.4545454545455,4,4,4,12,Champions,3,Champions
14157,2011-02-27 13:04:00,2011-11-20 11:32:00,2,432.88,284,45,20,266,216.44,142.0,3,2,2,7,Promising,1,Core Growth
14158,2011-10-30 15:08:00,2011-10-30 15:08:00,1,507.66,781,41,40,1,507.66,781.0,3,1,2,6,Promising,0,Big-Ticket Occasionals
14159,2010-12-12 11:17:00,2011-11-20 12:36:00,11,4693.01,4408,501,20,344,426.6372727272728,400.72727272727275,3,4,4,11,Loyal Customers,3,Champions
14161,2010-12-05 13:18:00,2011-05-08 11:41:00,3,1110.52,455,87,216,154,370.17333333333335,151.66666666666666,1,3,3,7,At Risk,0,Big-Ticket Occasionals
14162,2011-02-20 12:32:00,2011-06-19 11:36:00,2,289.36,142,25,174,119,144.68,71.0,1,2,1,4,Hibernating,2,Hibernating
14163,2011-04-14 17:33:00,2011-09-13 15:18:00,4,2445.91,893,36,87,152,611.4775,223.25,2,3,4,9,Big Spenders,0,Big-Ticket Occasionals
14164,2011-09-20 12:18:00,2011-09-30 12:24:00,2,1631.77,1033,28,71,11,815.885,516.5,2,2,3,7,At Risk,0,Big-Ticket Occasionals
14165,2011-03-09 12:39:00,2011-03-09 12:39:00,1,122.53999999999999,54,23,276,1,122.53999999999999,54.0,1,1,1,3,Hibernating,2,Hibernating
14167,2011-01-12 15:44:00,2011-10-31 14:29:00,4,574.84,150,27,39,292,143.71,37.5,3,3,2,8,Hibernating,1,Core Growth
14171,2011-09-02 16:43:00,2011-09-02 16:43:00,1,363.79,167,57,98,1,363.79,167.0,2,1,2,5,Hibernating,0,Big-Ticket Occasionals
14173,2011-05-04 14:03:00,2011-11-29 11:54:00,4,450.84,150,28,11,209,112.71,37.5,4,3,2,9,Hibernating,1,Core Growth
14174,2011-11-06 13:17:00,2011-11-06 13:17:00,1,134.46,94,26,33,1,134.46,94.0,3,1,1,5,Promising,2,Hibernating
14175,2011-01-14 12:22:00,2011-10-11 11:55:00,3,3222.3,1515,139,60,270,1074.1000000000001,505.0,2,3,4,9,Big Spenders,0,Big-Ticket Occasionals
14176,2010-12-07 11:45:00,2011-02-15 13:12:00,4,576.9000000000001,209,28,297,71,144.22500000000002,52.25,1,3,2,6,At Risk,2,Hibernating
14177,2011-06-13 11:10:00,2011-09-14 15:11:00,4,559.41,205,37,86,94,139.8525,51.25,2,3,2,7,At Risk,1,Core Growth
14178,2011-06-10 12:51:00,2011-12-01 12:01:00,7,1620.93,1505,191,9,174,231.5614285714286,215.0,4,4,3,11,Loyal Customers,3,Champions
14179,2011-10-18 14:00:00,2011-10-30 12:07:00,2,719.78,330,135,41,12,359.89,165.0,3,2,3,8,Promising,0,Big-Ticket Occasionals
14180,2010-12-02 13:08:00,2011-11-29 10:56:00,25,4748.52,719,112,11,362,189.94080000000002,28.76,4,4,4,12,Champions,3,Champions
14184,2011-10-04 12:43:00,2011-10-04 12:43:00,1,452.89,127,24,67,1,452.89,127.0,2,1,2,5,Hibernating,0,Big-Ticket Occasionals
14185,2011-01-12 13:52:00,2011-01-12 13:52:00,1,197.65,6,3,331,1,197.65,6.0,1,1,1,3,Hibernating,2,Hibernating
14188,2011-02-02 13:46:00,2011-11-09 12:45:00,6,2054.36,1162,34,31,280,342.3933333333334,193.66666666666666,3,4,4,11,Loyal Customers,3,Champions
14189,2010-12-06 11:42:00,2011-12-07 15:55:00,15,4654.08,3937,176,2,367,310.272,262.46666666666664,4,4,4,12,Champions,3,Champions
14191,2011-05-03 10:30:00,2011-12-08 09:23:00,13,4684.76,3662,145,2,219,360.36615384615385,281.6923076923077,4,4,4,12,Champions,3,Champions
14193,2011-03-15 11:38:00,2011-10-03 09:34:00,2,853.39,445,35,68,202,426.695,222.5,2,2,3,7,At Risk,0,Big-Ticket Occasionals
14194,2011-02-04 14:51:00,2011-12-05 10:38:00,21,11349.52,5840,269,5,304,540.4533333333334,278.0952380952381,4,4,4,12,Champions,3,Champions
14195,2011-04-01 16:50:00,2011-05-22 10:29:00,2,1012.0,760,7,202,51,506.0,380.0,1,2,3,6,At Risk,0,Big-Ticket Occasionals
14196,2011-08-25 10:25:00,2011-08-25 10:25:00,1,335.52,142,6,107,1,335.52,142.0,2,1,2,5,Hibernating,0,Big-Ticket Occasionals
14198,2011-04-14 14:54:00,2011-11-21 16:35:00,4,701.4,290,35,18,222,175.35,72.5,4,3,3,10,Hibernating,1,Core Growth
14199,2011-05-05 13:44:00,2011-05-05 13:44:00,1,185.39999999999998,28,2,218,1,185.39999999999998,28.0,1,1,1,3,Hibernating,2,Hibernating
14201,2010-12-15 13:25:00,2011-10-10 13:27:00,7,747.44,590,32,60,300,106.77714285714286,84.28571428571429,2,4,3,9,Loyal Customers,1,Core Growth
14204,2011-12-07 13:38:00,2011-12-07 13:38:00,1,161.03,82,36,2,1,161.03,82.0,4,1,1,6,Promising,1,Core Growth
14205,2011-03-20 15:07:00,2011-11-23 10:55:00,2,466.7,204,23,17,248,233.35,102.0,4,2,2,8,Promising,1,Core Growth
14206,2011-04-14 16:38:00,2011-04-14 16:38:00,1,328.15999999999997,276,20,239,1,328.15999999999997,276.0,1,1,2,4,Hibernating,0,Big-Ticket Occasionals
14208,2011-09-06 12:48:00,2011-09-06 12:48:00,1,151.74,114,10,95,1,151.74,114.0,2,1,1,4,Hibernating,2,Hibernating
14209,2011-01-11 12:56:00,2011-11-29 10:18:00,6,2073.43,691,55,11,322,345.57166666666666,115.16666666666667,4,4,4,12,Champions,1,Core Growth
14210,2010-12-03 12:43:00,2011-08-26 12:36:00,6,1905.8400000000001,760,66,106,266,317.64000000000004,126.66666666666667,2,4,4,10,Loyal Customers,1,Core Growth
14211,2011-02-17 15:50:00,2011-10-17 13:23:00,9,2241.1,1242,87,53,242,249.0111111111111,138.0,2,4,4,10,Loyal Customers,3,Champions
14212,2011-09-11 12:45:00,2011-09-11 12:45:00,1,1070.48,1152,9,90,1,1070.48,1152.0,2,1,3,6,At Risk,0,Big-Ticket Occasionals
14214,2011-03-07 12:26:00,2011-11-09 10:31:00,5,1004.38,751,64,31,247,200.876,150.2,3,4,3,10,Loyal Customers,1,Core Growth
14215,2010-12-06 15:34:00,2011-11-28 12:19:00,6,1789.72,1358,98,12,357,298.2866666666667,226.33333333333334,4,4,4,12,Champions,3,Champions
14216,2011-11-02 10:51:00,2011-12-06 14:56:00,4,1839.3,594,47,3,35,459.825,148.5,4,3,4,11,Big Spenders,1,Core Growth
14217,2010-12-08 13:28:00,2011-12-08 11:53:00,17,2004.98,689,78,2,365,117.94,40.529411764705884,4,4,4,12,Champions,3,Champions
14218,2011-10-28 10:00:00,2011-10-28 10:00:00,1,169.48000000000002,160,12,43,1,169.48000000000002,160.0,3,1,1,5,Promising,2,Hibernating
14219,2011-12-05 16:23:00,2011-12-05 16:23:00,1,89.94,78,7,4,1,89.94,78.0,4,1,1,6,Promising,2,Hibernating
14220,2010-12-16 18:18:00,2011-04-06 13:23:00,2,632.4,272,21,247,111,316.2,136.0,1,2,2,5,Hibernating,0,Big-Ticket Occasionals
14221,2011-01-04 15:33:00,2011-10-28 13:42:00,9,3432.8,2191,123,42,297,381.4222222222222,243.44444444444446,3,4,4,11,Loyal Customers,3,Champions
14222,2011-06-15 16:42:00,2011-06-15 16:42:00,1,683.17,607,41,177,1,683.17,607.0,1,1,3,5,At Risk,0,Big-Ticket Occasionals
14223,2011-03-20 16:02:00,2011-09-08 13:38:00,3,991.13,585,50,92,172,330.37666666666667,195.0,2,3,3,8,At Risk,0,Big-Ticket Occasionals
14224,2011-01-23 13:58:00,2011-08-21 13:24:00,4,1050.12,514,105,110,210,262.53,128.5,2,3,3,8,At Risk,0,Big-Ticket Occasionals
14226,2011-03-15 15:36:00,2011-11-11 11:34:00,5,2232.19,1308,64,29,241,446.438,261.6,3,4,4,11,Loyal Customers,3,Champions
14227,2011-02-28 12:27:00,2011-11-13 15:48:00,10,3350.96,1820,117,26,259,335.096,182.0,3,4,4,11,Loyal Customers,3,Champions
14229,2011-01-10 12:03:00,2011-10-19 10:04:00,3,1547.2,610,29,52,282,515.7333333333333,203.33333333333334,2,3,3,8,At Risk,0,Big-Ticket Occasionals
14231,2011-02-24 11:55:00,2011-06-09 11:05:00,3,925.71,409,47,184,105,308.57,136.33333333333334,1,3,3,7,At Risk,0,Big-Ticket Occasionals
14232,2011-03-20 12:44:00,2011-10-28 11:09:00,5,2048.07,1941,81,43,222,409.61400000000003,388.2,3,4,4,11,Loyal Customers,3,Champions
14233,2011-01-26 12:43:00,2011-10-21 15:54:00,4,1462.72,680,30,49,269,365.68,170.0,3,3,3,9,Hibernating,1,Core Growth
14234,2011-10-13 13:58:00,2011-11-17 17:53:00,4,775.46,963,122,22,36,193.865,240.75,3,3,3,9,Hibernating,1,Core Growth
14235,2011-03-24 13:23:00,2011-09-25 14:37:00,5,3144.86,1959,65,75,186,628.972,391.8,2,4,4,10,Loyal Customers,3,Champions
14236,2010-12-02 18:49:00,2011-09-20 09:13:00,2,490.86,310,15,81,292,245.43,155.0,2,2,2,6,Hibernating,0,Big-Ticket Occasionals
14237,2010-12-01 13:20:00,2010-12-01 13:20:00,1,161.0,38,9,373,1,161.0,38.0,1,1,1,3,Hibernating,2,Hibernating
14238,2011-01-17 14:40:00,2011-01-17 14:40:00,1,146.85,111,8,326,1,146.85,111.0,1,1,1,3,Hibernating,2,Hibernating
14239,2011-01-27 14:45:00,2011-10-27 14:40:00,11,2380.85,993,83,43,273,216.4409090909091,90.27272727272727,3,4,4,11,Loyal Customers,3,Champions
14240,2011-04-28 11:40:00,2011-11-09 13:45:00,2,890.34,418,37,30,196,445.17,209.0,3,2,3,8,Promising,0,Big-Ticket Occasionals
14241,2011-06-09 11:46:00,2011-06-09 11:46:00,1,213.70000000000002,146,10,184,1,213.70000000000002,146.0,1,1,1,3,Hibernating,2,Hibernating
14242,2011-01-18 08:53:00,2011-04-19 11:46:00,2,280.55,123,13,235,92,140.275,61.5,1,2,1,4,Hibernating,2,Hibernating
14243,2010-12-09 08:34:00,2011-12-01 11:12:00,10,2588.77,1221,99,9,358,258.877,122.1,4,4,4,12,Champions,3,Champions
14245,2011-03-21 10:41:00,2011-05-04 08:40:00,2,1693.45,976,107,220,44,846.725,488.0,1,2,4,7,At Risk,0,Big-Ticket Occasionals
14246,2011-04-08 08:25:00,2011-08-21 11:50:00,3,1474.06,804,57,111,136,491.3533333333333,268.0,2,3,3,8,At Risk,0,Big-Ticket Occasionals
14247,2011-03-06 15:21:00,2011-03-06 15:21:00,1,136.76999999999998,47,19,278,1,136.76999999999998,47.0,1,1,1,3,Hibernating,2,Hibernating
14248,2011-01-25 14:45:00,2011-01-25 14:45:00,1,302.58,102,8,318,1,302.58,102.0,1,1,1,3,Hibernating,2,Hibernating
14250,2011-09-11 13:44:00,2011-12-02 14:30:00,3,1904.05,1200,94,7,83,634.6833333333333,400.0,4,3,4,11,Big Spenders,3,Champions
14251,2011-10-13 12:46:00,2011-12-08 08:32:00,5,2879.7000000000003,1674,37,2,56,575.94,334.8,4,4,4,12,Champions,3,Champions
14256,2010-12-10 11:44:00,2011-03-24 13:17:00,2,969.0600000000001,414,51,260,105,484.53000000000003,207.0,1,2,3,6,At Risk,0,Big-Ticket Occasionals
14257,2011-01-25 10:49:00,2011-10-06 16:54:00,5,3099.7200000000003,1682,88,64,255,619.9440000000001,336.4,2,4,4,10,Loyal Customers,3,Champions
14258,2011-01-06 12:18:00,2011-11-30 15:27:00,9,12669.98,7100,58,9,329,1407.7755555555555,788.8888888888889,4,4,4,12,Champions,3,Champions
14259,2011-07-21 10:44:00,2011-07-21 10:44:00,1,120.0,68,5,142,1,120.0,68.0,2,1,1,4,Hibernating,2,Hibernating
14261,2011-09-22 10:47:00,2011-10-20 10:04:00,2,1163.45,406,52,51,28,581.725,203.0,3,2,3,8,Promising,0,Big-Ticket Occasionals
14262,2011-04-13 12:23:00,2011-12-01 14:17:00,8,2618.23,1645,87,8,233,327.27875,205.625,4,4,4,12,Champions,3,Champions
14264,2011-04-08 12:20:00,2011-07-08 10:20:00,2,333.97,70,15,155,91,166.985,35.0,1,2,2,5,Hibernating,2,Hibernating
14265,2011-07-14 09:10:00,2011-08-22 13:32:00,2,530.18,330,31,109,40,265.09,165.0,2,2,2,6,Hibernating,0,Big-Ticket Occasionals
14267,2011-03-24 11:38:00,2011-06-30 10:09:00,3,1516.24,530,25,163,98,505.41333333333336,176.66666666666666,1,3,3,7,At Risk,0,Big-Ticket Occasionals
14270,2011-01-12 09:33:00,2011-01-12 09:33:00,1,492.65000000000003,197,29,332,1,492.65000000000003,197.0,1,1,2,4,Hibernating,0,Big-Ticket Occasionals
14271,2011-04-28 12:47:00,2011-04-28 12:47:00,1,112.32,88,10,226,1,112.32,88.0,1,1,1,3,Hibernating,2,Hibernating
14272,2011-03-30 13:57:00,2011-09-27 10:08:00,2,437.96,599,33,74,181,218.98,299.5,2,2,2,6,Hibernating,0,Big-Ticket Occasionals
14273,2011-04-11 13:24:00,2011-10-19 13:20:00,4,559.97,264,22,51,191,139.9925,66.0,3,3,2,8,Hibernating,1,Core Growth
14276,2011-02-23 09:38:00,2011-09-02 09:45:00,3,1119.74,744,52,99,192,373.24666666666667,248.0,2,3,3,8,At Risk,0,Big-Ticket Occasionals
14277,2011-05-11 13:20:00,2011-11-24 15:01:00,3,4216.2,1984,195,15,198,1405.3999999999999,661.3333333333334,4,3,4,11,Big Spenders,3,Champions
14280,2011-05-27 10:37:00,2011-05-27 10:37:00,1,134.04,52,8,197,1,134.04,52.0,1,1,1,3,Hibernating,2,Hibernating
14282,2010-12-07 12:21:00,2011-12-06 17:04:00,15,3729.34,2668,70,3,365,248.62266666666667,177.86666666666667,4,4,4,12,Champions,3,Champions
14284,2011-09-14 13:04:00,2011-11-09 08:11:00,2,595.25,161,24,31,56,297.625,80.5,3,2,2,7,Promising,1,Core Growth
14285,2011-06-16 12:36:00,2011-11-18 14:50:00,4,1910.01,541,18,21,156,477.5025,135.25,3,3,4,10,Big Spenders,1,Core Growth
14286,2011-04-11 08:16:00,2011-11-16 10:34:00,3,4628.75,4338,220,24,220,1542.9166666666667,1446.0,3,3,4,10,Big Spenders,3,Champions
14287,2011-05-25 11:41:00,2011-12-01 13:25:00,3,176.63,261,9,8,191,58.876666666666665,87.0,4,3,1,8,Hibernating,1,Core Growth
14288,2011-05-10 13:22:00,2011-05-10 13:22:00,1,426.6,188,16,213,1,426.6,188.0,1,1,2,4,Hibernating,0,Big-Ticket Occasionals
14289,2011-02-23 12:33:00,2011-12-01 11:44:00,6,911.26,292,33,9,281,151.87666666666667,48.666666666666664,4,4,3,11,Loyal Customers,1,Core Growth
14290,2010-12-13 10:24:00,2011-11-28 14:02:00,5,2314.65,915,89,11,351,462.93,183.0,4,4,4,12,Champions,3,Champions
14291,2011-03-09 15:20:00,2011-12-08 10:26:00,11,3883.25,2749,145,2,274,353.02272727272725,249.9090909090909,4,4,4,12,Champions,3,Champions
14292,2011-03-02 08:26:00,2011-12-02 11:50:00,9,4871.93,1663,64,8,276,541.3255555555556,184.77777777777777,4,4,4,12,Champions,3,Champions
14293,2010-12-06 10:18:00,2011-12-06 15:17:00,4,1046.56,709,51,3,366,261.64,177.25,4,3,3,10,Hibernating,1,Core Growth
14295,2011-10-30 15:50:00,2011-10-30 15:50:00,1,166.20000000000002,84,5,40,1,166.20000000000002,84.0,3,1,1,5,Promising,2,Hibernating
14297,2011-03-10 08:31:00,2011-11-22 09:06:00,4,1305.33,865,48,18,258,326.3325,216.25,4,3,3,10,Hibernating,1,Core Growth
14298,2010-12-14 12:59:00,2011-12-01 13:12:00,44,51527.3,58343,884,8,353,1171.075,1325.9772727272727,4,4,4,12,Champions,3,Champions
14299,2010-12-09 10:30:00,2011-12-01 16:05:00,9,3965.62,2149,94,8,358,440.6244444444444,238.77777777777777,4,4,4,12,Champions,3,Champions
14300,2011-11-21 08:57:00,2011-11-21 08:57:00,1,43.2,32,3,19,1,43.2,32.0,3,1,1,5,Promising,2,Hibernating
14301,2011-08-14 15:33:00,2011-08-14 15:33:00,1,640.14,606,13,117,1,640.14,606.0,2,1,2,5,Hibernating,0,Big-Ticket Occasionals
14304,2011-05-01 11:50:00,2011-05-01 11:50:00,1,383.45,139,17,223,1,383.45,139.0,1,1,2,4,Hibernating,0,Big-Ticket Occasionals
14305,2011-07-27 14:14:00,2011-09-29 15:29:00,3,1858.96,1089,96,71,65,619.6533333333333,363.0,2,3,4,9,Big Spenders,0,Big-Ticket Occasionals
14306,2011-09-15 10:31:00,2011-10-19 13:23:00,2,2093.32,1075,33,51,35,1046.66,537.5,3,2,4,9,Big Spenders,0,Big-Ticket Occasionals
14307,2010-12-01 11:41:00,2011-09-12 09:38:00,6,2995.72,2058,150,89,285,499.28666666666663,343.0,2,4,4,10,Loyal Customers,3,Champions
14309,2010-12-16 13:05:00,2011-12-01 13:33:00,9,2352.53,1633,74,8,351,261.39222222222224,181.44444444444446,4,4,4,12,Champions,3,Champions
14311,2011-04-11 10:14:00,2011-04-11 10:14:00,1,310.26,146,20,243,1,310.26,146.0,1,1,2,4,Hibernating,0,Big-Ticket Occasionals
14312,2011-01-06 16:35:00,2011-10-24 09:46:00,6,1611.59,1012,74,47,291,268.5983333333333,168.66666666666666,3,4,3,10,Loyal Customers,1,Core Growth
14314,2011-08-25 10:39:00,2011-08-25 10:39:00,1,120.0,296,8,107,1,120.0,296.0,2,1,1,4,Hibernating,2,Hibernating
14315,2011-03-18 12:59:00,2011-10-26 12:06:00,6,2481.13,1021,64,45,222,413.5216666666667,170.16666666666666,3,4,4,11,Loyal Customers,3,Champions
14317,2011-10-06 10:44:00,2011-10-06 10:44:00,1,508.58000000000004,255,24,65,1,508.58000000000004,255.0,2,1,2,5,Hibernating,0,Big-Ticket Occasionals
14320,2011-01-11 09:12:00,2011-05-17 09:24:00,2,477.79,325,29,207,127,238.895,162.5,1,2,2,5,Hibernating,0,Big-Ticket Occasionals
14321,2011-01-10 11:35:00,2011-11-29 09:47:00,5,1530.75,2406,111,11,323,306.15,481.2,4,4,3,11,Loyal Customers,3,Champions
14323,2011-04-15 11:44:00,2011-08-17 11:37:00,2,605.0600000000001,350,32,115,124,302.53000000000003,175.0,2,2,2,6,Hibernating,0,Big-Ticket Occasionals
14326,2011-04-11 15:04:00,2011-04-11 15:04:00,1,183.85,103,8,242,1,183.85,103.0,1,1,1,3,Hibernating,2,Hibernating
14327,2011-06-29 13:58:00,2011-06-29 13:58:00,1,311.65,139,12,163,1,311.65,139.0,1,1,2,4,Hibernating,0,Big-Ticket Occasionals
14329,2011-01-14 13:42:00,2011-11-22 15:50:00,7,5014.84,3095,218,17,313,716.4057142857143,442.14285714285717,4,4,4,12,Champions,3,Champions
14331,2011-07-27 15:14:00,2011-08-07 13:17:00,2,462.65999999999997,252,27,124,11,231.32999999999998,126.0,2,2,2,6,Hibernating,0,Big-Ticket Occasionals
14332,2011-07-15 10:33:00,2011-11-17 11:54:00,3,866.31,481,22,23,126,288.77,160.33333333333334,3,3,3,9,Hibernating,1,Core Growth
14333,2011-10-03 10:38:00,2011-10-03 10:38:00,1,415.2,58,15,68,1,415.2,58.0,2,1,2,5,Hibernating,0,Big-Ticket Occasionals
14334,2010-12-16 17:37:00,2011-11-23 10:01:00,8,2552.21,1731,98,17,342,319.02625,216.375,4,4,4,12,Champions,3,Champions
14335,2011-09-04 13:07:00,2011-11-23 13:41:00,2,468.26,379,55,16,81,234.13,189.5,4,2,2,8,Promising,1,Core Growth
14336,2011-03-08 16:48:00,2011-11-23 11:40:00,4,1614.91,1759,77,17,260,403.7275,439.75,4,3,3,10,Hibernating,1,Core Growth
14338,2011-05-27 13:30:00,2011-07-01 14:08:00,2,588.22,335,30,161,36,294.11,167.5,1,2,2,5,Hibernating,0,Big-Ticket Occasionals
14339,2011-04-11 11:06:00,2011-04-11 11:06:00,1,309.52,168,14,243,1,309.52,168.0,1,1,2,4,Hibernating,0,Big-Ticket Occasionals
14340,2011-05-05 09:44:00,2011-05-05 09:44:00,1,134.7,58,6,219,1,134.7,58.0,1,1,1,3,Hibernating,2,Hibernating
14341,2011-01-25 13:55:00,2011-10-25 15:48:00,8,2182.28,1403,109,45,274,272.785,175.375,3,4,4,11,Loyal Customers,3,Champions
14342,2011-05-13 13:50:00,2011-11-18 13:21:00,4,668.5600000000001,347,18,21,189,167.14000000000001,86.75,3,3,2,8,Hibernating,1,Core Growth
14344,2010-12-06 11:58:00,2011-08-04 13:51:00,8,889.9300000000001,477,56,127,242,111.24125000000001,59.625,2,4,3,9,Loyal Customers,1,Core Growth
14345,2011-11-01 09:51:00,2011-11-01 09:51:00,1,108.97999999999999,50,6,39,1,108.97999999999999,50.0,3,1,1,5,Promising,2,Hibernating
14346,2011-02-15 13:52:00,2011-08-11 09:47:00,2,1021.58,605,55,121,177,510.79,302.5,2,2,3,7,At Risk,0,Big-Ticket Occasionals
14348,2011-03-24 16:23:00,2011-03-24 16:23:00,1,409.57,183,18,260,1,409.57,183.0,1,1,2,4,Hibernating,0,Big-Ticket Occasionals
14349,2011-11-29 15:39:00,2011-11-29 15:39:00,1,133.5,86,31,10,1,133.5,86.0,4,1,1,6,Promising,2,Hibernating
14350,2011-03-10 14:14:00,2011-03-10 14:14:00,1,282.93,183,18,274,1,282.93,183.0,1,1,1,3,Hibernating,2,Hibernating
14351,2011-06-28 11:56:00,2011-06-28 11:56:00,1,51.0,12,1,165,1,51.0,12.0,1,1,1,3,Hibernating,2,Hibernating
14352,2011-03-11 14:58:00,2011-07-05 15:41:00,4,1078.96,538,44,157,117,269.74,134.5,1,3,3,7,At Risk,0,Big-Ticket Occasionals
14353,2011-05-08 16:06:00,2011-05-08 16:06:00,1,90.6,64,6,215,1,90.6,64.0,1,1,1,3,Hibernating,2,Hibernating
14354,2011-11-09 15:36:00,2011-12-04 11:32:00,2,163.62,210,9,6,25,81.81,105.0,4,2,1,7,Promising,1,Core Growth
14355,2010-12-09 12:16:00,2010-12-09 12:16:00,1,174.4,92,11,366,1,174.4,92.0,1,1,1,3,Hibernating,2,Hibernating
14356,2011-09-19 14:43:00,2011-09-21 09:18:00,2,701.23,277,33,80,2,350.615,138.5,2,2,3,7,At Risk,0,Big-Ticket Occasionals
14357,2011-10-27 16:23:00,2011-10-27 16:23:00,1,225.77,148,39,43,1,225.77,148.0,3,1,1,5,Promising,2,Hibernating
14359,2011-09-13 09:03:00,2011-11-20 13:17:00,3,912.18,371,44,19,69,304.06,123.66666666666667,3,3,3,9,Hibernating,1,Core Growth
14360,2011-09-06 11:58:00,2011-11-08 09:12:00,4,2128.23,1151,104,32,63,532.0575,287.75,3,3,4,10,Big Spenders,3,Champions
14362,2011-11-17 15:08:00,2011-11-17 15:08:00,1,161.2,100,37,22,1,161.2,100.0,3,1,1,5,Promising,2,Hibernating
14364,2011-05-12 12:56:00,2011-08-23 11:01:00,8,3717.35,1967,61,109,103,464.66875,245.875,2,4,4,10,Loyal Customers,3,Champions
14367,2011-03-08 14:12:00,2011-12-01 13:19:00,16,9261.52,4438,270,8,268,578.845,277.375,4,4,4,12,Champions,3,Champions
14368,2011-01-24 09:52:00,2011-01-24 09:52:00,1,155.0,36,8,320,1,155.0,36.0,1,1,1,3,Hibernating,2,Hibernating
14371,2011-02-17 16:35:00,2011-02-17 16:35:00,1,100.5,34,4,295,1,100.5,34.0,1,1,1,3,Hibernating,2,Hibernating
14373,2010-12-16 15:40:00,2010-12-16 15:40:00,1,76.55,17,4,358,1,76.55,17.0,1,1,1,3,Hibernating,2,Hibernating
14375,2011-06-07 13:44:00,2011-06-07 13:44:00,1,257.68,194,57,185,1,257.68,194.0,1,1,1,3,Hibernating,2,Hibernating
14377,2011-03-22 13:38:00,2011-06-01 13:32:00,2,617.05,219,11,191,71,308.525,109.5,1,2,2,5,Hibernating,0,Big-Ticket Occasionals
14379,2011-02-17 15:03:00,2011-10-26 16:43:00,2,348.1,292,39,44,252,174.05,146.0,3,2,2,7,Promising,1,Core Growth
14381,2011-10-18 17:10:00,2011-10-18 17:10:00,1,202.68,146,56,52,1,202.68,146.0,2,1,1,4,Hibernating,2,Hibernating
14382,2011-11-13 16:18:00,2011-11-13 16:18:00,1,626.0699999999999,1237,121,26,1,626.0699999999999,1237.0,3,1,2,6,Promising,0,Big-Ticket Occasionals
14383,2011-06-29 10:18:00,2011-11-01 15:53:00,3,1247.69,817,49,38,126,415.8966666666667,272.3333333333333,3,3,3,9,Hibernating,1,Core Growth
14385,2011-11-16 11:55:00,2011-11-30 15:36:00,3,202.11,159,13,9,15,67.37,53.0,4,3,1,8,Hibernating,1,Core Growth
14386,2011-02-16 09:45:00,2011-02-16 09:45:00,1,142.4,54,7,297,1,142.4,54.0,1,1,1,3,Hibernating,2,Hibernating
14387,2011-08-22 14:13:00,2011-11-07 12:29:00,3,1770.56,819,125,33,77,590.1866666666666,273.0,3,3,4,10,Big Spenders,0,Big-Ticket Occasionals
14388,2010-12-02 11:02:00,2011-11-29 13:32:00,8,3212.84,1941,124,10,363,401.605,242.625,4,4,4,12,Champions,3,Champions
14389,2011-06-02 12:04:00,2011-10-05 15:17:00,2,1043.46,729,33,65,126,521.73,364.5,2,2,3,7,At Risk,0,Big-Ticket Occasionals
14390,2010-12-02 11:57:00,2011-11-29 13:49:00,9,4652.82,2136,135,10,363,516.98,237.33333333333334,4,4,4,12,Champions,3,Champions
14393,2011-05-05 18:16:00,2011-05-05 18:16:00,1,67.95,13,5,218,1,67.95,13.0,1,1,1,3,Hibernating,2,Hibernating
14395,2010-12-02 18:15:00,2011-12-07 14:34:00,9,3507.71,1693,181,2,370,389.74555555555554,188.11111111111111,4,4,4,12,Champions,3,Champions
14396,2010-12-03 15:19:00,2011-10-05 16:09:00,2,487.99,225,71,65,307,243.995,112.5,2,2,2,6,Hibernating,0,Big-Ticket Occasionals
14397,2011-05-10 12:25:00,2011-12-07 09:22:00,19,2612.96,1890,18,3,211,137.52421052631578,99.47368421052632,4,4,4,12,Champions,3,Champions
14400,2011-07-13 15:50:00,2011-07-13 15:50:00,1,574.7,454,25,149,1,574.7,454.0,1,1,2,4,Hibernating,0,Big-Ticket Occasionals
14401,2010-12-15 09:07:00,2011-12-05 13:30:00,13,4051.48,4507,113,4,356,311.6523076923077,346.6923076923077,4,4,4,12,Champions,3,Champions
14403,2011-04-06 14:23:00,2011-08-01 12:57:00,4,1475.81,519,17,130,117,368.9525,129.75,2,3,3,8,At Risk,0,Big-Ticket Occasionals
14404,2010-12-05 16:00:00,2011-11-06 12:30:00,6,1474.32,839,70,34,336,245.72,139.83333333333334,3,4,3,10,Loyal Customers,1,Core Growth
14406,2011-08-12 16:54:00,2011-08-12 16:54:00,1,156.75,77,8,119,1,156.75,77.0,2,1,1,4,Hibernating,2,Hibernating
14407,2011-03-08 11:59:00,2011-08-24 14:02:00,6,2157.73,1415,67,107,170,359.62166666666667,235.83333333333334,2,4,4,10,Loyal Customers,3,Champions
14408,2011-03-20 14:41:00,2011-11-29 11:41:00,7,2606.53,1616,60,11,254,372.3614285714286,230.85714285714286,4,4,4,12,Champions,3,Champions
14409,2010-12-06 15:03:00,2011-09-29 18:18:00,6,2059.4500000000003,1230,40,71,298,343.24166666666673,205.0,2,4,4,10,Loyal Customers,3,Champions
14410,2011-02-07 09:36:00,2011-09-08 15:08:00,9,1105.07,571,153,92,214,122.78555555555555,63.44444444444444,2,4,3,9,Loyal Customers,1,Core Growth
14411,2011-02-02 10:56:00,2011-02-02 10:56:00,1,1063.0,196,14,311,1,1063.0,196.0,1,1,3,5,At Risk,0,Big-Ticket Occasionals
14412,2011-09-28 08:48:00,2011-10-28 10:45:00,2,770.03,786,43,43,31,385.015,393.0,3,2,3,8,Promising,0,Big-Ticket Occasionals
14413,2010-12-12 13:37:00,2010-12-12 13:37:00,1,122.7,68,22,362,1,122.7,68.0,1,1,1,3,Hibernating,2,Hibernating
14414,2010-12-16 11:11:00,2011-09-09 12:09:00,7,1496.98,2512,79,92,268,213.8542857142857,358.85714285714283,2,4,3,9,Loyal Customers,1,Core Growth
14415,2010-12-14 13:31:00,2011-12-08 14:38:00,13,5900.28,3011,283,1,360,453.86769230769227,231.6153846153846,4,4,4,12,Champions,3,Champions
14416,2011-10-28 15:10:00,2011-11-17 15:22:00,2,490.22,326,13,22,21,245.11,163.0,3,2,2,7,Promising,1,Core Growth
14418,2011-08-23 17:18:00,2011-12-06 11:39:00,3,1937.25,1711,114,4,105,645.75,570.3333333333334,4,3,4,11,Big Spenders,3,Champions
14419,2010-12-10 10:56:00,2011-11-29 11:22:00,6,1058.06,487,112,11,355,176.34333333333333,81.16666666666667,4,4,3,11,Loyal Customers,1,Core Growth
14420,2011-09-01 18:07:00,2011-09-01 18:07:00,1,387.52,334,29,99,1,387.52,334.0,2,1,2,5,Hibernating,0,Big-Ticket Occasionals
14421,2011-05-12 10:49:00,2011-10-13 13:24:00,2,813.11,365,25,57,155,406.555,182.5,2,2,3,7,At Risk,0,Big-Ticket Occasionals
14422,2011-03-17 17:26:00,2011-12-09 11:26:00,6,4263.64,2906,189,1,267,710.6066666666667,484.3333333333333,4,4,4,12,Champions,3,Champions
14423,2011-05-05 15:12:00,2011-05-05 15:12:00,1,265.2,120,3,218,1,265.2,120.0,1,1,1,3,Hibernating,2,Hibernating
14424,2011-11-22 11:48:00,2011-11-22 11:48:00,1,322.08,48,1,18,1,322.08,48.0,4,1,2,7,Promising,2,Hibernating
14426,2011-01-31 09:51:00,2011-11-16 12:25:00,10,4481.67,2699,183,24,290,448.16700000000003,269.9,3,4,4,11,Loyal Customers,3,Champions
14427,2011-10-07 09:10:00,2011-10-20 14:23:00,2,363.34000000000003,228,16,50,14,181.67000000000002,114.0,3,2,2,7,Promising,2,Hibernating
14428,2011-01-18 16:39:00,2011-12-02 13:17:00,5,1244.83,436,108,7,318,248.96599999999998,87.2,4,4,3,11,Loyal Customers,1,Core Growth
14431,2011-02-10 10:40:00,2011-02-10 10:40:00,1,470.36,130,17,303,1,470.36,130.0,1,1,2,4,Hibernating,0,Big-Ticket Occasionals
14432,2011-09-11 14:09:00,2011-11-30 08:04:00,6,2255.51,2070,256,10,80,375.91833333333335,345.0,4,4,4,12,Champions,3,Champions
14434,2011-09-28 15:31:00,2011-11-18 08:56:00,6,1372.8,368,3,22,51,228.79999999999998,61.333333333333336,3,4,3,10,Loyal Customers,1,Core Growth
14436,2011-09-02 10:13:00,2011-09-02 10:13:00,1,89.06,129,9,99,1,89.06,129.0,2,1,1,4,Hibernating,2,Hibernating
14437,2010-12-09 09:27:00,2010-12-09 09:27:00,1,63.0,60,5,366,1,63.0,60.0,1,1,1,3,Hibernating,2,Hibernating
14438,2011-02-06 14:56:00,2011-02-06 14:56:00,1,131.9,82,9,306,1,131.9,82.0,1,1,1,3,Hibernating,2,Hibernating
14439,2011-01-24 11:39:00,2011-01-24 11:39:00,1,2661.24,526,32,320,1,2661.24,526.0,1,1,4,6,At Risk,0,Big-Ticket Occasionals
14440,2010-12-09 12:49:00,2011-12-01 15:42:00,5,2357.6800000000003,588,33,8,358,471.53600000000006,117.6,4,4,4,12,Champions,3,Champions
14441,2011-03-29 12:01:00,2011-12-09 09:07:00,4,1712.89,446,43,1,255,428.2225,111.5,4,3,4,11,Big Spenders,1,Core Growth
14442,2011-01-27 09:33:00,2011-05-19 11:36:00,2,1589.82,482,58,205,113,794.91,241.0,1,2,3,6,At Risk,0,Big-Ticket Occasionals
14443,2010-12-06 11:03:00,2011-10-17 10:10:00,4,1420.2,938,84,54,315,355.05,234.5,2,3,3,8,At Risk,1,Core Growth
14446,2011-04-07 12:10:00,2011-12-09 11:34:00,4,1039.58,933,233,1,246,259.895,233.25,4,3,3,10,Hibernating,1,Core Growth
14447,2011-03-04 10:49:00,2011-11-21 08:28:00,5,1163.23,571,54,19,262,232.64600000000002,114.2,3,4,3,10,Loyal Customers,1,Core Growth
14448,2010-12-10 17:26:00,2011-11-30 13:50:00,2,375.35,104,20,9,355,187.675,52.0,4,2,2,8,Promising,1,Core Growth
14449,2010-12-02 14:09:00,2011-11-21 12:06:00,4,907.1,757,201,19,354,226.775,189.25,3,3,3,9,Hibernating,1,Core Growth
14450,2011-01-23 11:53:00,2011-06-12 10:46:00,3,483.25,241,32,181,140,161.08333333333334,80.33333333333333,1,3,2,6,At Risk,2,Hibernating
14451,2011-05-29 12:35:00,2011-10-10 13:38:00,2,662.59,389,86,60,135,331.295,194.5,2,2,2,6,Hibernating,0,Big-Ticket Occasionals
14452,2011-09-07 11:32:00,2011-11-29 12:06:00,2,264.44,119,55,11,84,132.22,59.5,4,2,1,7,Promising,1,Core Growth
14453,2011-06-02 14:15:00,2011-06-02 14:15:00,1,119.93,49,22,190,1,119.93,49.0,1,1,1,3,Hibernating,2,Hibernating
14456,2011-07-20 13:06:00,2011-12-04 13:59:00,9,3062.4,2908,580,5,138,340.26666666666665,323.1111111111111,4,4,4,12,Champions,3,Champions
14457,2011-02-02 09:39:00,2011-02-02 09:39:00,1,113.64,88,4,311,1,113.64,88.0,1,1,1,3,Hibernating,2,Hibernating
14459,2011-07-07 13:35:00,2011-07-07 13:35:00,1,1837.92,760,37,155,1,1837.92,760.0,1,1,4,6,At Risk,0,Big-Ticket Occasionals
14460,2011-02-02 11:55:00,2011-08-21 14:19:00,3,434.34,881,14,110,201,144.78,293.6666666666667,2,3,2,7,At Risk,1,Core Growth
14461,2011-03-23 12:15:00,2011-07-14 17:11:00,3,2103.06,766,173,148,114,701.02,255.33333333333334,1,3,4,8,At Risk,0,Big-Ticket Occasionals
14462,2011-01-04 12:45:00,2011-10-04 15:55:00,11,2004.02,964,150,66,274,182.18363636363637,87.63636363636364,2,4,4,10,Loyal Customers,3,Champions
14463,2011-05-18 14:42:00,2011-09-02 15:20:00,3,529.62,179,6,98,108,176.54,59.666666666666664,2,3,2,7,At Risk,2,Hibernating
14465,2011-02-10 12:13:00,2011-04-07 12:38:00,3,1058.6200000000001,405,107,247,57,352.8733333333334,135.0,1,3,3,7,At Risk,0,Big-Ticket Occasionals
14466,2010-12-02 13:36:00,2011-11-10 14:07:00,7,2272.4,1006,35,29,344,324.62857142857143,143.71428571428572,3,4,4,11,Loyal Customers,3,Champions
14467,2011-01-31 12:35:00,2011-11-22 12:48:00,4,598.76,278,67,18,296,149.69,69.5,4,3,2,9,Hibernating,1,Core Growth
14470,2011-02-25 11:56:00,2011-11-28 10:31:00,2,461.19,193,43,12,276,230.595,96.5,4,2,2,8,Promising,1,Core Growth
14472,2010-12-19 14:03:00,2011-08-28 11:01:00,8,1936.84,1160,153,104,252,242.105,145.0,2,4,4,10,Loyal Customers,1,Core Growth
14473,2011-03-02 13:56:00,2011-09-26 15:10:00,2,234.34000000000003,88,7,74,209,117.17000000000002,44.0,2,2,1,5,Hibernating,2,Hibernating
14474,2011-10-24 13:26:00,2011-10-24 13:26:00,1,547.66,140,29,46,1,547.66,140.0,3,1,2,6,Promising,0,Big-Ticket Occasionals
14475,2011-02-08 10:12:00,2011-09-29 10:46:00,3,925.85,447,35,72,234,308.6166666666667,149.0,2,3,3,8,At Risk,0,Big-Ticket Occasionals
14476,2011-03-27 15:39:00,2011-03-27 15:39:00,1,215.7,132,17,257,1,215.7,132.0,1,1,1,3,Hibernating,2,Hibernating
14477,2011-02-15 15:44:00,2011-11-20 11:11:00,4,1309.6,720,7,20,278,327.4,180.0,3,3,3,9,Hibernating,1,Core Growth
14479,2010-12-09 12:59:00,2011-03-31 09:07:00,2,316.25,117,18,254,112,158.125,58.5,1,2,2,5,Hibernating,2,Hibernating
14480,2011-11-28 16:35:00,2011-11-28 16:35:00,1,279.05,143,13,11,1,279.05,143.0,4,1,1,6,Promising,1,Core Growth
14481,2011-02-25 13:53:00,2011-06-28 10:38:00,2,636.51,489,25,165,123,318.255,244.5,1,2,2,5,Hibernating,0,Big-Ticket Occasionals
14482,2011-04-14 16:41:00,2011-11-21 13:14:00,6,2068.15,1646,110,18,221,344.69166666666666,274.3333333333333,4,4,4,12,Champions,3,Champions
14483,2011-03-03 10:26:00,2011-03-03 10:26:00,1,137.1,97,9,282,1,137.1,97.0,1,1,1,3,Hibernating,2,Hibernating
14484,2011-10-20 14:11:00,2011-10-20 14:11:00,1,321.92,210,14,50,1,321.92,210.0,3,1,2,6,Promising,0,Big-Ticket Occasionals
14485,2011-11-01 12:25:00,2011-11-01 12:25:00,1,165.75,71,44,39,1,165.75,71.0,3,1,1,5,Promising,2,Hibernating
14487,2010-12-06 13:22:00,2011-11-13 12:17:00,6,1196.33,735,112,27,342,199.38833333333332,122.5,3,4,3,10,Loyal Customers,1,Core Growth
14488,2011-10-03 09:30:00,2011-10-03 09:30:00,1,1064.28,799,46,68,1,1064.28,799.0,2,1,3,6,At Risk,0,Big-Ticket Occasionals
14489,2011-05-16 14:51:00,2011-05-16 14:51:00,1,463.38,299,30,207,1,463.38,299.0,1,1,2,4,Hibernating,0,Big-Ticket Occasionals
14491,2010-12-02 12:10:00,2011-06-17 15:22:00,2,340.93,139,17,175,198,170.465,69.5,1,2,2,5,Hibernating,2,Hibernating
14493,2011-07-07 16:59:00,2011-12-02 16:14:00,5,2383.2400000000002,1285,95,7,148,476.648,257.0,4,4,4,12,Champions,3,Champions
14494,2011-11-14 09:21:00,2011-11-14 09:21:00,1,139.56,92,7,26,1,139.56,92.0,3,1,1,5,Promising,2,Hibernating
14495,2011-08-10 14:13:00,2011-10-20 12:28:00,2,123.8,62,6,51,71,61.9,31.0,3,2,1,6,Promising,2,Hibernating
14496,2010-12-01 15:35:00,2011-02-01 09:01:00,2,538.8100000000001,159,16,312,62,269.40500000000003,79.5,1,2,2,5,Hibernating,0,Big-Ticket Occasionals
14497,2011-02-03 17:01:00,2011-02-03 17:01:00,1,475.37,235,29,309,1,475.37,235.0,1,1,2,4,Hibernating,0,Big-Ticket Occasionals
14498,2010-12-13 11:29:00,2011-10-28 12:09:00,5,1957.32,1098,162,43,320,391.464,219.6,3,4,4,11,Loyal Customers,1,Core Growth
14499,2011-03-06 11:55:00,2011-11-13 13:01:00,3,815.32,501,146,26,253,271.77333333333337,167.0,3,3,3,9,Hibernating,1,Core Growth
14500,2011-06-03 10:08:00,2011-09-12 16:45:00,3,356.85,117,6,88,102,118.95,39.0,2,3,2,7,At Risk,2,Hibernating
14501,2011-01-24 10:43:00,2011-06-09 12:02:00,2,251.21,161,9,184,137,125.605,80.5,1,2,1,4,Hibernating,2,Hibernating
14502,2011-01-30 15:52:00,2011-11-20 11:50:00,11,2470.67,1498,368,20,294,224.60636363636365,136.1818181818182,3,4,4,11,Loyal Customers,3,Champions
14503,2011-06-14 10:00:00,2011-12-06 13:30:00,6,3543.26,2004,113,3,176,590.5433333333334,334.0,4,4,4,12,Champions,3,Champions
14504,2011-03-06 14:38:00,2011-10-23 16:00:00,4,673.26,308,85,47,232,168.315,77.0,3,3,2,8,Hibernating,1,Core Growth
14505,2010-12-12 16:14:00,2011-11-22 15:45:00,8,5905.64,2759,540,17,345,738.205,344.875,4,4,4,12,Champions,3,Champions
14506,2010-12-05 14:25:00,2011-11-22 13:02:00,5,2012.17,730,204,17,352,402.434,146.0,4,4,4,12,Champions,1,Core Growth
14507,2011-03-08 17:23:00,2011-11-16 12:21:00,6,1383.18,600,79,24,253,230.53,100.0,3,4,3,10,Loyal Customers,1,Core Growth
14508,2011-09-11 11:29:00,2011-11-17 19:48:00,2,276.42,131,52,22,68,138.21,65.5,3,2,1,6,Promising,2,Hibernating
14511,2011-07-29 12:13:00,2011-11-28 17:05:00,5,1314.81,784,53,11,123,262.962,156.8,4,4,3,11,Loyal Customers,1,Core Growth
14512,2011-04-21 19:05:00,2011-06-05 12:39:00,2,275.28,122,19,188,45,137.64,61.0,1,2,1,4,Hibernating,2,Hibernating
14513,2011-02-24 09:36:00,2011-08-31 11:25:00,3,455.59000000000003,361,11,101,189,151.86333333333334,120.33333333333333,2,3,2,7,At Risk,1,Core Growth
14514,2011-01-12 15:22:00,2011-10-09 16:05:00,3,1055.35,589,65,61,271,351.7833333333333,196.33333333333334,2,3,3,8,At Risk,0,Big-Ticket Occasionals
14515,2011-05-05 12:13:00,2011-11-22 11:37:00,6,2102.09,1134,68,18,201,350.34833333333336,189.0,3,4,4,11,Loyal Customers,3,Champions
14517,2011-07-21 11:42:00,2011-11-06 14:20:00,2,330.45,91,17,33,109,165.225,45.5,3,2,2,7,Promising,2,Hibernating
14518,2011-10-06 14:43:00,2011-10-06 14:43:00,1,174.37,278,16,64,1,174.37,278.0,2,1,1,4,Hibernating,2,Hibernating
14520,2011-02-22 09:15:00,2011-12-08 09:46:00,2,270.6,146,3,2,290,135.3,73.0,4,2,1,7,Promising,1,Core Growth
14522,2011-05-25 16:01:00,2011-11-15 13:24:00,4,974.54,525,15,24,174,243.635,131.25,3,3,3,9,Hibernating,1,Core Growth
14523,2011-08-23 13:13:00,2011-08-23 13:13:00,1,241.09,251,12,108,1,241.09,251.0,2,1,1,4,Hibernating,2,Hibernating
14524,2010-12-14 11:01:00,2011-11-08 12:29:00,9,1867.68,676,161,32,330,207.52,75.11111111111111,3,4,4,11,Loyal Customers,1,Core Growth
14525,2010-12-13 17:40:00,2011-11-20 11:37:00,9,4332.2,2696,217,20,342,481.35555555555555,299.55555555555554,3,4,4,11,Loyal Customers,3,Champions
14527,2010-12-05 13:17:00,2011-12-07 12:19:00,55,8508.82,2089,330,3,367,154.7058181818182,37.981818181818184,4,4,4,12,Champions,3,Champions
14528,2011-11-02 17:09:00,2011-11-02 17:09:00,1,364.21999999999997,278,18,37,1,364.21999999999997,278.0,3,1,2,6,Promising,0,Big-Ticket Occasionals
14529,2011-08-21 14:10:00,2011-10-10 15:27:00,3,620.04,348,177,60,51,206.67999999999998,116.0,2,3,2,7,At Risk,1,Core Growth
14530,2011-02-16 10:47:00,2011-11-14 10:38:00,6,2925.91,1410,140,26,271,487.65166666666664,235.0,3,4,4,11,Loyal Customers,3,Champions
14532,2010-12-22 13:48:00,2011-04-17 13:05:00,4,932.85,284,45,236,116,233.2125,71.0,1,3,3,7,At Risk,0,Big-Ticket Occasionals
14533,2010-12-22 11:07:00,2011-11-15 12:05:00,7,1949.72,4019,53,25,329,278.5314285714286,574.1428571428571,3,4,4,11,Loyal Customers,3,Champions
14534,2011-01-25 12:33:00,2011-12-07 12:19:00,18,4447.05,2047,331,3,316,247.05833333333334,113.72222222222223,4,4,4,12,Champions,3,Champions
14535,2011-04-05 12:50:00,2011-10-10 15:39:00,3,2864.19,1831,280,60,189,954.73,610.3333333333334,2,3,4,9,Big Spenders,0,Big-Ticket Occasionals
14536,2011-03-25 12:21:00,2011-03-25 12:21:00,1,171.8,40,18,260,1,171.8,40.0,1,1,1,3,Hibernating,2,Hibernating
14537,2011-10-13 10:54:00,2011-10-13 10:54:00,1,355.56,120,10,58,1,355.56,120.0,2,1,2,5,Hibernating,0,Big-Ticket Occasionals
14538,2011-03-28 14:57:00,2011-10-06 10:31:00,2,388.25,155,19,65,192,194.125,77.5,2,2,2,6,Hibernating,2,Hibernating
14539,2011-10-26 12:03:00,2011-11-24 09:50:00,2,537.48,428,31,16,29,268.74,214.0,4,2,2,8,Promising,1,Core Growth
14540,2011-02-03 15:02:00,2011-11-30 10:15:00,3,996.26,421,64,10,300,332.08666666666664,140.33333333333334,4,3,3,10,Hibernating,1,Core Growth
14541,2011-01-24 14:16:00,2011-10-12 10:08:00,8,1461.65,647,71,59,261,182.70625,80.875,2,4,3,9,Loyal Customers,1,Core Growth
14542,2011-06-07 08:19:00,2011-06-07 08:19:00,1,103.25,19,5,186,1,103.25,19.0,1,1,1,3,Hibernating,2,Hibernating
14543,2010-12-10 11:51:00,2011-11-11 12:45:00,16,3630.33,679,43,29,337,226.895625,42.4375,3,4,4,11,Loyal Customers,3,Champions
14544,2010-12-13 12:50:00,2011-11-15 15:06:00,2,2024.45,1543,97,24,338,1012.225,771.5,3,2,4,9,Big Spenders,0,Big-Ticket Occasionals
14546,2011-04-05 12:37:00,2011-12-04 13:00:00,5,2578.09,1317,250,5,244,515.618,263.4,4,4,4,12,Champions,3,Champions
14547,2011-10-16 14:35:00,2011-12-06 11:06:00,8,4007.54,2668,198,4,51,500.9425,333.5,4,4,4,12,Champions,3,Champions
14548,2011-01-26 08:38:00,2011-07-12 12:19:00,2,652.8,256,2,151,168,326.4,128.0,1,2,2,5,Hibernating,0,Big-Ticket Occasionals
14549,2011-02-01 13:47:00,2011-02-01 13:47:00,1,289.24,136,56,311,1,289.24,136.0,1,1,1,3,Hibernating,2,Hibernating
14550,2011-10-26 12:14:00,2011-11-29 12:12:00,2,765.62,394,38,11,34,382.81,197.0,4,2,3,9,Promising,1,Core Growth
14551,2011-05-19 18:21:00,2011-11-21 13:36:00,2,186.23,106,9,18,186,93.115,53.0,3,2,1,6,Promising,2,Hibernating
14552,2011-07-11 12:49:00,2011-07-11 12:49:00,1,165.07,91,57,152,1,165.07,91.0,1,1,1,3,Hibernating,2,Hibernating
14553,2011-01-04 15:40:00,2011-11-20 13:20:00,5,859.27,493,103,19,320,171.85399999999998,98.6,3,4,3,10,Loyal Customers,1,Core Growth
14554,2011-10-18 13:04:00,2011-11-29 16:44:00,4,2381.04,1478,147,10,43,595.26,369.5,4,3,4,11,Big Spenders,3,Champions
14555,2011-02-10 17:19:00,2011-10-13 16:24:00,2,324.14,130,18,57,245,162.07,65.0,2,2,2,6,Hibernating,2,Hibernating
14557,2011-09-15 15:48:00,2011-09-15 15:48:00,1,788.38,510,16,85,1,788.38,510.0,2,1,3,6,At Risk,0,Big-Ticket Occasionals
14560,2010-12-17 09:22:00,2011-12-02 15:22:00,22,2237.77,1260,39,7,351,101.71681818181818,57.27272727272727,4,4,4,12,Champions,3,Champions
14561,2011-06-08 13:26:00,2011-09-25 12:39:00,3,1080.76,1014,67,76,109,360.25333333333333,338.0,2,3,3,8,At Risk,0,Big-Ticket Occasionals
14562,2011-02-08 14:45:00,2011-12-06 11:05:00,18,5074.77,1834,187,4,301,281.9316666666667,101.88888888888889,4,4,4,12,Champions,3,Champions
14565,2010-12-13 13:25:00,2011-09-05 09:07:00,4,3099.12,1540,111,96,266,774.78,385.0,2,3,4,9,Big Spenders,0,Big-Ticket Occasionals
14566,2011-08-21 11:05:00,2011-08-21 11:05:00,1,1432.0,800,4,111,1,1432.0,800.0,2,1,3,6,At Risk,0,Big-Ticket Occasionals
14567,2011-08-01 13:48:00,2011-10-14 10:21:00,2,1530.3600000000001,412,33,57,74,765.1800000000001,206.0,2,2,3,7,At Risk,0,Big-Ticket Occasionals
14569,2011-12-08 14:58:00,2011-12-08 14:58:00,1,227.39,79,10,1,1,227.39,79.0,4,1,1,6,Promising,1,Core Growth
14570,2011-03-04 10:39:00,2011-03-04 10:58:00,2,218.06,95,29,281,1,109.03,47.5,1,2,1,4,Hibernating,2,Hibernating
14572,2011-01-19 17:23:00,2011-12-06 14:40:00,7,2832.84,1428,190,3,321,404.6914285714286,204.0,4,4,4,12,Champions,3,Champions
14573,2010-12-02 19:59:00,2011-06-13 11:15:00,9,1653.42,544,127,180,193,183.71333333333334,60.44444444444444,1,4,3,8,At Risk,1,Core Growth
14576,2010-12-02 17:51:00,2010-12-02 17:51:00,1,35.400000000000006,12,1,372,1,35.400000000000006,12.0,1,1,1,3,Hibernating,2,Hibernating
14577,2010-12-12 11:26:00,2011-11-27 12:47:00,4,859.71,353,86,13,351,214.9275,88.25,4,3,3,10,Hibernating,1,Core Growth
14578,2011-12-06 17:18:00,2011-12-06 17:18:00,1,168.63,240,24,3,1,168.63,240.0,4,1,1,6,Promising,1,Core Growth
14581,2011-11-23 12:39:00,2011-11-23 12:39:00,1,138.6,217,16,17,1,138.6,217.0,4,1,1,6,Promising,2,Hibernating
14582,2011-10-30 11:56:00,2011-10-30 11:56:00,1,114.11,73,6,41,1,114.11,73.0,3,1,1,5,Promising,2,Hibernating
14583,2011-05-18 11:28:00,2011-12-04 12:32:00,5,1052.55,792,243,6,201,210.51,158.4,4,4,3,11,Loyal Customers,1,Core Growth
14584,2011-05-25 17:31:00,2011-06-23 18:33:00,4,1042.26,383,68,169,30,260.565,95.75,1,3,3,7,At Risk,0,Big-Ticket Occasionals
14585,2011-10-20 14:33:00,2011-10-20 14:33:00,1,157.05,91,29,50,1,157.05,91.0,3,1,1,5,Promising,2,Hibernating
14586,2011-03-08 10:04:00,2011-03-08 10:04:00,1,237.36,444,19,277,1,237.36,444.0,1,1,1,3,Hibernating,0,Big-Ticket Occasionals
14587,2011-01-12 13:16:00,2011-11-21 11:34:00,9,1601.14,761,170,19,313,177.90444444444447,84.55555555555556,3,4,3,10,Loyal Customers,1,Core Growth
14589,2010-12-03 11:42:00,2010-12-03 11:42:00,1,39.75,5,3,372,1,39.75,5.0,1,1,1,3,Hibernating,2,Hibernating
14591,2011-05-10 14:09:00,2011-11-24 13:57:00,4,1447.14,1297,138,15,198,361.785,324.25,4,3,3,10,Hibernating,1,Core Growth
14592,2011-10-06 18:08:00,2011-11-04 16:35:00,3,570.46,415,132,35,29,190.15333333333334,138.33333333333334,3,3,2,8,Hibernating,1,Core Growth
14593,2011-05-25 11:14:00,2011-11-18 12:48:00,3,617.99,332,127,22,178,205.99666666666667,110.66666666666667,3,3,2,8,Hibernating,1,Core Growth
14594,2010-12-01 13:54:00,2011-12-02 13:28:00,2,379.83,185,48,7,366,189.915,92.5,4,2,2,8,Promising,1,Core Growth
14595,2011-01-30 13:36:00,2011-11-20 12:12:00,6,1740.6,978,94,20,294,290.09999999999997,163.0,3,4,4,11,Loyal Customers,1,Core Growth
14597,2011-06-01 12:33:00,2011-11-28 13:13:00,2,883.15,577,45,11,181,441.575,288.5,4,2,3,9,Promising,1,Core Growth
14598,2011-10-26 13:19:00,2011-10-26 13:19:00,1,221.97,189,49,44,1,221.97,189.0,3,1,1,5,Promising,2,Hibernating
14600,2011-02-07 09:48:00,2011-02-07 09:48:00,1,393.33000000000004,125,25,306,1,393.33000000000004,125.0,1,1,2,4,Hibernating,0,Big-Ticket Occasionals
14601,2011-11-29 09:48:00,2011-11-29 09:48:00,1,213.96,168,7,11,1,213.96,168.0,4,1,1,6,Promising,1,Core Growth
14603,2011-03-10 10:27:00,2011-03-10 10:27:00,1,660.0,400,2,275,1,660.0,400.0,1,1,2,4,Hibernating,0,Big-Ticket Occasionals
14606,2010-12-01 16:57:00,2011-12-08 19:28:00,93,12156.65,6224,819,1,373,130.71666666666667,66.9247311827957,4,4,4,12,Champions,3,Champions
14607,2011-03-23 15:22:00,2011-11-24 10:35:00,14,16569.5,11766,38,16,246,1183.5357142857142,840.4285714285714,4,4,4,12,Champions,3,Champions
14608,2010-12-12 14:49:00,2011-12-05 16:52:00,4,1785.15,437,8,4,359,446.2875,109.25,4,3,4,11,Big Spenders,1,Core Growth
14609,2011-02-16 12:10:00,2011-09-28 12:54:00,4,601.56,7026,2,72,225,150.39,1756.5,2,3,2,7,At Risk,1,Core Growth
14616,2011-01-26 12:42:00,2011-04-11 09:54:00,3,406.08000000000004,104,2,243,75,135.36,34.666666666666664,1,3,2,6,At Risk,2,Hibernating
14618,2011-01-06 11:59:00,2011-11-30 13:45:00,3,553.44,264,10,9,329,184.48000000000002,88.0,4,3,2,9,Hibernating,1,Core Growth
14619,2011-04-08 07:37:00,2011-04-08 07:37:00,1,394.44,152,20,246,1,394.44,152.0,1,1,2,4,Hibernating,0,Big-Ticket Occasionals
14620,2011-03-01 08:30:00,2011-05-18 11:58:00,2,412.78000000000003,214,26,206,79,206.39000000000001,107.0,1,2,2,5,Hibernating,2,Hibernating
14621,2010-12-16 13:00:00,2011-12-08 16:22:00,5,1788.3600000000001,993,80,1,358,357.672,198.6,4,4,4,12,Champions,3,Champions
14622,2011-06-08 12:42:00,2011-06-08 12:42:00,1,320.58000000000004,146,21,185,1,320.58000000000004,146.0,1,1,2,4,Hibernating,0,Big-Ticket Occasionals
14623,2011-04-18 13:54:00,2011-11-07 13:56:00,5,889.25,419,108,32,204,177.85,83.8,3,4,3,10,Loyal Customers,1,Core Growth
14624,2011-10-11 14:39:00,2011-10-13 13:44:00,2,225.85,162,13,57,2,112.925,81.0,2,2,1,5,Hibernating,2,Hibernating
14625,2010-12-13 15:36:00,2011-05-27 15:32:00,2,899.63,335,51,196,165,449.815,167.5,1,2,3,6,At Risk,0,Big-Ticket Occasionals
14626,2011-04-20 13:18:00,2011-11-16 10:37:00,4,2791.27,1403,108,24,210,697.8175,350.75,3,3,4,10,Big Spenders,3,Champions
14628,2011-04-11 14:43:00,2011-09-09 14:58:00,2,671.96,272,22,91,152,335.98,136.0,2,2,2,6,Hibernating,0,Big-Ticket Occasionals
14629,2011-10-23 16:13:00,2011-12-05 16:55:00,2,959.01,380,133,4,44,479.505,190.0,4,2,3,9,Promising,1,Core Growth
14631,2011-02-14 09:31:00,2011-10-20 11:17:00,3,1006.98,622,38,51,249,335.66,207.33333333333334,3,3,3,9,Hibernating,1,Core Growth
14632,2011-03-22 08:49:00,2011-03-22 08:49:00,1,114.56,96,8,263,1,114.56,96.0,1,1,1,3,Hibernating,2,Hibernating
14633,2011-03-18 17:07:00,2011-03-18 17:07:00,1,344.90000000000003,96,20,266,1,344.90000000000003,96.0,1,1,2,4,Hibernating,0,Big-Ticket Occasionals
14636,2011-03-16 09:52:00,2011-11-03 16:12:00,2,609.85,241,27,36,233,304.925,120.5,3,2,2,7,Promising,1,Core Growth
14638,2011-10-20 10:10:00,2011-10-20 10:10:00,1,443.6,166,16,51,1,443.6,166.0,3,1,2,6,Promising,0,Big-Ticket Occasionals
14639,2010-12-13 13:50:00,2011-10-18 15:06:00,6,2984.49,1431,138,52,310,497.41499999999996,238.5,2,4,4,10,Loyal Customers,3,Champions
14640,2011-04-26 12:31:00,2011-11-15 13:07:00,6,2125.08,886,87,24,204,354.18,147.66666666666666,3,4,4,11,Loyal Customers,3,Champions
14641,2011-11-18 10:42:00,2011-11-18 10:42:00,1,110.46,90,7,22,1,110.46,90.0,3,1,1,5,Promising,2,Hibernating
14642,2011-10-12 11:08:00,2011-10-12 11:08:00,1,96.12,76,2,59,1,96.12,76.0,2,1,1,4,Hibernating,2,Hibernating
14643,2010-12-16 17:53:00,2011-06-22 14:41:00,2,693.8100000000001,815,30,170,188,346.90500000000003,407.5,1,2,3,6,At Risk,0,Big-Ticket Occasionals
14644,2011-02-14 14:14:00,2011-10-03 08:30:00,2,830.76,258,26,68,231,415.38,129.0,2,2,3,7,At Risk,0,Big-Ticket Occasionals
14645,2011-03-09 09:52:00,2011-07-06 09:15:00,2,597.09,381,28,157,119,298.545,190.5,1,2,2,5,Hibernating,0,Big-Ticket Occasionals
14646,2010-12-20 10:09:00,2011-12-08 12:12:00,73,280206.02,196915,700,2,354,3838.4386301369864,2697.4657534246576,4,4,4,12,Champions,3,Champions
14647,2011-05-22 13:40:00,2011-05-22 13:40:00,1,243.22,95,24,201,1,243.22,95.0,1,1,1,3,Hibernating,2,Hibernating
14649,2011-05-11 14:37:00,2011-12-05 12:30:00,4,1417.29,1018,148,5,208,354.3225,254.5,4,3,3,10,Hibernating,1,Core Growth
14651,2011-05-12 16:29:00,2011-10-03 15:52:00,2,654.6,344,95,67,144,327.3,172.0,2,2,2,6,Hibernating,0,Big-Ticket Occasionals
14652,2011-09-23 14:21:00,2011-09-23 14:21:00,1,114.18,53,29,77,1,114.18,53.0,2,1,1,4,Hibernating,2,Hibernating
14653,2011-01-05 13:40:00,2011-12-08 13:45:00,7,1947.55,950,154,1,338,278.2214285714286,135.71428571428572,4,4,4,12,Champions,3,Champions
14655,2011-05-01 14:59:00,2011-12-01 16:28:00,4,1932.23,1089,35,8,215,483.0575,272.25,4,3,4,11,Big Spenders,3,Champions
14656,2011-03-01 13:19:00,2011-06-23 13:51:00,2,291.05,120,73,169,115,145.525,60.0,1,2,1,4,Hibernating,2,Hibernating
14657,2011-01-17 15:19:00,2011-11-22 12:47:00,4,848.22,466,103,18,309,212.055,116.5,3,3,3,9,Hibernating,1,Core Growth
14658,2011-08-14 15:42:00,2011-12-04 15:35:00,2,247.15,47,27,5,112,123.575,23.5,4,2,1,7,Promising,2,Hibernating
14659,2011-01-28 12:43:00,2011-12-01 12:17:00,9,2529.93,1195,147,9,307,281.1033333333333,132.77777777777777,4,4,4,12,Champions,3,Champions
14660,2011-08-31 10:40:00,2011-09-14 11:34:00,2,285.74,228,24,87,15,142.87,114.0,2,2,1,5,Hibernating,2,Hibernating
14661,2011-11-13 11:51:00,2011-11-13 11:51:00,1,107.95,35,4,27,1,107.95,35.0,3,1,1,5,Promising,2,Hibernating
14662,2011-01-27 17:41:00,2011-11-11 12:13:00,4,771.17,602,143,29,288,192.7925,150.5,3,3,3,9,Hibernating,1,Core Growth
14664,2011-11-06 14:56:00,2011-11-20 10:59:00,2,637.89,466,78,20,14,318.945,233.0,3,2,2,7,Promising,1,Core Growth
14665,2011-02-02 09:08:00,2011-10-10 09:14:00,5,1835.7,740,63,61,251,367.14,148.0,2,4,4,10,Loyal Customers,1,Core Growth
14666,2011-11-15 12:57:00,2011-11-15 12:57:00,1,195.25,161,14,24,1,195.25,161.0,3,1,1,5,Promising,2,Hibernating
14667,2010-12-06 13:13:00,2011-11-29 11:30:00,25,9241.2,5385,354,11,358,369.648,215.4,4,4,4,12,Champions,3,Champions
14669,2011-01-11 12:30:00,2011-04-12 11:43:00,3,1269.99,775,158,242,91,423.33,258.3333333333333,1,3,3,7,At Risk,0,Big-Ticket Occasionals
14670,2011-03-04 13:58:00,2011-03-04 14:13:00,2,411.53,337,107,280,1,205.765,168.5,1,2,2,5,Hibernating,0,Big-Ticket Occasionals
14672,2011-01-07 15:48:00,2011-04-19 10:19:00,2,765.55,454,58,235,102,382.775,227.0,1,2,3,6,At Risk,0,Big-Ticket Occasionals
14673,2010-12-07 12:49:00,2011-12-06 14:31:00,5,1736.4,1004,39,3,365,347.28000000000003,200.8,4,4,4,12,Champions,3,Champions
14675,2011-11-23 12:58:00,2011-11-23 12:58:00,1,604.75,341,93,16,1,604.75,341.0,4,1,2,7,Promising,0,Big-Ticket Occasionals
14676,2011-03-01 14:26:00,2011-11-08 13:29:00,6,2548.2400000000002,2500,29,31,252,424.7066666666667,416.6666666666667,3,4,4,11,Loyal Customers,3,Champions
14680,2010-12-03 12:05:00,2011-11-14 16:59:00,16,28754.11,13476,73,25,347,1797.131875,842.25,3,4,4,11,Loyal Customers,3,Champions
14681,2011-05-12 10:45:00,2011-09-29 15:52:00,3,498.95,76,6,71,141,166.31666666666666,25.333333333333332,2,3,2,7,At Risk,2,Hibernating
14682,2011-05-22 12:51:00,2011-06-05 12:12:00,2,52.0,80,1,188,14,26.0,40.0,1,2,1,4,Hibernating,2,Hibernating
14684,2010-12-12 12:44:00,2011-11-14 11:33:00,5,1236.28,853,231,26,337,247.256,170.6,3,4,3,10,Loyal Customers,1,Core Growth
14687,2011-08-25 11:59:00,2011-08-25 11:59:00,1,628.38,470,15,107,1,628.38,470.0,2,1,2,5,Hibernating,0,Big-Ticket Occasionals
14688,2010-12-01 09:37:00,2011-12-02 12:26:00,21,5630.87,3621,148,8,367,268.13666666666666,172.42857142857142,4,4,4,12,Champions,3,Champions
14689,2011-05-15 11:22:00,2011-05-15 11:22:00,1,112.8,76,13,209,1,112.8,76.0,1,1,1,3,Hibernating,2,Hibernating
14690,2011-07-11 11:58:00,2011-10-26 15:39:00,2,371.7,170,40,44,108,185.85,85.0,3,2,2,7,Promising,2,Hibernating
14691,2011-05-11 09:55:00,2011-11-09 12:30:00,5,2114.33,707,50,31,183,422.866,141.4,3,4,4,11,Loyal Customers,1,Core Growth
14692,2011-01-21 13:47:00,2011-07-25 15:08:00,4,591.55,265,53,137,186,147.8875,66.25,2,3,2,7,At Risk,1,Core Growth
14693,2011-03-20 12:50:00,2011-03-20 12:50:00,1,172.9,34,8,265,1,172.9,34.0,1,1,1,3,Hibernating,2,Hibernating
14696,2010-12-01 15:37:00,2011-12-05 13:43:00,7,2078.95,1630,117,4,369,296.99285714285713,232.85714285714286,4,4,4,12,Champions,3,Champions
14697,2011-05-05 15:29:00,2011-05-05 15:39:00,2,188.60999999999999,181,22,218,1,94.30499999999999,90.5,1,2,1,4,Hibernating,2,Hibernating
14698,2011-10-19 12:54:00,2011-12-08 12:26:00,5,1250.76,615,148,2,50,250.152,123.0,4,4,3,11,Loyal Customers,1,Core Growth
14699,2011-05-09 14:54:00,2011-05-09 14:54:00,1,109.13000000000001,77,8,214,1,109.13000000000001,77.0,1,1,1,3,Hibernating,2,Hibernating
14700,2011-04-15 13:16:00,2011-11-07 14:40:00,3,2235.3,1342,80,32,207,745.1,447.3333333333333,3,3,4,10,Big Spenders,0,Big-Ticket Occasionals
14701,2011-01-27 12:40:00,2011-11-29 12:38:00,9,2549.37,932,268,11,306,283.2633333333333,103.55555555555556,4,4,4,12,Champions,3,Champions
14702,2010-12-09 19:23:00,2011-12-08 19:29:00,17,3292.14,1454,196,1,365,193.65529411764706,85.52941176470588,4,4,4,12,Champions,3,Champions
14703,2011-11-25 09:23:00,2011-11-25 09:23:00,1,318.17,183,22,15,1,318.17,183.0,4,1,2,7,Promising,1,Core Growth
14704,2011-06-12 13:59:00,2011-11-28 12:51:00,9,1546.91,1082,288,11,169,171.8788888888889,120.22222222222223,4,4,3,11,Loyal Customers,1,Core Growth
14705,2011-05-25 12:39:00,2011-05-25 12:39:00,1,179.0,100,1,199,1,179.0,100.0,1,1,1,3,Hibernating,2,Hibernating
14708,2010-12-06 12:23:00,2011-12-07 08:21:00,3,1126.37,621,25,3,366,375.45666666666665,207.0,4,3,3,10,Hibernating,1,Core Growth
14709,2010-12-16 13:43:00,2011-11-24 15:41:00,13,4921.04,2484,71,15,344,378.54153846153844,191.07692307692307,4,4,4,12,Champions,3,Champions
14710,2011-10-11 13:49:00,2011-11-25 14:53:00,4,606.13,378,124,14,46,151.5325,94.5,4,3,2,9,Hibernating,1,Core Growth
14711,2011-03-22 13:32:00,2011-11-29 14:58:00,11,2868.8,978,221,10,253,260.8,88.9090909090909,4,4,4,12,Champions,3,Champions
14712,2011-08-19 13:33:00,2011-11-10 12:59:00,3,917.07,315,21,29,83,305.69,105.0,3,3,3,9,Hibernating,1,Core Growth
14713,2010-12-09 18:58:00,2011-11-30 16:26:00,11,2666.36,1615,146,9,356,242.39636363636365,146.8181818181818,4,4,4,12,Champions,3,Champions
14714,2011-11-15 13:07:00,2011-11-15 13:07:00,1,160.19,229,10,24,1,160.19,229.0,3,1,1,5,Promising,2,Hibernating
14715,2011-01-12 13:27:00,2011-11-15 12:10:00,4,867.38,521,60,25,307,216.845,130.25,3,3,3,9,Hibernating,1,Core Growth
14716,2011-07-14 12:42:00,2011-10-27 17:29:00,2,329.68,604,46,43,106,164.84,302.0,3,2,2,7,Promising,1,Core Growth
14719,2011-04-04 14:17:00,2011-12-08 12:43:00,5,1602.13,1032,177,2,248,320.42600000000004,206.4,4,4,3,11,Loyal Customers,1,Core Growth
14720,2011-08-05 12:06:00,2011-12-04 12:02:00,3,663.81,219,34,6,121,221.26999999999998,73.0,4,3,2,9,Hibernating,1,Core Growth
14722,2011-07-15 14:58:00,2011-07-15 14:58:00,1,187.92000000000002,120,28,147,1,187.92000000000002,120.0,1,1,1,3,Hibernating,2,Hibernating
14723,2010-12-03 14:18:00,2011-11-29 15:23:00,6,1158.3,695,193,10,362,193.04999999999998,115.83333333333333,4,4,3,11,Loyal Customers,1,Core Growth
14725,2011-11-15 12:42:00,2011-11-15 12:42:00,1,718.08,593,45,25,1,718.08,593.0,3,1,3,7,Promising,0,Big-Ticket Occasionals
14727,2011-03-10 14:45:00,2011-03-10 14:45:00,1,268.58,62,10,274,1,268.58,62.0,1,1,1,3,Hibernating,2,Hibernating
14729,2010-12-01 12:43:00,2010-12-01 12:43:00,1,313.49,197,69,374,1,313.49,197.0,1,1,2,4,Hibernating,0,Big-Ticket Occasionals
14730,2011-03-08 12:49:00,2011-12-08 14:39:00,8,2005.06,1132,317,1,276,250.6325,141.5,4,4,4,12,Champions,3,Champions
14731,2011-05-11 13:06:00,2011-10-23 15:54:00,3,380.02,256,38,47,166,126.67333333333333,85.33333333333333,3,3,2,8,Hibernating,1,Core Growth
14732,2011-01-04 14:40:00,2011-12-01 14:34:00,8,2702.4900000000002,1405,105,8,331,337.81125000000003,175.625,4,4,4,12,Champions,3,Champions
14733,2010-12-07 11:30:00,2011-11-23 15:39:00,12,9585.91,3764,102,16,352,798.8258333333333,313.6666666666667,4,4,4,12,Champions,3,Champions
14735,2010-12-16 16:05:00,2011-12-06 12:09:00,32,6065.69,2264,99,4,355,189.5528125,70.75,4,4,4,12,Champions,3,Champions
14737,2010-12-21 13:49:00,2011-12-06 10:16:00,3,1164.55,345,15,4,350,388.18333333333334,115.0,4,3,3,10,Hibernating,1,Core Growth
14738,2011-01-27 14:10:00,2011-10-28 08:56:00,7,1314.45,601,39,43,274,187.77857142857144,85.85714285714286,3,4,3,10,Loyal Customers,1,Core Growth
14739,2010-12-07 14:58:00,2011-12-05 16:54:00,7,3902.28,3820,47,4,364,557.4685714285714,545.7142857142857,4,4,4,12,Champions,3,Champions
14740,2011-03-01 08:35:00,2011-05-26 18:17:00,3,1448.21,735,85,197,87,482.7366666666667,245.0,1,3,3,7,At Risk,0,Big-Ticket Occasionals
14741,2010-12-02 08:43:00,2011-11-28 08:48:00,6,1400.34,841,35,12,362,233.39,140.16666666666666,4,4,3,11,Loyal Customers,1,Core Growth
14744,2010-12-08 10:21:00,2011-11-23 12:51:00,7,1099.98,627,21,16,351,157.14000000000001,89.57142857142857,4,4,3,11,Loyal Customers,1,Core Growth
14745,2011-02-27 15:25:00,2011-08-19 10:05:00,5,1220.26,1038,46,113,173,244.052,207.6,2,4,3,9,Loyal Customers,1,Core Growth
14747,2011-04-04 14:09:00,2011-04-04 14:09:00,1,328.2,84,18,249,1,328.2,84.0,1,1,2,4,Hibernating,2,Hibernating
14748,2010-12-06 10:19:00,2011-11-10 18:33:00,5,1415.75,1223,87,29,340,283.15,244.6,3,4,3,10,Loyal Customers,1,Core Growth
14752,2011-10-27 11:55:00,2011-10-27 11:55:00,1,389.64,260,5,44,1,389.64,260.0,3,1,2,6,Promising,0,Big-Ticket Occasionals
14753,2011-09-13 14:50:00,2011-09-13 14:50:00,1,563.15,211,30,87,1,563.15,211.0,2,1,2,5,Hibernating,0,Big-Ticket Occasionals
14754,2011-02-17 12:21:00,2011-10-26 12:01:00,2,638.05,486,38,45,251,319.025,243.0,3,2,2,7,Promising,0,Big-Ticket Occasionals
14755,2011-01-09 14:02:00,2011-11-30 11:24:00,11,5010.28,2219,128,10,325,455.47999999999996,201.72727272727272,4,4,4,12,Champions,3,Champions
14756,2011-11-24 18:13:00,2011-11-24 18:13:00,1,738.96,416,38,15,1,738.96,416.0,4,1,3,8,Promising,0,Big-Ticket Occasionals
14757,2011-09-25 14:36:00,2011-09-25 14:36:00,1,420.5,160,19,75,1,420.5,160.0,2,1,2,5,Hibernating,0,Big-Ticket Occasionals
14758,2011-03-25 12:10:00,2011-07-18 08:21:00,4,1484.06,419,54,145,115,371.015,104.75,1,3,3,7,At Risk,0,Big-Ticket Occasionals
14759,2011-04-21 10:55:00,2011-12-05 12:03:00,3,1625.97,569,92,5,229,541.99,189.66666666666666,4,3,3,10,Hibernating,1,Core Growth
14760,2011-02-15 16:27:00,2011-02-15 16:27:00,1,89.2,40,5,297,1,89.2,40.0,1,1,1,3,Hibernating,2,Hibernating
14761,2011-01-09 12:03:00,2011-10-12 12:10:00,2,255.9,118,11,59,277,127.95,59.0,2,2,1,5,Hibernating,2,Hibernating
14762,2011-03-21 08:20:00,2011-03-21 08:20:00,1,300.52,341,21,264,1,300.52,341.0,1,1,1,3,Hibernating,0,Big-Ticket Occasionals
14764,2011-10-24 11:54:00,2011-10-24 11:54:00,1,278.3,190,6,47,1,278.3,190.0,3,1,1,5,Promising,2,Hibernating
14765,2011-06-16 19:49:00,2011-11-10 19:53:00,3,254.11,135,38,29,148,84.70333333333333,45.0,3,3,1,7,Hibernating,2,Hibernating
14766,2010-12-08 15:33:00,2011-12-01 16:05:00,6,2473.37,1349,111,8,359,412.2283333333333,224.83333333333334,4,4,4,12,Champions,3,Champions
14768,2011-08-04 13:25:00,2011-11-22 12:54:00,2,192.60000000000002,52,4,17,110,96.30000000000001,26.0,4,2,1,7,Promising,2,Hibernating
14769,2010-12-17 11:40:00,2011-12-07 10:24:00,8,10674.75,7436,718,3,355,1334.34375,929.5,4,4,4,12,Champions,3,Champions
14770,2011-01-20 15:00:00,2011-04-21 14:21:00,2,876.42,490,49,232,91,438.21,245.0,1,2,3,6,At Risk,0,Big-Ticket Occasionals
14772,2011-08-19 15:04:00,2011-08-19 15:04:00,1,139.26,82,9,112,1,139.26,82.0,2,1,1,4,Hibernating,2,Hibernating
14775,2010-12-02 16:38:00,2011-10-12 15:27:00,3,1011.9,1174,57,58,314,337.3,391.3333333333333,2,3,3,8,At Risk,1,Core Growth
14776,2011-01-31 13:17:00,2011-10-19 15:34:00,11,2538.3,3134,44,51,262,230.75454545454548,284.90909090909093,3,4,4,11,Loyal Customers,3,Champions
14778,2011-02-04 11:43:00,2011-08-04 15:23:00,2,730.86,306,34,127,182,365.43,153.0,2,2,3,7,At Risk,0,Big-Ticket Occasionals
14779,2011-01-20 12:04:00,2011-03-04 12:42:00,3,386.15,84,40,281,44,128.71666666666667,28.0,1,3,2,6,At Risk,2,Hibernating
14780,2011-09-21 15:15:00,2011-10-16 12:46:00,2,447.68,310,26,55,25,223.84,155.0,2,2,2,6,Hibernating,1,Core Growth
14782,2011-01-24 11:12:00,2011-01-24 11:12:00,1,200.10000000000002,114,6,320,1,200.10000000000002,114.0,1,1,1,3,Hibernating,2,Hibernating
14784,2011-01-20 09:25:00,2011-11-13 13:30:00,2,289.99,237,15,26,298,144.995,118.5,3,2,1,6,Promising,1,Core Growth
14785,2011-11-24 13:40:00,2011-11-29 13:21:00,2,77.4,84,2,10,5,38.7,42.0,4,2,1,7,Promising,2,Hibernating
14788,2011-11-13 15:52:00,2011-12-02 17:06:00,2,679.4399999999999,421,26,7,20,339.71999999999997,210.5,4,2,3,9,Promising,1,Core Growth
14789,2011-11-11 08:59:00,2011-11-11 08:59:00,1,197.64,116,6,29,1,197.64,116.0,3,1,1,5,Promising,2,Hibernating
14790,2011-03-31 11:49:00,2011-11-23 09:28:00,4,745.06,699,30,17,237,186.265,174.75,4,3,3,10,Hibernating,1,Core Growth
14792,2011-10-07 09:19:00,2011-10-07 09:19:00,1,6.2,2,2,64,1,6.2,2.0,2,1,1,4,Hibernating,2,Hibernating
14793,2011-11-18 14:50:00,2011-11-18 14:50:00,1,228.99,91,14,21,1,228.99,91.0,3,1,1,5,Promising,2,Hibernating
14794,2011-01-09 16:11:00,2011-12-07 10:11:00,7,1319.91,673,68,3,332,188.55857142857144,96.14285714285714,4,4,3,11,Loyal Customers,1,Core Growth
14795,2011-06-26 13:04:00,2011-06-26 13:04:00,1,131.45000000000002,17,6,166,1,131.45000000000002,17.0,1,1,1,3,Hibernating,2,Hibernating
14796,2010-12-08 10:40:00,2011-12-08 15:31:00,17,8022.49,6025,403,1,366,471.9111764705882,354.4117647058824,4,4,4,12,Champions,3,Champions
14798,2011-02-02 15:26:00,2011-10-18 10:58:00,3,173.74,150,11,53,258,57.913333333333334,50.0,2,3,1,6,At Risk,2,Hibernating
14799,2011-10-19 16:16:00,2011-10-19 16:16:00,1,157.7,146,13,51,1,157.7,146.0,2,1,1,4,Hibernating,2,Hibernating
14800,2010-12-05 11:10:00,2011-10-23 12:46:00,12,4339.74,3655,246,48,323,361.645,304.5833333333333,3,4,4,11,Loyal Customers,3,Champions
14801,2011-10-09 15:24:00,2011-10-09 15:24:00,1,193.14,175,56,61,1,193.14,175.0,2,1,1,4,Hibernating,2,Hibernating
14803,2011-02-20 13:21:00,2011-06-30 13:58:00,3,845.55,370,35,162,131,281.84999999999997,123.33333333333333,1,3,3,7,At Risk,0,Big-Ticket Occasionals
14804,2011-12-01 11:20:00,2011-12-01 11:20:00,1,353.27,121,12,9,1,353.27,121.0,4,1,2,7,Promising,1,Core Growth
14805,2011-01-30 10:43:00,2011-11-24 16:20:00,4,554.65,115,30,15,299,138.6625,28.75,4,3,2,9,Hibernating,1,Core Growth
14806,2011-09-25 15:32:00,2011-09-25 15:32:00,1,193.39000000000001,330,11,75,1,193.39000000000001,330.0,2,1,1,4,Hibernating,2,Hibernating
14808,2011-06-20 12:53:00,2011-10-31 12:21:00,8,2741.17,2147,176,40,133,342.64625,268.375,3,4,4,11,Loyal Customers,3,Champions
14810,2010-12-05 12:08:00,2011-10-30 11:19:00,11,2087.88,1016,106,41,329,189.80727272727273,92.36363636363636,3,4,4,11,Loyal Customers,3,Champions
14813,2010-12-05 11:54:00,2010-12-05 11:57:00,2,155.43,67,25,370,1,77.715,33.5,1,2,1,4,Hibernating,2,Hibernating
14815,2011-10-03 11:36:00,2011-11-03 11:36:00,2,778.5,744,53,37,32,389.25,372.0,3,2,3,8,Promising,0,Big-Ticket Occasionals
14816,2011-05-26 13:16:00,2011-05-26 13:16:00,1,271.85,5,4,197,1,271.85,5.0,1,1,1,3,Hibernating,2,Hibernating
14817,2011-03-07 13:51:00,2011-05-23 13:35:00,2,1110.34,655,52,200,77,555.17,327.5,1,2,3,6,At Risk,0,Big-Ticket Occasionals
14818,2011-03-31 12:28:00,2011-09-27 11:01:00,3,657.8,324,41,74,180,219.26666666666665,108.0,2,3,2,7,At Risk,1,Core Growth
14819,2011-05-31 13:50:00,2011-10-06 13:41:00,2,272.07,109,13,64,128,136.035,54.5,2,2,1,5,Hibernating,2,Hibernating
14820,2011-06-19 14:56:00,2011-11-18 15:41:00,4,507.29,253,24,21,153,126.8225,63.25,3,3,2,8,Hibernating,1,Core Growth
14821,2010-12-08 08:43:00,2010-12-08 08:43:00,1,48.800000000000004,20,2,367,1,48.800000000000004,20.0,1,1,1,3,Hibernating,2,Hibernating
14823,2011-05-29 12:48:00,2011-06-12 13:12:00,3,321.43,88,56,180,15,107.14333333333333,29.333333333333332,1,3,2,6,At Risk,2,Hibernating
14824,2011-09-09 14:12:00,2011-11-29 14:20:00,4,1127.71,525,19,10,82,281.9275,131.25,4,3,3,10,Hibernating,1,Core Growth
14825,2010-12-06 12:30:00,2011-12-06 11:38:00,12,2226.91,991,82,4,365,185.57583333333332,82.58333333333333,4,4,4,12,Champions,3,Champions
14828,2011-01-07 09:50:00,2011-05-27 10:16:00,3,2139.76,2172,17,197,141,713.2533333333334,724.0,1,3,4,8,At Risk,0,Big-Ticket Occasionals
14829,2010-12-02 16:12:00,2011-11-10 16:16:00,4,697.55,452,39,29,344,174.3875,113.0,3,3,3,9,Hibernating,1,Core Growth
14830,2011-10-17 14:29:00,2011-10-17 14:29:00,1,197.13,169,39,53,1,197.13,169.0,2,1,1,4,Hibernating,2,Hibernating
14834,2011-04-13 15:00:00,2011-11-22 10:30:00,6,1720.3,734,43,18,223,286.71666666666664,122.33333333333333,3,4,4,11,Loyal Customers,1,Core Growth
14836,2011-11-09 13:26:00,2011-11-29 16:45:00,3,102.44999999999999,45,5,10,21,34.15,15.0,4,3,1,8,Hibernating,2,Hibernating
14837,2011-05-22 12:49:00,2011-09-11 10:58:00,4,1649.5,1436,96,90,112,412.375,359.0,2,3,3,8,At Risk,0,Big-Ticket Occasionals
14840,2011-03-17 12:00:00,2011-03-17 12:00:00,1,62.85,31,4,268,1,62.85,31.0,1,1,1,3,Hibernating,2,Hibernating
14841,2010-12-16 10:28:00,2011-10-17 15:03:00,6,3295.76,1778,103,53,306,549.2933333333334,296.3333333333333,2,4,4,10,Loyal Customers,3,Champions
14842,2011-02-04 15:32:00,2011-10-27 12:37:00,4,2824.69,1166,128,44,265,706.1725,291.5,3,3,4,10,Big Spenders,3,Champions
14844,2011-04-12 13:10:00,2011-10-07 10:41:00,4,3189.81,1833,87,64,178,797.4525,458.25,2,3,4,9,Big Spenders,3,Champions
14847,2011-07-14 10:52:00,2011-07-14 10:52:00,1,309.4,120,13,149,1,309.4,120.0,1,1,2,4,Hibernating,2,Hibernating
14849,2010-12-01 12:22:00,2011-11-18 10:58:00,25,7930.54,5694,159,22,352,317.2216,227.76,3,4,4,11,Loyal Customers,3,Champions
14850,2011-02-01 11:21:00,2011-02-01 11:21:00,1,325.75,293,21,312,1,325.75,293.0,1,1,2,4,Hibernating,0,Big-Ticket Occasionals
14851,2011-03-28 14:59:00,2011-11-16 14:20:00,2,511.35,325,28,23,233,255.675,162.5,3,2,2,7,Promising,1,Core Growth
14852,2011-04-01 13:22:00,2011-10-12 13:20:00,6,2836.69,1747,96,58,194,472.7816666666667,291.1666666666667,2,4,4,10,Loyal Customers,3,Champions
14853,2011-05-12 15:17:00,2011-11-15 16:56:00,2,475.8,82,8,24,188,237.9,41.0,3,2,2,7,Promising,1,Core Growth
14854,2011-03-10 12:22:00,2011-09-22 17:00:00,7,2759.83,1832,110,78,197,394.26142857142855,261.7142857142857,2,4,4,10,Loyal Customers,3,Champions
14855,2011-07-28 12:06:00,2011-08-12 14:02:00,2,645.65,267,13,119,16,322.825,133.5,2,2,2,6,Hibernating,0,Big-Ticket Occasionals
14856,2011-10-14 09:35:00,2011-11-03 14:53:00,3,1311.3799999999999,714,65,36,21,437.1266666666666,238.0,3,3,3,9,Hibernating,1,Core Growth
14857,2011-07-14 15:03:00,2011-10-11 09:23:00,2,1173.12,464,58,60,89,586.56,232.0,2,2,3,7,At Risk,0,Big-Ticket Occasionals
14859,2011-05-19 14:42:00,2011-11-27 11:18:00,4,1353.74,671,47,13,192,338.435,167.75,4,3,3,10,Hibernating,1,Core Growth
14860,2011-11-20 14:17:00,2011-11-20 14:17:00,1,170.32,232,11,19,1,170.32,232.0,3,1,1,5,Promising,2,Hibernating
14861,2011-10-18 12:54:00,2011-10-18 12:54:00,1,125.79,117,6,52,1,125.79,117.0,2,1,1,4,Hibernating,2,Hibernating
14862,2011-07-14 11:20:00,2011-11-14 10:01:00,2,841.1999999999999,772,47,26,123,420.59999999999997,386.0,3,2,3,8,Promising,1,Core Growth
14863,2011-11-10 15:04:00,2011-11-10 15:04:00,1,266.76,132,11,29,1,266.76,132.0,3,1,1,5,Promising,2,Hibernating
14865,2010-12-02 18:23:00,2011-12-02 16:25:00,2,52.2,108,4,7,365,26.1,54.0,4,2,1,7,Promising,2,Hibernating
14866,2010-12-08 14:58:00,2011-11-29 11:45:00,12,14389.9,6752,30,11,356,1199.1583333333333,562.6666666666666,4,4,4,12,Champions,3,Champions
14867,2011-01-07 16:34:00,2011-06-07 11:39:00,3,710.28,328,31,186,151,236.76,109.33333333333333,1,3,3,7,At Risk,0,Big-Ticket Occasionals
14868,2011-04-20 13:36:00,2011-12-06 14:49:00,8,2953.59,1405,96,3,231,369.19875,175.625,4,4,4,12,Champions,3,Champions
14869,2011-08-28 16:09:00,2011-12-01 12:36:00,2,725.7,550,66,9,95,362.85,275.0,4,2,3,9,Promising,1,Core Growth
14870,2011-03-23 10:51:00,2011-03-23 10:51:00,1,327.25,119,13,262,1,327.25,119.0,1,1,2,4,Hibernating,0,Big-Ticket Occasionals
14871,2010-12-14 12:18:00,2011-12-06 13:42:00,4,522.38,185,68,3,358,130.595,46.25,4,3,2,9,Hibernating,1,Core Growth
14873,2011-05-13 13:52:00,2011-05-13 13:52:00,1,519.68,168,28,210,1,519.68,168.0,1,1,2,4,Hibernating,0,Big-Ticket Occasionals
14875,2011-03-22 11:53:00,2011-08-24 12:20:00,2,1465.3200000000002,558,46,108,156,732.6600000000001,279.0,2,2,3,7,At Risk,0,Big-Ticket Occasionals
14878,2010-12-16 12:11:00,2011-11-27 11:15:00,9,1485.54,802,62,13,346,165.06,89.11111111111111,4,4,3,11,Loyal Customers,1,Core Growth
14880,2011-02-24 12:27:00,2011-09-23 13:42:00,3,706.19,373,45,77,212,235.39666666666668,124.33333333333333,2,3,3,8,At Risk,1,Core Growth
14881,2011-11-20 11:06:00,2011-11-20 11:06:00,1,255.4,316,17,20,1,255.4,316.0,3,1,1,5,Promising,1,Core Growth
14882,2011-11-06 10:15:00,2011-11-13 12:47:00,2,589.7,158,6,27,8,294.85,79.0,3,2,2,7,Promising,1,Core Growth
14883,2011-05-12 09:49:00,2011-11-21 10:23:00,6,761.59,790,39,19,194,126.93166666666667,131.66666666666666,3,4,3,10,Loyal Customers,1,Core Growth
14885,2011-07-31 12:05:00,2011-07-31 12:05:00,1,765.3199999999999,724,15,132,1,765.3199999999999,724.0,2,1,3,6,At Risk,0,Big-Ticket Occasionals
14886,2011-04-01 08:56:00,2011-04-01 08:56:00,1,364.8,160,18,253,1,364.8,160.0,1,1,2,4,Hibernating,0,Big-Ticket Occasionals
14887,2011-09-21 15:32:00,2011-09-21 15:32:00,1,1862.0,1100,6,79,1,1862.0,1100.0,2,1,4,7,Big Spenders,0,Big-Ticket Occasionals
14888,2011-05-16 14:58:00,2011-05-16 14:58:00,1,369.2,184,20,207,1,369.2,184.0,1,1,2,4,Hibernating,0,Big-Ticket Occasionals
14889,2011-01-07 15:19:00,2011-01-07 15:19:00,1,135.9,90,10,336,1,135.9,90.0,1,1,1,3,Hibernating,2,Hibernating
14890,2011-03-31 11:57:00,2011-03-31 11:57:00,1,125.65,51,7,254,1,125.65,51.0,1,1,1,3,Hibernating,2,Hibernating
14891,2011-06-05 10:58:00,2011-07-14 18:08:00,2,554.38,505,30,148,40,277.19,252.5,1,2,2,5,Hibernating,0,Big-Ticket Occasionals
14893,2011-11-28 10:49:00,2011-11-30 12:31:00,2,1237.8500000000001,799,72,10,3,618.9250000000001,399.5,4,2,3,9,Promising,1,Core Growth
14894,2011-09-15 13:51:00,2011-09-15 13:51:00,1,655.75,265,23,85,1,655.75,265.0,2,1,2,5,Hibernating,0,Big-Ticket Occasionals
14895,2011-02-22 13:08:00,2011-12-02 09:23:00,20,11138.710000000001,4851,273,8,283,556.9355,242.55,4,4,4,12,Champions,3,Champions
14896,2010-12-09 12:24:00,2011-05-19 10:20:00,2,468.77000000000004,279,43,205,161,234.38500000000002,139.5,1,2,2,5,Hibernating,0,Big-Ticket Occasionals
14897,2011-02-16 08:37:00,2011-12-02 10:32:00,4,1366.38,468,43,8,290,341.595,117.0,4,3,3,10,Hibernating,1,Core Growth
14898,2010-12-03 15:25:00,2011-11-16 14:54:00,6,1303.52,1020,86,23,348,217.25333333333333,170.0,3,4,3,10,Loyal Customers,1,Core Growth
14901,2010-12-02 11:20:00,2011-11-28 17:09:00,9,1421.29,661,73,11,362,157.92111111111112,73.44444444444444,4,4,3,11,Loyal Customers,1,Core Growth
14902,2011-11-14 10:34:00,2011-11-14 10:34:00,1,332.66,218,20,26,1,332.66,218.0,3,1,2,6,Promising,0,Big-Ticket Occasionals
14903,2011-03-06 11:50:00,2011-11-18 16:07:00,5,2810.63,1536,227,21,258,562.126,307.2,3,4,4,11,Loyal Customers,3,Champions
14904,2011-11-14 09:13:00,2011-12-07 12:55:00,2,1025.44,1985,66,2,24,512.72,992.5,4,2,3,9,Promising,1,Core Growth
14905,2011-04-20 10:48:00,2011-07-05 12:41:00,2,616.15,287,14,158,77,308.075,143.5,1,2,2,5,Hibernating,0,Big-Ticket Occasionals
14907,2010-12-07 10:14:00,2011-12-06 14:14:00,7,3501.1,1691,125,3,365,500.15714285714284,241.57142857142858,4,4,4,12,Champions,3,Champions
14908,2011-09-26 12:56:00,2011-09-26 12:56:00,1,277.8,132,9,74,1,277.8,132.0,2,1,1,4,Hibernating,2,Hibernating
14910,2011-10-16 11:06:00,2011-12-07 10:06:00,4,434.35,238,25,3,52,108.5875,59.5,4,3,2,9,Hibernating,1,Core Growth
14911,2010-12-01 14:05:00,2011-12-08 15:54:00,201,143825.06,80265,1787,1,373,715.5475621890547,399.32835820895525,4,4,4,12,Champions,3,Champions
14912,2011-04-07 11:06:00,2011-11-23 09:20:00,2,867.85,971,21,17,230,433.925,485.5,4,2,3,9,Promising,1,Core Growth
14913,2010-12-15 14:35:00,2011-11-04 08:29:00,4,1227.43,1743,76,36,324,306.8575,435.75,3,3,3,9,Hibernating,1,Core Growth
14915,2011-03-07 09:39:00,2011-09-09 13:34:00,2,307.48,112,12,91,187,153.74,56.0,2,2,2,6,Hibernating,2,Hibernating
14916,2011-01-19 15:30:00,2011-09-30 09:20:00,4,1268.98,1136,72,71,254,317.245,284.0,2,3,3,8,At Risk,1,Core Growth
14918,2011-07-08 12:50:00,2011-08-16 11:50:00,2,1610.15,675,39,116,39,805.075,337.5,2,2,3,7,At Risk,0,Big-Ticket Occasionals
14920,2011-05-11 10:31:00,2011-05-11 10:32:00,2,977.77,509,57,213,1,488.885,254.5,1,2,3,6,At Risk,0,Big-Ticket Occasionals
14921,2011-05-22 12:51:00,2011-11-09 13:17:00,2,1316.07,953,78,30,172,658.035,476.5,3,2,3,8,Promising,0,Big-Ticket Occasionals
14923,2011-10-20 11:51:00,2011-10-20 11:51:00,1,749.1,418,44,51,1,749.1,418.0,2,1,3,6,At Risk,0,Big-Ticket Occasionals
14924,2011-04-08 09:25:00,2011-04-08 09:25:00,1,310.05,64,10,246,1,310.05,64.0,1,1,2,4,Hibernating,2,Hibernating
14929,2011-11-07 17:21:00,2011-11-07 17:21:00,1,223.88,136,11,32,1,223.88,136.0,3,1,1,5,Promising,2,Hibernating
14930,2011-03-10 14:42:00,2011-08-23 10:31:00,3,2372.86,1166,116,109,166,790.9533333333334,388.6666666666667,2,3,4,9,Big Spenders,0,Big-Ticket Occasionals
14931,2011-04-13 09:32:00,2011-12-05 10:19:00,5,1257.68,417,30,5,237,251.536,83.4,4,4,3,11,Loyal Customers,1,Core Growth
14932,2010-12-09 11:48:00,2010-12-09 11:48:00,1,363.53,80,17,366,1,363.53,80.0,1,1,2,4,Hibernating,0,Big-Ticket Occasionals
14934,2011-03-02 11:48:00,2011-09-19 10:10:00,2,1890.94,1042,68,82,201,945.47,521.0,2,2,4,8,Big Spenders,0,Big-Ticket Occasionals
14935,2011-02-15 14:44:00,2011-02-15 14:44:00,1,1784.71,935,10,297,1,1784.71,935.0,1,1,4,6,At Risk,0,Big-Ticket Occasionals
14936,2011-03-09 11:53:00,2011-11-06 10:30:00,8,8137.02,4085,210,34,242,1017.1275,510.625,3,4,4,11,Loyal Customers,3,Champions
14937,2011-08-01 14:16:00,2011-10-14 12:29:00,3,1621.88,484,33,57,74,540.6266666666667,161.33333333333334,2,3,3,8,At Risk,0,Big-Ticket Occasionals
14944,2011-02-16 12:47:00,2011-11-10 09:10:00,12,5900.25,2815,101,30,267,491.6875,234.58333333333334,3,4,4,11,Loyal Customers,3,Champions
14946,2011-11-25 13:33:00,2011-11-25 13:33:00,1,100.9,22,3,14,1,100.9,22.0,4,1,1,6,Promising,2,Hibernating
14947,2011-08-01 09:31:00,2011-09-28 15:48:00,2,290.82,179,14,72,59,145.41,89.5,2,2,1,5,Hibernating,2,Hibernating
14948,2011-05-04 14:52:00,2011-11-16 17:16:00,6,1101.97,673,56,23,197,183.66166666666666,112.16666666666667,3,4,3,10,Loyal Customers,1,Core Growth
14950,2011-11-20 13:48:00,2011-11-20 13:48:00,1,371.2,136,19,19,1,371.2,136.0,3,1,2,6,Promising,0,Big-Ticket Occasionals
14951,2011-09-21 15:15:00,2011-09-21 15:15:00,1,311.69,311,20,79,1,311.69,311.0,2,1,2,5,Hibernating,0,Big-Ticket Occasionals
14952,2010-12-10 12:48:00,2011-10-11 10:33:00,11,8099.49,3355,117,60,305,736.3172727272727,305.0,2,4,4,10,Loyal Customers,3,Champions
14953,2011-11-14 14:59:00,2011-11-14 14:59:00,1,289.82,225,54,25,1,289.82,225.0,3,1,1,5,Promising,1,Core Growth
14954,2011-11-27 14:30:00,2011-11-27 14:30:00,1,336.17,127,75,12,1,336.17,127.0,4,1,2,7,Promising,1,Core Growth
14957,2011-03-31 17:59:00,2011-03-31 17:59:00,1,58.49,34,12,253,1,58.49,34.0,1,1,1,3,Hibernating,2,Hibernating
14958,2011-04-08 11:28:00,2011-07-15 14:20:00,3,499.68,129,33,147,99,166.56,43.0,1,3,2,6,At Risk,2,Hibernating
14959,2011-02-16 13:00:00,2011-10-06 18:23:00,4,695.42,494,37,64,233,173.855,123.5,2,3,3,8,At Risk,1,Core Growth
14960,2011-06-21 13:38:00,2011-12-01 12:54:00,2,221.27,221,23,8,163,110.635,110.5,4,2,1,7,Promising,1,Core Growth
14961,2010-12-14 11:38:00,2011-11-29 09:42:00,9,7044.68,3708,193,11,350,782.7422222222223,412.0,4,4,4,12,Champions,3,Champions
14962,2011-03-14 09:42:00,2011-03-14 09:42:00,1,126.7,44,5,271,1,126.7,44.0,1,1,1,3,Hibernating,2,Hibernating
14963,2011-06-09 12:30:00,2011-11-30 12:16:00,5,1487.8,1176,149,10,174,297.56,235.2,4,4,3,11,Loyal Customers,1,Core Growth
14964,2011-04-06 14:13:00,2011-04-06 14:13:00,1,206.21,143,13,247,1,206.21,143.0,1,1,1,3,Hibernating,2,Hibernating
14965,2011-09-04 13:15:00,2011-09-04 13:20:00,2,599.0,365,80,96,1,299.5,182.5,2,2,2,6,Hibernating,0,Big-Ticket Occasionals
14966,2011-11-25 12:20:00,2011-11-25 12:20:00,1,191.32,187,35,15,1,191.32,187.0,4,1,1,6,Promising,2,Hibernating
14967,2011-10-21 11:06:00,2011-10-21 11:06:00,1,463.8,140,6,50,1,463.8,140.0,3,1,2,6,Promising,0,Big-Ticket Occasionals
14968,2011-11-09 13:58:00,2011-11-09 13:58:00,1,147.59,127,37,30,1,147.59,127.0,3,1,1,5,Promising,2,Hibernating
14970,2011-01-27 12:23:00,2011-10-02 13:44:00,4,1592.06,250,24,68,249,398.015,62.5,2,3,3,8,At Risk,0,Big-Ticket Occasionals
14971,2011-10-27 13:33:00,2011-11-04 17:07:00,3,1116.57,644,144,35,9,372.19,214.66666666666666,3,3,3,9,Hibernating,1,Core Growth
14972,2011-08-03 14:54:00,2011-08-03 14:54:00,1,114.77,28,18,128,1,114.77,28.0,2,1,1,4,Hibernating,2,Hibernating
14973,2011-04-28 12:22:00,2011-08-24 15:51:00,3,1314.45,369,29,107,119,438.15000000000003,123.0,2,3,3,8,At Risk,0,Big-Ticket Occasionals
14974,2011-11-02 13:01:00,2011-11-02 13:01:00,1,114.39,44,17,37,1,114.39,44.0,3,1,1,5,Promising,2,Hibernating
14975,2011-10-13 14:08:00,2011-10-13 14:08:00,1,279.94,380,11,57,1,279.94,380.0,2,1,1,4,Hibernating,0,Big-Ticket Occasionals
14976,2011-01-17 11:09:00,2011-10-13 16:37:00,7,790.86,234,47,57,270,112.98,33.42857142857143,2,4,3,9,Loyal Customers,1,Core Growth
14978,2011-01-13 12:03:00,2011-09-28 13:07:00,5,1931.42,525,136,72,259,386.284,105.0,2,4,4,10,Loyal Customers,1,Core Growth
14981,2011-04-07 13:45:00,2011-04-07 13:45:00,1,102.12,97,8,246,1,102.12,97.0,1,1,1,3,Hibernating,2,Hibernating
14984,2011-06-12 11:04:00,2011-11-20 14:28:00,2,213.27,60,37,19,162,106.635,30.0,3,2,1,6,Promising,2,Hibernating
14985,2010-12-16 19:51:00,2011-05-25 14:29:00,2,296.75,260,78,198,160,148.375,130.0,1,2,1,4,Hibernating,2,Hibernating
14987,2010-12-09 12:13:00,2011-11-24 09:59:00,2,326.4,128,2,16,350,163.2,64.0,4,2,2,8,Promising,1,Core Growth
14988,2011-05-12 12:05:00,2011-05-12 12:05:00,1,334.54,141,40,212,1,334.54,141.0,1,1,2,4,Hibernating,0,Big-Ticket Occasionals
14995,2011-03-04 13:14:00,2011-11-01 11:39:00,2,233.23000000000002,103,53,39,242,116.61500000000001,51.5,3,2,1,6,Promising,2,Hibernating
14997,2011-06-14 16:52:00,2011-10-24 13:28:00,3,546.1999999999999,1120,25,46,132,182.06666666666663,373.3333333333333,3,3,2,8,Hibernating,1,Core Growth
14998,2011-04-12 16:28:00,2011-06-22 17:30:00,2,429.87,270,70,170,72,214.935,135.0,1,2,2,5,Hibernating,0,Big-Ticket Occasionals
15000,2011-10-23 11:42:00,2011-10-23 11:42:00,1,490.52,218,76,48,1,490.52,218.0,3,1,2,6,Promising,0,Big-Ticket Occasionals
15002,2010-12-07 13:16:00,2011-08-16 10:44:00,4,1641.76,862,93,116,252,410.44,215.5,2,3,3,8,At Risk,0,Big-Ticket Occasionals
15004,2011-07-15 14:05:00,2011-07-15 14:05:00,1,1246.32,630,154,147,1,1246.32,630.0,1,1,3,5,At Risk,0,Big-Ticket Occasionals
15005,2010-12-08 14:36:00,2011-11-24 12:25:00,28,6316.57,4247,360,16,351,225.5917857142857,151.67857142857142,4,4,4,12,Champions,3,Champions
15006,2011-10-19 15:08:00,2011-10-19 15:08:00,1,502.09,302,121,51,1,502.09,302.0,2,1,2,5,Hibernating,0,Big-Ticket Occasionals
15007,2011-07-03 16:00:00,2011-07-03 16:00:00,1,156.91,69,12,159,1,156.91,69.0,1,1,1,3,Hibernating,2,Hibernating
15009,2011-11-14 17:40:00,2011-11-27 13:35:00,3,1261.78,642,148,12,13,420.5933333333333,214.0,4,3,3,10,Hibernating,1,Core Growth
15010,2011-11-04 12:42:00,2011-11-04 12:42:00,1,308.94,184,20,36,1,308.94,184.0,3,1,2,6,Promising,0,Big-Ticket Occasionals
15012,2010-12-01 12:49:00,2011-10-17 12:22:00,2,423.04,231,110,54,320,211.52,115.5,2,2,2,6,Hibernating,1,Core Growth
15014,2011-06-16 19:40:00,2011-10-27 20:07:00,2,260.17,151,29,43,134,130.085,75.5,3,2,1,6,Promising,2,Hibernating
15016,2011-06-20 12:06:00,2011-06-20 12:06:00,1,170.04,76,20,173,1,170.04,76.0,1,1,1,3,Hibernating,2,Hibernating
15017,2011-11-06 10:33:00,2011-11-06 10:33:00,1,125.58,63,20,34,1,125.58,63.0,3,1,1,5,Promising,2,Hibernating
15018,2010-12-07 10:47:00,2011-11-01 12:47:00,3,496.21000000000004,189,30,39,330,165.40333333333334,63.0,3,3,2,8,Hibernating,1,Core Growth
15019,2011-03-18 12:35:00,2011-03-18 12:35:00,1,266.0,159,64,267,1,266.0,159.0,1,1,1,3,Hibernating,2,Hibernating
15021,2010-12-08 12:17:00,2011-12-01 11:53:00,9,1914.82,847,287,9,358,212.75777777777776,94.11111111111111,4,4,4,12,Champions,3,Champions
15022,2011-10-23 15:47:00,2011-11-28 12:35:00,4,905.04,543,96,12,36,226.26,135.75,4,3,3,10,Hibernating,1,Core Growth
15023,2010-12-05 13:49:00,2011-12-06 17:23:00,11,6802.76,2871,347,3,367,618.4327272727273,261.0,4,4,4,12,Champions,3,Champions
15024,2010-12-07 13:20:00,2011-11-30 12:06:00,10,1661.33,920,105,10,358,166.13299999999998,92.0,4,4,3,11,Loyal Customers,1,Core Growth
15025,2011-11-06 15:20:00,2011-11-06 15:20:00,1,377.01,189,66,33,1,377.01,189.0,3,1,2,6,Promising,0,Big-Ticket Occasionals
15026,2011-03-07 13:45:00,2011-09-20 13:52:00,3,469.0,285,57,80,198,156.33333333333334,95.0,2,3,2,7,At Risk,1,Core Growth
15027,2011-04-15 14:14:00,2011-11-09 10:16:00,4,1066.1499999999999,565,30,31,208,266.53749999999997,141.25,3,3,3,9,Hibernating,1,Core Growth
15028,2010-12-06 12:47:00,2011-12-01 14:06:00,4,627.13,459,35,8,361,156.7825,114.75,4,3,2,9,Hibernating,1,Core Growth
15030,2011-03-16 15:34:00,2011-09-29 10:50:00,2,518.28,372,7,72,197,259.14,186.0,2,2,2,6,Hibernating,0,Big-Ticket Occasionals
15031,2011-03-02 14:46:00,2011-12-05 14:19:00,4,668.14,401,74,4,278,167.035,100.25,4,3,2,9,Hibernating,1,Core Growth
15032,2010-12-08 12:57:00,2011-03-28 15:03:00,3,4959.1,2968,29,256,111,1653.0333333333335,989.3333333333334,1,3,4,8,At Risk,0,Big-Ticket Occasionals
15033,2011-01-14 13:28:00,2011-12-05 12:40:00,10,2586.67,1695,315,5,325,258.66700000000003,169.5,4,4,4,12,Champions,3,Champions
15034,2010-12-21 09:47:00,2011-11-24 12:11:00,8,4308.61,2422,299,16,339,538.57625,302.75,4,4,4,12,Champions,3,Champions
15035,2011-09-11 11:08:00,2011-09-11 11:08:00,1,252.73000000000002,245,26,90,1,252.73000000000002,245.0,2,1,1,4,Hibernating,2,Hibernating
15036,2011-06-13 12:19:00,2011-09-28 15:42:00,3,465.55,327,107,72,108,155.18333333333334,109.0,2,3,2,7,At Risk,1,Core Growth
15038,2010-12-05 10:54:00,2011-10-12 11:33:00,6,705.49,217,105,59,312,117.58166666666666,36.166666666666664,2,4,3,9,Loyal Customers,1,Core Growth
15039,2010-12-06 11:26:00,2011-11-30 11:31:00,47,19914.44,9209,408,10,360,423.7114893617021,195.93617021276594,4,4,4,12,Champions,3,Champions
15041,2011-06-22 16:16:00,2011-06-22 16:16:00,1,180.35,104,66,170,1,180.35,104.0,1,1,1,3,Hibernating,2,Hibernating
15042,2011-05-24 16:25:00,2011-05-24 16:25:00,1,135.93,30,5,199,1,135.93,30.0,1,1,1,3,Hibernating,2,Hibernating
15043,2011-11-08 14:26:00,2011-11-08 14:26:00,1,537.0,300,3,31,1,537.0,300.0,3,1,2,6,Promising,0,Big-Ticket Occasionals
15044,2010-12-12 14:27:00,2011-11-20 13:20:00,17,7700.2300000000005,2795,233,19,343,452.954705882353,164.41176470588235,3,4,4,11,Loyal Customers,3,Champions
15045,2011-03-27 11:44:00,2011-07-11 11:33:00,2,735.66,114,11,152,106,367.83,57.0,1,2,3,6,At Risk,0,Big-Ticket Occasionals
15046,2011-01-05 15:30:00,2011-11-30 15:50:00,15,5213.7699999999995,3451,147,9,330,347.58466666666664,230.06666666666666,4,4,4,12,Champions,3,Champions
15047,2011-03-15 10:49:00,2011-03-15 10:49:00,1,343.62,222,22,270,1,343.62,222.0,1,1,2,4,Hibernating,0,Big-Ticket Occasionals
15048,2010-12-06 12:15:00,2011-10-05 14:55:00,4,384.05,195,86,65,304,96.0125,48.75,2,3,2,7,At Risk,2,Hibernating
15049,2011-03-11 12:13:00,2011-03-11 12:13:00,1,121.17000000000002,63,3,274,1,121.17000000000002,63.0,1,1,1,3,Hibernating,2,Hibernating
15050,2011-09-29 13:22:00,2011-11-14 16:17:00,3,1782.09,1224,68,25,47,594.03,408.0,3,3,4,10,Big Spenders,1,Core Growth
15051,2011-07-12 15:29:00,2011-11-16 15:38:00,3,1391.61,1011,130,23,128,463.86999999999995,337.0,3,3,3,9,Hibernating,1,Core Growth
15052,2011-01-24 15:52:00,2011-01-24 15:52:00,1,215.78,82,27,319,1,215.78,82.0,1,1,1,3,Hibernating,2,Hibernating
15053,2011-03-03 12:06:00,2011-12-05 12:08:00,3,697.79,986,49,5,278,232.59666666666666,328.6666666666667,4,3,3,10,Hibernating,1,Core Growth
15054,2011-10-30 14:33:00,2011-11-27 15:02:00,2,302.1,198,105,12,29,151.05,99.0,4,2,1,7,Promising,1,Core Growth
15057,2011-01-28 09:09:00,2011-03-09 15:17:00,2,1489.5,668,25,275,41,744.75,334.0,1,2,3,6,At Risk,0,Big-Ticket Occasionals
15058,2011-01-31 15:35:00,2011-11-14 14:57:00,11,2124.9900000000002,1069,199,25,287,193.18090909090913,97.18181818181819,3,4,4,11,Loyal Customers,3,Champions
15059,2011-01-09 11:54:00,2011-10-30 11:35:00,9,1337.72,604,161,41,294,148.63555555555556,67.11111111111111,3,4,3,10,Loyal Customers,1,Core Growth
15060,2011-11-30 14:03:00,2011-12-01 13:47:00,4,303.09,263,81,8,1,75.7725,65.75,4,3,1,8,Hibernating,1,Core Growth
15061,2010-12-02 15:19:00,2011-12-06 12:06:00,48,54534.14,28920,70,4,369,1136.1279166666666,602.5,4,4,4,12,Champions,3,Champions
15062,2010-12-15 15:37:00,2011-09-29 16:51:00,4,987.86,763,47,71,289,246.965,190.75,2,3,3,8,At Risk,1,Core Growth
15063,2011-05-10 13:25:00,2011-05-10 13:25:00,1,370.79999999999995,56,5,213,1,370.79999999999995,56.0,1,1,2,4,Hibernating,2,Hibernating
15065,2011-02-21 12:54:00,2011-11-02 09:45:00,4,3158.13,1383,148,38,254,789.5325,345.75,3,3,4,10,Big Spenders,3,Champions
15066,2011-10-17 13:25:00,2011-10-17 13:25:00,1,893.59,317,42,53,1,893.59,317.0,2,1,3,6,At Risk,0,Big-Ticket Occasionals
15067,2011-03-02 12:10:00,2011-09-22 13:20:00,3,1744.76,954,82,78,205,581.5866666666667,318.0,2,3,4,9,Big Spenders,0,Big-Ticket Occasionals
15068,2011-03-28 14:27:00,2011-10-24 14:47:00,2,553.36,364,96,46,211,276.68,182.0,3,2,2,7,Promising,1,Core Growth
15069,2011-06-13 14:16:00,2011-06-13 14:16:00,1,1109.53,520,70,179,1,1109.53,520.0,1,1,3,5,At Risk,0,Big-Ticket Occasionals
15070,2010-12-02 11:23:00,2010-12-02 11:23:00,1,106.2,36,1,373,1,106.2,36.0,1,1,1,3,Hibernating,2,Hibernating
15071,2011-03-09 10:19:00,2011-09-07 11:43:00,2,982.07,269,25,94,183,491.035,134.5,2,2,3,7,At Risk,0,Big-Ticket Occasionals
15073,2011-06-06 09:59:00,2011-11-30 10:44:00,3,1043.41,491,31,10,178,347.80333333333334,163.66666666666666,4,3,3,10,Hibernating,1,Core Growth
15074,2011-08-26 14:45:00,2011-08-26 14:45:00,1,748.87,455,41,105,1,748.87,455.0,2,1,3,6,At Risk,0,Big-Ticket Occasionals
15075,2011-09-23 12:27:00,2011-09-23 12:27:00,1,773.03,447,27,78,1,773.03,447.0,2,1,3,6,At Risk,0,Big-Ticket Occasionals
15076,2011-06-20 08:23:00,2011-06-20 08:23:00,1,880.85,571,49,173,1,880.85,571.0,1,1,3,5,At Risk,0,Big-Ticket Occasionals
15078,2010-12-06 12:38:00,2011-12-02 15:41:00,32,9743.11,5105,97,7,362,304.4721875,159.53125,4,4,4,12,Champions,3,Champions
15079,2010-12-09 09:25:00,2011-05-11 12:45:00,4,895.61,389,46,213,154,223.9025,97.25,1,3,3,7,At Risk,0,Big-Ticket Occasionals
15081,2010-12-07 16:20:00,2011-11-17 17:08:00,5,504.8,190,26,22,346,100.96000000000001,38.0,3,4,2,9,Hibernating,1,Core Growth
15083,2011-03-28 12:18:00,2011-03-28 12:18:00,1,88.2,38,5,257,1,88.2,38.0,1,1,1,3,Hibernating,2,Hibernating
15087,2011-03-03 10:34:00,2011-03-03 10:34:00,1,306.94,470,15,282,1,306.94,470.0,1,1,1,3,Hibernating,0,Big-Ticket Occasionals
15088,2011-10-03 14:05:00,2011-11-18 13:14:00,2,1160.07,460,53,21,46,580.035,230.0,3,2,3,8,Promising,0,Big-Ticket Occasionals
15089,2011-08-03 14:14:00,2011-11-29 16:31:00,6,2420.84,1359,139,10,119,403.47333333333336,226.5,4,4,4,12,Champions,3,Champions
15090,2011-02-04 14:03:00,2011-02-04 14:03:00,1,381.32,208,23,308,1,381.32,208.0,1,1,2,4,Hibernating,0,Big-Ticket Occasionals
15091,2011-10-03 12:47:00,2011-10-03 12:47:00,1,480.71,346,30,68,1,480.71,346.0,2,1,2,5,Hibernating,0,Big-Ticket Occasionals
15092,2011-03-01 12:24:00,2011-05-08 14:10:00,2,457.81,135,23,215,69,228.905,67.5,1,2,2,5,Hibernating,2,Hibernating
15093,2010-12-02 18:25:00,2011-11-21 13:09:00,6,4597.02,3760,52,18,354,766.1700000000001,626.6666666666666,3,4,4,11,Loyal Customers,3,Champions
15095,2011-05-20 14:27:00,2011-08-28 12:01:00,4,1370.6,1079,30,104,100,342.65,269.75,2,3,3,8,At Risk,0,Big-Ticket Occasionals
15096,2011-10-28 10:27:00,2011-10-28 10:27:00,1,219.39000000000001,120,11,43,1,219.39000000000001,120.0,3,1,1,5,Promising,2,Hibernating
15097,2011-12-05 14:03:00,2011-12-05 14:03:00,1,248.08,170,25,4,1,248.08,170.0,4,1,1,6,Promising,1,Core Growth
15098,2011-06-10 15:22:00,2011-06-10 15:33:00,3,39916.5,121,1,182,1,13305.5,40.333333333333336,1,3,4,8,At Risk,0,Big-Ticket Occasionals
15099,2011-09-16 13:13:00,2011-09-16 13:13:00,1,410.48,343,23,84,1,410.48,343.0,2,1,2,5,Hibernating,0,Big-Ticket Occasionals
15100,2010-12-01 09:09:00,2011-01-10 10:35:00,3,876.0,80,1,334,41,292.0,26.666666666666668,1,3,3,7,At Risk,0,Big-Ticket Occasionals
15101,2010-12-15 12:54:00,2011-12-01 10:18:00,2,317.53,241,8,9,351,158.765,120.5,4,2,2,8,Promising,1,Core Growth
15103,2011-09-14 13:54:00,2011-11-08 14:53:00,2,703.36,329,35,31,56,351.68,164.5,3,2,3,8,Promising,1,Core Growth
15104,2011-03-02 14:16:00,2011-05-27 12:29:00,2,1027.44,637,66,197,86,513.72,318.5,1,2,3,6,At Risk,0,Big-Ticket Occasionals
15105,2011-07-28 10:09:00,2011-11-21 16:54:00,7,2298.93,1211,90,18,117,328.4185714285714,173.0,3,4,4,11,Loyal Customers,3,Champions
15106,2011-03-15 12:52:00,2011-11-22 09:16:00,5,1422.52,1181,90,18,252,284.504,236.2,3,4,3,10,Loyal Customers,1,Core Growth
15107,2010-12-02 13:45:00,2011-02-01 14:46:00,6,319.5,169,12,311,62,53.25,28.166666666666668,1,4,2,7,At Risk,2,Hibernating
15108,2011-04-26 10:54:00,2011-07-21 10:24:00,4,1300.25,499,50,142,86,325.0625,124.75,2,3,3,8,At Risk,0,Big-Ticket Occasionals
15109,2011-04-08 09:58:00,2011-04-08 09:58:00,1,484.95,131,28,246,1,484.95,131.0,1,1,2,4,Hibernating,0,Big-Ticket Occasionals
15110,2011-01-25 11:41:00,2011-11-16 11:16:00,4,996.1,246,17,24,295,249.025,61.5,3,3,3,9,Hibernating,1,Core Growth
15111,2010-12-02 11:45:00,2011-11-10 16:58:00,3,1567.48,710,70,29,344,522.4933333333333,236.66666666666666,3,3,3,9,Hibernating,1,Core Growth
15113,2011-10-16 15:27:00,2011-11-30 08:23:00,3,3609.33,2386,77,10,45,1203.11,795.3333333333334,4,3,4,11,Big Spenders,3,Champions
15114,2011-02-11 08:45:00,2011-11-09 15:05:00,10,2760.56,3096,136,30,272,276.056,309.6,3,4,4,11,Loyal Customers,3,Champions
15115,2011-11-21 14:59:00,2011-11-21 14:59:00,1,340.11,157,21,18,1,340.11,157.0,3,1,2,6,Promising,1,Core Growth
15116,2011-05-19 08:50:00,2011-11-22 12:25:00,4,1352.75,648,37,18,188,338.1875,162.0,3,3,3,9,Hibernating,1,Core Growth
15117,2011-05-08 12:38:00,2011-11-25 08:12:00,5,1551.78,1948,63,15,201,310.356,389.6,4,4,3,11,Loyal Customers,3,Champions
15118,2011-07-28 14:54:00,2011-07-28 14:54:00,1,244.8,1440,1,134,1,244.8,1440.0,2,1,1,4,Hibernating,0,Big-Ticket Occasionals
15119,2011-04-08 09:08:00,2011-04-08 09:08:00,1,266.4,88,14,246,1,266.4,88.0,1,1,1,3,Hibernating,2,Hibernating
15120,2011-07-29 09:48:00,2011-07-29 09:48:00,1,358.82,296,21,134,1,358.82,296.0,2,1,2,5,Hibernating,0,Big-Ticket Occasionals
15121,2011-02-24 12:41:00,2011-10-20 14:51:00,2,457.72,199,28,50,239,228.86,99.5,3,2,2,7,Promising,1,Core Growth
15122,2011-02-15 09:59:00,2011-08-17 16:48:00,3,1633.78,800,65,114,184,544.5933333333334,266.6666666666667,2,3,3,8,At Risk,0,Big-Ticket Occasionals
15123,2011-05-17 14:57:00,2011-12-02 13:12:00,2,2199.31,1195,93,7,199,1099.655,597.5,4,2,4,10,Big Spenders,3,Champions
15124,2011-06-01 09:06:00,2011-11-17 10:09:00,2,184.19,233,14,23,170,92.095,116.5,3,2,1,6,Promising,2,Hibernating
15125,2011-03-14 09:59:00,2011-11-14 13:57:00,15,11528.48,6193,102,25,246,768.5653333333333,412.8666666666667,3,4,4,11,Loyal Customers,3,Champions
15127,2011-10-05 10:30:00,2011-10-05 10:30:00,1,406.53,251,16,66,1,406.53,251.0,2,1,2,5,Hibernating,0,Big-Ticket Occasionals
15128,2011-05-04 12:32:00,2011-10-10 13:54:00,4,1471.0,1343,74,60,160,367.75,335.75,2,3,3,8,At Risk,1,Core Growth
15129,2011-02-21 09:09:00,2011-10-20 14:40:00,11,3447.4,1794,54,50,242,313.40000000000003,163.0909090909091,3,4,4,11,Loyal Customers,3,Champions
15130,2011-06-23 10:15:00,2011-06-23 10:15:00,1,330.11,197,22,170,1,330.11,197.0,1,1,2,4,Hibernating,0,Big-Ticket Occasionals
15132,2011-03-22 12:02:00,2011-11-21 17:10:00,5,977.9300000000001,679,49,18,245,195.586,135.8,3,4,3,10,Loyal Customers,1,Core Growth
15133,2011-02-11 10:38:00,2011-08-04 10:44:00,3,982.42,680,27,128,175,327.4733333333333,226.66666666666666,2,3,3,8,At Risk,0,Big-Ticket Occasionals
15134,2011-04-13 11:05:00,2011-11-25 08:55:00,8,1387.99,887,44,15,226,173.49875,110.875,4,4,3,11,Loyal Customers,1,Core Growth
15135,2011-04-14 19:16:00,2011-04-14 19:16:00,1,139.05,43,9,239,1,139.05,43.0,1,1,1,3,Hibernating,2,Hibernating
15136,2011-09-04 16:05:00,2011-12-07 12:26:00,4,1286.7,776,61,3,94,321.675,194.0,4,3,3,10,Hibernating,1,Core Growth
15139,2011-01-07 12:44:00,2011-04-14 11:39:00,2,178.96,208,13,240,97,89.48,104.0,1,2,1,4,Hibernating,2,Hibernating
15140,2011-03-20 14:37:00,2011-10-18 14:07:00,7,2354.25,1572,74,52,212,336.32142857142856,224.57142857142858,2,4,4,10,Loyal Customers,3,Champions
15142,2011-10-24 12:51:00,2011-10-24 12:51:00,1,498.74,365,26,46,1,498.74,365.0,3,1,2,6,Promising,0,Big-Ticket Occasionals
15143,2011-04-28 12:03:00,2011-04-28 12:03:00,1,259.45,150,14,226,1,259.45,150.0,1,1,1,3,Hibernating,2,Hibernating
15144,2011-01-31 13:17:00,2011-12-01 15:12:00,17,6580.44,3050,132,8,305,387.0847058823529,179.41176470588235,4,4,4,12,Champions,3,Champions
15145,2011-04-05 15:20:00,2011-12-05 17:21:00,4,1194.73,756,54,4,245,298.6825,189.0,4,3,3,10,Hibernating,1,Core Growth
15146,2011-02-21 13:07:00,2011-06-28 12:09:00,2,1327.16,1473,90,165,127,663.58,736.5,1,2,3,6,At Risk,0,Big-Ticket Occasionals
15147,2011-04-13 15:57:00,2011-04-13 15:57:00,1,623.5,366,28,240,1,623.5,366.0,1,1,2,4,Hibernating,0,Big-Ticket Occasionals
15148,2011-11-29 08:21:00,2011-11-29 08:21:00,1,301.29,187,20,11,1,301.29,187.0,4,1,1,6,Promising,1,Core Growth
15149,2011-07-29 10:58:00,2011-07-29 10:58:00,1,520.8000000000001,128,23,134,1,520.8000000000001,128.0,2,1,2,5,Hibernating,0,Big-Ticket Occasionals
15150,2011-03-15 14:21:00,2011-11-22 12:52:00,10,5314.47,3658,282,17,252,531.447,365.8,4,4,4,12,Champions,3,Champions
15152,2011-06-05 15:36:00,2011-11-30 12:32:00,13,4745.69,2704,196,10,178,365.0530769230769,208.0,4,4,4,12,Champions,3,Champions
15153,2011-11-08 17:09:00,2011-11-08 17:09:00,1,329.25,198,22,31,1,329.25,198.0,3,1,2,6,Promising,0,Big-Ticket Occasionals
15154,2011-09-25 16:05:00,2011-09-25 16:05:00,1,296.42,104,66,75,1,296.42,104.0,2,1,1,4,Hibernating,2,Hibernating
15156,2011-11-06 12:41:00,2011-12-08 18:22:00,3,961.49,597,51,1,33,320.49666666666667,199.0,4,3,3,10,Hibernating,1,Core Growth
15157,2010-12-16 13:44:00,2011-12-06 11:28:00,3,1936.07,2392,125,4,355,645.3566666666667,797.3333333333334,4,3,4,11,Big Spenders,3,Champions
15158,2011-10-25 13:53:00,2011-10-25 13:53:00,1,401.40000000000003,198,7,45,1,401.40000000000003,198.0,3,1,2,6,Promising,0,Big-Ticket Occasionals
15159,2010-12-13 15:44:00,2011-12-08 12:05:00,30,18641.010000000002,11441,363,2,360,621.3670000000001,381.3666666666667,4,4,4,12,Champions,3,Champions
15160,2010-12-17 14:15:00,2010-12-17 14:15:00,1,158.16,84,4,357,1,158.16,84.0,1,1,1,3,Hibernating,2,Hibernating
15163,2011-05-31 15:22:00,2011-11-21 13:10:00,2,304.47,186,29,18,174,152.235,93.0,3,2,1,6,Promising,1,Core Growth
15164,2011-01-04 14:21:00,2011-10-02 12:05:00,3,843.05,360,79,69,271,281.01666666666665,120.0,2,3,3,8,At Risk,0,Big-Ticket Occasionals
15165,2010-12-01 14:03:00,2010-12-01 14:03:00,1,487.75,160,27,373,1,487.75,160.0,1,1,2,4,Hibernating,0,Big-Ticket Occasionals
15167,2011-01-23 12:41:00,2011-01-23 12:41:00,1,163.0,67,39,321,1,163.0,67.0,1,1,1,3,Hibernating,2,Hibernating
15168,2011-11-14 11:26:00,2011-11-14 11:26:00,1,106.56,52,5,26,1,106.56,52.0,3,1,1,5,Promising,2,Hibernating
15171,2011-01-12 15:36:00,2011-01-12 15:36:00,1,1289.5,290,5,331,1,1289.5,290.0,1,1,3,5,At Risk,0,Big-Ticket Occasionals
15172,2011-04-17 11:56:00,2011-12-01 11:51:00,5,1624.05,1611,106,9,228,324.81,322.2,4,4,3,11,Loyal Customers,3,Champions
15174,2011-01-21 09:06:00,2011-01-21 09:06:00,1,135.75,145,11,323,1,135.75,145.0,1,1,1,3,Hibernating,2,Hibernating
15175,2011-09-29 11:31:00,2011-09-29 11:31:00,1,224.14,454,23,72,1,224.14,454.0,2,1,1,4,Hibernating,0,Big-Ticket Occasionals
15178,2011-03-24 15:12:00,2011-03-24 15:12:00,1,40.5,30,3,260,1,40.5,30.0,1,1,1,3,Hibernating,2,Hibernating
15179,2011-01-24 13:48:00,2011-11-21 12:53:00,5,2206.95,1938,91,18,301,441.39,387.6,3,4,4,11,Loyal Customers,3,Champions
15180,2010-12-07 14:57:00,2010-12-07 14:57:00,1,87.5,36,6,367,1,87.5,36.0,1,1,1,3,Hibernating,2,Hibernating
15181,2011-03-15 12:03:00,2011-10-04 13:58:00,3,689.4799999999999,544,11,66,204,229.82666666666663,181.33333333333334,2,3,3,8,At Risk,1,Core Growth
15182,2011-03-16 12:42:00,2011-07-08 13:37:00,2,622.85,253,24,154,115,311.425,126.5,1,2,2,5,Hibernating,0,Big-Ticket Occasionals
15184,2011-06-02 12:06:00,2011-11-10 13:41:00,2,406.76,223,59,29,162,203.38,111.5,3,2,2,7,Promising,1,Core Growth
15185,2011-09-30 14:06:00,2011-09-30 14:06:00,1,310.62,666,21,70,1,310.62,666.0,2,1,2,5,Hibernating,0,Big-Ticket Occasionals
15186,2011-06-24 14:54:00,2011-11-25 14:58:00,2,411.41,215,17,14,155,205.705,107.5,4,2,2,8,Promising,1,Core Growth
15187,2011-05-11 13:49:00,2011-12-08 11:56:00,16,4777.18,1887,61,2,211,298.57375,117.9375,4,4,4,12,Champions,3,Champions
15189,2011-01-11 12:29:00,2011-12-08 13:22:00,41,16225.39,6149,80,1,332,395.74121951219513,149.97560975609755,4,4,4,12,Champions,3,Champions
15192,2010-12-09 14:56:00,2011-08-12 11:41:00,3,1044.32,918,36,120,246,348.1066666666666,306.0,2,3,3,8,At Risk,0,Big-Ticket Occasionals
15193,2011-10-10 08:23:00,2011-10-10 08:23:00,1,499.32,144,19,61,1,499.32,144.0,2,1,2,5,Hibernating,0,Big-Ticket Occasionals
15194,2010-12-06 15:00:00,2011-12-06 15:10:00,15,7616.53,5703,209,3,366,507.76866666666666,380.2,4,4,4,12,Champions,3,Champions
15195,2011-12-07 12:20:00,2011-12-07 12:20:00,1,3861.0,1404,1,3,1,3861.0,1404.0,4,1,4,9,Big Spenders,3,Champions
15197,2010-12-16 18:01:00,2011-11-29 10:00:00,3,1079.6100000000001,469,30,11,348,359.87000000000006,156.33333333333334,4,3,3,10,Hibernating,1,Core Growth
15198,2011-08-07 15:16:00,2011-09-08 14:42:00,2,193.64,120,10,92,32,96.82,60.0,2,2,1,5,Hibernating,2,Hibernating
15199,2011-02-04 14:04:00,2011-10-11 15:12:00,4,1268.7,396,5,59,250,317.175,99.0,2,3,3,8,At Risk,1,Core Growth
15201,2011-04-06 14:02:00,2011-09-13 14:53:00,5,1236.54,1210,35,87,161,247.308,242.0,2,4,3,9,Loyal Customers,1,Core Growth
15203,2011-02-01 12:29:00,2011-11-14 08:16:00,6,1827.8,1753,82,26,286,304.6333333333333,292.1666666666667,3,4,4,11,Loyal Customers,3,Champions
15204,2010-12-17 13:49:00,2010-12-17 13:49:00,1,316.58,258,9,357,1,316.58,258.0,1,1,2,4,Hibernating,0,Big-Ticket Occasionals
15205,2011-08-04 16:07:00,2011-09-15 19:36:00,2,653.24,378,37,85,43,326.62,189.0,2,2,2,6,Hibernating,0,Big-Ticket Occasionals
15206,2011-03-09 08:59:00,2011-11-29 13:41:00,4,420.29999999999995,162,3,10,266,105.07499999999999,40.5,4,3,2,9,Hibernating,1,Core Growth
15208,2010-12-21 13:03:00,2011-12-08 17:24:00,5,870.12,316,25,1,353,174.024,63.2,4,4,3,11,Loyal Customers,1,Core Growth
15210,2011-04-28 16:11:00,2011-04-28 16:11:00,1,331.18,228,20,225,1,331.18,228.0,1,1,2,4,Hibernating,0,Big-Ticket Occasionals
15211,2010-12-09 16:08:00,2011-10-10 13:31:00,2,894.4100000000001,240,52,60,305,447.20500000000004,120.0,2,2,3,7,At Risk,0,Big-Ticket Occasionals
15212,2011-04-12 13:45:00,2011-04-12 13:45:00,1,101.8,36,5,241,1,101.8,36.0,1,1,1,3,Hibernating,2,Hibernating
15213,2011-01-14 11:05:00,2011-01-25 12:21:00,2,328.35,272,22,319,12,164.175,136.0,1,2,2,5,Hibernating,2,Hibernating
15214,2011-04-11 09:46:00,2011-12-08 12:07:00,8,1661.44,1254,109,2,242,207.68,156.75,4,4,3,11,Loyal Customers,3,Champions
15215,2011-09-04 12:24:00,2011-10-24 11:41:00,3,734.94,225,33,47,50,244.98000000000002,75.0,3,3,3,9,Hibernating,1,Core Growth
15216,2011-09-13 11:41:00,2011-09-13 11:41:00,1,96.6,28,2,88,1,96.6,28.0,2,1,1,4,Hibernating,2,Hibernating
15218,2011-01-25 11:20:00,2011-11-29 11:48:00,11,5756.89,3329,77,11,309,523.3536363636364,302.6363636363636,4,4,4,12,Champions,3,Champions
15219,2011-06-16 16:57:00,2011-06-16 16:57:00,1,305.75,45,9,176,1,305.75,45.0,1,1,1,3,Hibernating,2,Hibernating
15220,2011-03-04 10:24:00,2011-10-19 12:39:00,6,1778.96,1393,110,52,230,296.49333333333334,232.16666666666666,2,4,4,10,Loyal Customers,1,Core Growth
15221,2010-12-08 13:08:00,2010-12-08 13:08:00,1,403.25,43,5,366,1,403.25,43.0,1,1,2,4,Hibernating,2,Hibernating
15222,2011-01-25 08:03:00,2011-01-25 08:03:00,1,585.0,440,5,319,1,585.0,440.0,1,1,2,4,Hibernating,0,Big-Ticket Occasionals
15223,2011-04-04 12:17:00,2011-04-28 11:31:00,2,755.75,213,14,226,24,377.875,106.5,1,2,3,6,At Risk,0,Big-Ticket Occasionals
15224,2010-12-12 12:34:00,2010-12-16 15:02:00,2,322.08,152,13,358,5,161.04,76.0,1,2,2,5,Hibernating,2,Hibernating
15225,2011-04-19 14:51:00,2011-04-19 14:51:00,1,409.40000000000003,226,23,234,1,409.40000000000003,226.0,1,1,2,4,Hibernating,0,Big-Ticket Occasionals
15226,2011-02-02 11:41:00,2011-02-02 11:41:00,1,154.41,71,8,311,1,154.41,71.0,1,1,1,3,Hibernating,2,Hibernating
15227,2011-01-26 15:31:00,2011-11-03 11:59:00,5,1219.4,750,43,37,281,243.88000000000002,150.0,3,4,3,10,Loyal Customers,1,Core Growth
15228,2011-02-18 09:04:00,2011-10-04 13:56:00,4,3386.71,2255,110,66,229,846.6775,563.75,2,3,4,9,Big Spenders,3,Champions
15230,2011-04-13 11:04:00,2011-04-14 14:39:00,2,429.6,351,23,239,2,214.8,175.5,1,2,2,5,Hibernating,0,Big-Ticket Occasionals
15232,2011-07-22 12:21:00,2011-08-18 16:27:00,2,612.06,686,26,113,28,306.03,343.0,2,2,2,6,Hibernating,0,Big-Ticket Occasionals
15234,2011-03-08 08:53:00,2011-03-08 08:53:00,1,197.0,196,14,277,1,197.0,196.0,1,1,1,3,Hibernating,2,Hibernating
15235,2010-12-01 17:22:00,2011-05-06 09:44:00,12,2247.51,1324,132,218,156,187.29250000000002,110.33333333333333,1,4,4,9,At Risk,3,Champions
15236,2011-02-14 10:52:00,2011-02-14 10:52:00,1,321.05,269,15,299,1,321.05,269.0,1,1,2,4,Hibernating,0,Big-Ticket Occasionals
15237,2011-04-26 15:04:00,2011-12-08 09:46:00,4,1412.32,1071,94,2,226,353.08,267.75,4,3,3,10,Hibernating,1,Core Growth
15238,2011-06-08 16:00:00,2011-11-10 14:28:00,3,1071.99,692,49,29,155,357.33,230.66666666666666,3,3,3,9,Hibernating,1,Core Growth
15239,2011-09-22 09:53:00,2011-11-29 14:14:00,2,780.59,594,48,10,69,390.295,297.0,4,2,3,9,Promising,1,Core Growth
15240,2011-02-01 08:23:00,2011-10-26 09:50:00,5,1706.57,1369,58,45,268,341.31399999999996,273.8,3,4,4,11,Loyal Customers,1,Core Growth
15241,2011-03-01 11:02:00,2011-10-04 09:05:00,8,1756.44,1818,82,67,217,219.555,227.25,2,4,4,10,Loyal Customers,3,Champions
15243,2011-09-26 14:12:00,2011-09-26 14:12:00,1,316.68,185,22,74,1,316.68,185.0,2,1,2,5,Hibernating,0,Big-Ticket Occasionals
15244,2011-04-05 15:12:00,2011-10-05 13:19:00,2,631.57,405,31,65,183,315.785,202.5,2,2,2,6,Hibernating,0,Big-Ticket Occasionals
15245,2011-03-23 13:42:00,2011-07-28 18:56:00,3,2515.84,1784,55,134,128,838.6133333333333,594.6666666666666,2,3,4,9,Big Spenders,0,Big-Ticket Occasionals
15246,2010-12-16 09:46:00,2011-04-15 14:45:00,2,514.15,247,32,238,121,257.075,123.5,1,2,2,5,Hibernating,0,Big-Ticket Occasionals
15247,2011-08-09 12:52:00,2011-08-09 12:52:00,1,356.0,160,6,122,1,356.0,160.0,2,1,2,5,Hibernating,0,Big-Ticket Occasionals
15249,2011-03-28 12:49:00,2011-11-08 11:45:00,13,6688.46,3577,211,32,225,514.496923076923,275.15384615384613,3,4,4,11,Loyal Customers,3,Champions
15251,2011-04-12 10:38:00,2011-11-30 15:02:00,11,10484.99,6171,97,9,233,953.180909090909,561.0,4,4,4,12,Champions,3,Champions
15252,2011-06-09 14:15:00,2011-11-03 13:30:00,2,740.78,522,44,36,147,370.39,261.0,3,2,3,8,Promising,0,Big-Ticket Occasionals
15253,2011-06-23 12:19:00,2011-11-23 16:22:00,5,918.1999999999999,866,52,16,154,183.64,173.2,4,4,3,11,Loyal Customers,1,Core Growth
15254,2011-08-04 15:04:00,2011-08-04 15:04:00,1,300.36,275,18,127,1,300.36,275.0,2,1,1,4,Hibernating,0,Big-Ticket Occasionals
15255,2011-10-04 12:43:00,2011-10-04 12:43:00,1,890.85,489,47,67,1,890.85,489.0,2,1,3,6,At Risk,0,Big-Ticket Occasionals
15256,2011-07-14 11:47:00,2011-07-14 11:47:00,1,98.45,55,6,149,1,98.45,55.0,1,1,1,3,Hibernating,2,Hibernating
15257,2011-03-01 12:58:00,2011-03-01 12:58:00,1,317.15,46,7,283,1,317.15,46.0,1,1,2,4,Hibernating,2,Hibernating
15258,2011-05-06 14:16:00,2011-06-24 12:30:00,2,623.16,142,32,169,49,311.58,71.0,1,2,2,5,Hibernating,0,Big-Ticket Occasionals
15260,2010-12-02 12:09:00,2011-08-31 13:55:00,7,1810.77,885,62,100,273,258.68142857142857,126.42857142857143,2,4,4,10,Loyal Customers,1,Core Growth
15261,2011-07-27 15:20:00,2011-07-27 15:20:00,1,254.82,270,19,135,1,254.82,270.0,2,1,1,4,Hibernating,2,Hibernating
15262,2011-01-20 12:16:00,2011-01-20 12:16:00,1,178.95000000000002,73,10,324,1,178.95000000000002,73.0,1,1,1,3,Hibernating,2,Hibernating
15263,2011-08-25 10:26:00,2011-08-25 10:26:00,1,156.51,89,12,107,1,156.51,89.0,2,1,1,4,Hibernating,2,Hibernating
15264,2011-10-06 13:49:00,2011-10-06 13:49:00,1,393.74,265,23,64,1,393.74,265.0,2,1,2,5,Hibernating,0,Big-Ticket Occasionals
15265,2011-04-18 12:16:00,2011-07-11 14:46:00,2,1506.1200000000001,612,76,151,85,753.0600000000001,306.0,1,2,3,6,At Risk,0,Big-Ticket Occasionals
15266,2011-01-05 13:40:00,2011-01-05 13:40:00,1,119.3,18,6,338,1,119.3,18.0,1,1,1,3,Hibernating,2,Hibernating
15267,2011-06-10 10:24:00,2011-11-17 15:59:00,5,1717.36,944,8,22,161,343.472,188.8,3,4,4,11,Loyal Customers,1,Core Growth
15269,2011-11-16 09:32:00,2011-11-16 09:32:00,1,408.8,26,2,24,1,408.8,26.0,3,1,2,6,Promising,2,Hibernating
15270,2011-02-02 13:25:00,2011-11-24 09:24:00,7,2379.49,1521,22,16,295,339.9271428571428,217.28571428571428,4,4,4,12,Champions,3,Champions
15271,2010-12-09 13:47:00,2011-12-02 14:11:00,15,2507.07,1262,184,7,359,167.138,84.13333333333334,4,4,4,12,Champions,3,Champions
15272,2011-09-14 16:36:00,2011-10-13 12:59:00,2,721.94,310,63,57,29,360.97,155.0,2,2,3,7,At Risk,0,Big-Ticket Occasionals
15274,2011-11-21 14:17:00,2011-12-05 16:57:00,2,716.57,619,44,4,15,358.285,309.5,4,2,3,9,Promising,1,Core Growth
15275,2011-11-02 11:20:00,2011-11-02 11:20:00,1,615.14,498,41,38,1,615.14,498.0,3,1,2,6,Promising,0,Big-Ticket Occasionals
15276,2011-10-04 16:39:00,2011-10-04 16:39:00,1,135.31,64,49,66,1,135.31,64.0,2,1,1,4,Hibernating,2,Hibernating
15277,2011-10-24 10:08:00,2011-10-24 10:08:00,1,255.89999999999998,205,12,47,1,255.89999999999998,205.0,3,1,1,5,Promising,2,Hibernating
15279,2010-12-20 10:48:00,2010-12-20 10:48:00,1,290.51,189,19,355,1,290.51,189.0,1,1,1,3,Hibernating,0,Big-Ticket Occasionals
15280,2011-06-20 17:14:00,2011-06-20 17:14:00,1,113.12,154,16,172,1,113.12,154.0,1,1,1,3,Hibernating,2,Hibernating
15281,2011-01-10 15:51:00,2011-10-12 09:10:00,9,2332.15,1211,121,59,275,259.1277777777778,134.55555555555554,2,4,4,10,Loyal Customers,3,Champions
15286,2011-10-21 11:08:00,2011-10-21 11:08:00,1,240.55,55,3,50,1,240.55,55.0,3,1,1,5,Promising,2,Hibernating
15287,2011-09-30 12:30:00,2011-11-17 15:34:00,2,486.69,433,17,22,49,243.345,216.5,3,2,2,7,Promising,1,Core Growth
15288,2010-12-09 13:59:00,2011-10-27 16:58:00,5,2306.52,775,80,43,323,461.304,155.0,3,4,4,11,Loyal Customers,1,Core Growth
15289,2011-04-04 12:44:00,2011-11-10 13:49:00,3,939.78,1008,43,29,221,313.26,336.0,3,3,3,9,Hibernating,1,Core Growth
15290,2010-12-15 16:03:00,2011-12-05 11:39:00,18,7943.22,4501,93,5,355,441.29,250.05555555555554,4,4,4,12,Champions,3,Champions
15291,2010-12-01 09:32:00,2011-11-14 11:02:00,15,4668.3,2103,62,26,349,311.22,140.2,3,4,4,11,Loyal Customers,3,Champions
15292,2011-05-22 15:00:00,2011-05-22 15:00:00,1,180.94,56,24,201,1,180.94,56.0,1,1,1,3,Hibernating,2,Hibernating
15296,2011-01-17 11:57:00,2011-10-20 11:47:00,6,3672.86,1766,137,51,276,612.1433333333333,294.3333333333333,2,4,4,10,Loyal Customers,3,Champions
15297,2011-10-07 09:42:00,2011-11-29 16:32:00,3,641.94,292,30,10,54,213.98000000000002,97.33333333333333,4,3,2,9,Hibernating,1,Core Growth
15298,2010-12-08 13:55:00,2011-12-07 17:17:00,12,4799.9,3116,115,2,365,399.9916666666666,259.6666666666667,4,4,4,12,Champions,3,Champions
15299,2010-12-02 16:48:00,2011-10-03 14:19:00,7,4507.01,2948,7,67,305,643.8585714285715,421.14285714285717,2,4,4,10,Loyal Customers,3,Champions
15300,2011-10-06 17:08:00,2011-10-06 17:08:00,1,496.44,292,28,64,1,496.44,292.0,2,1,2,5,Hibernating,0,Big-Ticket Occasionals
15301,2010-12-06 12:21:00,2011-10-20 09:57:00,12,5070.35,2775,167,51,318,422.5291666666667,231.25,2,4,4,10,Loyal Customers,3,Champions
15303,2011-02-22 13:59:00,2011-02-22 13:59:00,1,574.02,248,31,290,1,574.02,248.0,1,1,2,4,Hibernating,0,Big-Ticket Occasionals
15304,2010-12-06 11:42:00,2011-10-10 10:23:00,8,694.4000000000001,104,8,61,308,86.80000000000001,13.0,2,4,3,9,Loyal Customers,1,Core Growth
15306,2011-07-14 15:22:00,2011-10-06 12:56:00,3,1174.35,810,57,64,84,391.45,270.0,2,3,3,8,At Risk,0,Big-Ticket Occasionals
15307,2011-09-05 11:38:00,2011-09-05 11:38:00,1,205.3,37,12,96,1,205.3,37.0,2,1,1,4,Hibernating,2,Hibernating
15308,2011-03-10 13:08:00,2011-03-10 13:08:00,1,310.47,175,19,274,1,310.47,175.0,1,1,2,4,Hibernating,0,Big-Ticket Occasionals
15311,2010-12-01 09:41:00,2011-12-09 12:00:00,91,60767.9,38194,567,1,374,667.7791208791209,419.7142857142857,4,4,4,12,Champions,3,Champions
15312,2010-12-20 12:51:00,2011-09-25 13:10:00,4,924.85,516,42,75,280,231.2125,129.0,2,3,3,8,At Risk,1,Core Growth
15313,2011-08-21 16:02:00,2011-08-21 16:02:00,1,52.0,25,1,110,1,52.0,25.0,2,1,1,4,Hibernating,2,Hibernating
15314,2011-05-24 14:39:00,2011-05-24 14:39:00,1,327.97,313,24,199,1,327.97,313.0,1,1,2,4,Hibernating,0,Big-Ticket Occasionals
15315,2011-08-15 15:17:00,2011-10-06 12:51:00,2,570.5,862,35,64,52,285.25,431.0,2,2,2,6,Hibernating,0,Big-Ticket Occasionals
15316,2011-01-17 11:34:00,2011-01-17 11:34:00,1,165.0,100,1,327,1,165.0,100.0,1,1,1,3,Hibernating,2,Hibernating
15318,2011-12-06 11:30:00,2011-12-06 11:30:00,1,312.62,642,33,4,1,312.62,642.0,4,1,2,7,Promising,1,Core Growth
15319,2011-03-01 12:48:00,2011-03-01 12:48:00,1,204.5,175,16,284,1,204.5,175.0,1,1,1,3,Hibernating,2,Hibernating
15320,2011-10-26 13:27:00,2011-10-26 13:27:00,1,267.13,326,36,44,1,267.13,326.0,3,1,1,5,Promising,0,Big-Ticket Occasionals
15321,2011-02-21 11:10:00,2011-09-30 09:40:00,3,2748.31,1181,83,71,221,916.1033333333334,393.6666666666667,2,3,4,9,Big Spenders,0,Big-Ticket Occasionals
15322,2011-09-15 09:34:00,2011-09-15 09:34:00,1,679.68,416,42,86,1,679.68,416.0,2,1,3,6,At Risk,0,Big-Ticket Occasionals
15325,2011-08-28 11:55:00,2011-08-28 11:55:00,1,162.29,232,47,104,1,162.29,232.0,2,1,1,4,Hibernating,2,Hibernating
15326,2011-01-10 11:38:00,2011-01-10 11:38:00,1,311.71,386,29,334,1,311.71,386.0,1,1,2,4,Hibernating,0,Big-Ticket Occasionals
15327,2011-10-18 11:55:00,2011-10-18 11:55:00,1,208.75,116,10,53,1,208.75,116.0,2,1,1,4,Hibernating,2,Hibernating
15329,2011-06-21 10:37:00,2011-10-31 15:36:00,3,1049.7,486,51,39,133,349.90000000000003,162.0,3,3,3,9,Hibernating,1,Core Growth
15330,2011-10-10 12:30:00,2011-11-07 17:50:00,2,714.96,1312,10,32,29,357.48,656.0,3,2,3,8,Promising,1,Core Growth
15332,2010-12-05 12:00:00,2010-12-08 14:43:00,4,1661.06,652,29,366,4,415.265,163.0,1,3,3,7,At Risk,0,Big-Ticket Occasionals
15333,2011-05-15 13:27:00,2011-05-15 13:27:00,1,1028.56,344,16,208,1,1028.56,344.0,1,1,3,5,At Risk,0,Big-Ticket Occasionals
15334,2011-06-19 13:51:00,2011-07-06 11:22:00,3,351.67,274,67,157,17,117.22333333333334,91.33333333333333,1,3,2,6,At Risk,2,Hibernating
15335,2011-10-17 12:50:00,2011-10-17 12:50:00,1,173.97,80,34,54,1,173.97,80.0,2,1,1,4,Hibernating,2,Hibernating
15339,2011-01-25 13:15:00,2011-10-04 12:51:00,2,574.07,416,77,66,252,287.035,208.0,2,2,2,6,Hibernating,0,Big-Ticket Occasionals
15341,2011-09-20 09:40:00,2011-09-20 09:40:00,1,2020.52,812,17,81,1,2020.52,812.0,2,1,4,7,Big Spenders,0,Big-Ticket Occasionals
15342,2011-08-02 10:19:00,2011-08-02 10:19:00,1,406.09,283,24,130,1,406.09,283.0,2,1,2,5,Hibernating,0,Big-Ticket Occasionals
15343,2011-09-13 13:55:00,2011-09-13 13:55:00,1,364.5,84,21,87,1,364.5,84.0,2,1,2,5,Hibernating,0,Big-Ticket Occasionals
15344,2011-09-26 14:48:00,2011-12-09 10:45:00,3,563.94,116,21,1,74,187.98000000000002,38.666666666666664,4,3,2,9,Hibernating,1,Core Growth
15345,2011-10-25 11:28:00,2011-10-25 11:28:00,1,393.54,81,20,46,1,393.54,81.0,3,1,2,6,Promising,0,Big-Ticket Occasionals
15346,2011-01-11 11:18:00,2011-01-11 11:18:00,1,252.42000000000002,144,17,333,1,252.42000000000002,144.0,1,1,1,3,Hibernating,2,Hibernating
15347,2010-12-08 15:25:00,2010-12-08 15:25:00,1,201.60000000000002,130,5,366,1,201.60000000000002,130.0,1,1,1,3,Hibernating,2,Hibernating
15348,2011-09-28 13:17:00,2011-09-28 13:17:00,1,158.04,84,9,72,1,158.04,84.0,2,1,1,4,Hibernating,2,Hibernating
15349,2011-06-05 15:46:00,2011-07-04 16:06:00,2,473.81,327,65,158,30,236.905,163.5,1,2,2,5,Hibernating,0,Big-Ticket Occasionals
15350,2010-12-01 13:33:00,2010-12-01 13:33:00,1,115.65,51,5,373,1,115.65,51.0,1,1,1,3,Hibernating,2,Hibernating
15351,2010-12-05 11:49:00,2011-11-27 12:52:00,7,1960.1100000000001,753,157,12,358,280.0157142857143,107.57142857142857,4,4,4,12,Champions,1,Core Growth
15353,2010-12-07 11:49:00,2011-03-30 12:15:00,2,777.02,343,59,255,114,388.51,171.5,1,2,3,6,At Risk,0,Big-Ticket Occasionals
15355,2011-10-17 15:22:00,2011-11-10 13:44:00,2,277.05,45,9,29,24,138.525,22.5,3,2,1,6,Promising,2,Hibernating
15356,2010-12-06 14:05:00,2011-11-08 13:11:00,10,2766.5,1673,215,31,337,276.65,167.3,3,4,4,11,Loyal Customers,3,Champions
15358,2010-12-09 10:04:00,2011-12-05 09:04:00,22,8347.2,7050,292,5,361,379.41818181818184,320.45454545454544,4,4,4,12,Champions,3,Champions
15360,2011-10-31 09:35:00,2011-10-31 09:35:00,1,427.93,223,13,40,1,427.93,223.0,3,1,2,6,Promising,0,Big-Ticket Occasionals
15361,2010-12-13 09:52:00,2010-12-13 09:52:00,1,418.92,336,7,362,1,418.92,336.0,1,1,2,4,Hibernating,0,Big-Ticket Occasionals
15363,2010-12-02 12:28:00,2010-12-02 12:28:00,1,326.0,144,16,373,1,326.0,144.0,1,1,2,4,Hibernating,0,Big-Ticket Occasionals
15364,2011-03-30 13:39:00,2011-09-05 09:46:00,2,913.19,493,29,96,159,456.595,246.5,2,2,3,7,At Risk,0,Big-Ticket Occasionals
15365,2011-01-28 13:08:00,2011-11-14 08:29:00,7,2314.32,1084,65,26,290,330.6171428571429,154.85714285714286,3,4,4,11,Loyal Customers,3,Champions
15366,2010-12-16 15:59:00,2011-09-25 15:01:00,2,602.51,621,37,75,283,301.255,310.5,2,2,2,6,Hibernating,0,Big-Ticket Occasionals
15367,2011-03-09 13:53:00,2011-10-13 14:13:00,4,1877.59,1057,91,57,219,469.3975,264.25,2,3,4,9,Big Spenders,0,Big-Ticket Occasionals
15368,2011-11-18 14:42:00,2011-11-18 14:42:00,1,446.94000000000005,230,4,21,1,446.94000000000005,230.0,3,1,2,6,Promising,0,Big-Ticket Occasionals
15370,2011-01-11 11:32:00,2011-10-30 10:58:00,7,2386.05,830,65,41,292,340.86428571428576,118.57142857142857,3,4,4,11,Loyal Customers,3,Champions
15372,2011-07-25 16:39:00,2011-07-25 16:39:00,1,2007.3999999999999,2924,27,137,1,2007.3999999999999,2924.0,2,1,4,7,Big Spenders,0,Big-Ticket Occasionals
15373,2010-12-03 14:40:00,2011-12-01 15:05:00,12,2415.91,500,74,8,364,201.32583333333332,41.666666666666664,4,4,4,12,Champions,3,Champions
15374,2011-08-03 09:59:00,2011-08-03 09:59:00,1,168.0,126,3,129,1,168.0,126.0,2,1,1,4,Hibernating,2,Hibernating
15376,2011-05-01 13:45:00,2011-10-30 15:04:00,3,1233.3600000000001,619,100,40,183,411.12000000000006,206.33333333333334,3,3,3,9,Hibernating,1,Core Growth
15379,2010-12-16 13:02:00,2011-06-23 13:13:00,7,3703.29,2305,145,169,190,529.0414285714286,329.2857142857143,1,4,4,9,At Risk,3,Champions
15380,2010-12-09 15:01:00,2011-12-01 12:13:00,5,1690.2600000000002,376,22,9,357,338.052,75.2,4,4,4,12,Champions,1,Core Growth
15381,2011-03-16 13:44:00,2011-05-10 11:55:00,2,596.85,171,8,214,55,298.425,85.5,1,2,2,5,Hibernating,0,Big-Ticket Occasionals
15382,2011-02-17 12:01:00,2011-11-25 10:58:00,6,5955.71,4012,193,15,281,992.6183333333333,668.6666666666666,4,4,4,12,Champions,3,Champions
15384,2010-12-15 11:34:00,2011-06-23 10:57:00,2,642.41,596,34,170,190,321.205,298.0,1,2,2,5,Hibernating,0,Big-Ticket Occasionals
15385,2011-10-30 15:11:00,2011-10-30 15:11:00,1,316.88,161,12,40,1,316.88,161.0,3,1,2,6,Promising,0,Big-Ticket Occasionals
15386,2011-06-06 13:47:00,2011-06-06 13:47:00,1,394.14,446,31,186,1,394.14,446.0,1,1,2,4,Hibernating,0,Big-Ticket Occasionals
15388,2011-03-14 13:53:00,2011-03-14 13:53:00,1,140.54,88,10,270,1,140.54,88.0,1,1,1,3,Hibernating,2,Hibernating
15389,2011-06-20 16:18:00,2011-06-20 16:18:00,1,500.0,400,1,172,1,500.0,400.0,1,1,2,4,Hibernating,0,Big-Ticket Occasionals
15392,2010-12-14 15:50:00,2011-12-05 11:01:00,4,1535.53,1277,74,5,356,383.8825,319.25,4,3,3,10,Hibernating,1,Core Growth
15393,2011-03-03 16:58:00,2011-11-23 16:48:00,2,231.86,150,10,16,265,115.93,75.0,4,2,1,7,Promising,2,Hibernating
15394,2010-12-16 12:46:00,2011-11-30 11:49:00,4,2183.54,910,54,10,349,545.885,227.5,4,3,4,11,Big Spenders,3,Champions
15395,2011-01-18 12:40:00,2011-01-18 12:40:00,1,107.45,17,7,326,1,107.45,17.0,1,1,1,3,Hibernating,2,Hibernating
15396,2011-08-19 10:56:00,2011-08-19 10:56:00,1,288.18,122,14,113,1,288.18,122.0,2,1,1,4,Hibernating,2,Hibernating
15397,2011-02-23 09:25:00,2011-02-23 09:25:00,1,94.0,20,6,290,1,94.0,20.0,1,1,1,3,Hibernating,2,Hibernating
15398,2011-09-22 14:56:00,2011-11-23 16:47:00,2,1345.53,769,60,16,63,672.765,384.5,4,2,3,9,Promising,1,Core Growth
15399,2011-09-21 15:57:00,2011-12-08 13:04:00,3,815.77,611,45,1,78,271.92333333333335,203.66666666666666,4,3,3,10,Hibernating,1,Core Growth
15400,2011-03-06 11:27:00,2011-09-08 13:57:00,5,716.2,390,10,92,187,143.24,78.0,2,4,3,9,Loyal Customers,1,Core Growth
15402,2011-05-27 13:32:00,2011-07-14 12:17:00,2,626.77,694,35,149,48,313.385,347.0,1,2,2,5,Hibernating,0,Big-Ticket Occasionals
15405,2011-06-03 14:44:00,2011-06-03 14:44:00,1,349.1,193,8,189,1,349.1,193.0,1,1,2,4,Hibernating,0,Big-Ticket Occasionals
15406,2011-02-11 16:19:00,2011-11-08 13:22:00,2,510.71000000000004,254,51,31,270,255.35500000000002,127.0,3,2,2,7,Promising,1,Core Growth
15407,2011-02-07 13:18:00,2011-11-06 11:55:00,4,1056.44,558,142,34,272,264.11,139.5,3,3,3,9,Hibernating,1,Core Growth
15408,2011-03-20 15:02:00,2011-03-20 15:02:00,1,267.18,106,34,264,1,267.18,106.0,1,1,1,3,Hibernating,2,Hibernating
15410,2011-03-23 10:15:00,2011-09-16 14:47:00,8,3450.84,1200,48,84,178,431.355,150.0,2,4,4,10,Loyal Customers,3,Champions
15411,2011-06-10 12:30:00,2011-11-13 15:19:00,4,1358.88,530,86,26,157,339.72,132.5,3,3,3,9,Hibernating,1,Core Growth
15412,2011-06-21 15:24:00,2011-06-21 15:24:00,1,190.53,108,10,171,1,190.53,108.0,1,1,1,3,Hibernating,2,Hibernating
15414,2011-04-11 13:45:00,2011-11-30 09:50:00,3,774.9000000000001,443,37,10,233,258.3,147.66666666666666,4,3,3,10,Hibernating,1,Core Growth
15415,2011-01-30 14:13:00,2011-01-30 14:13:00,1,572.8100000000001,575,46,313,1,572.8100000000001,575.0,1,1,2,4,Hibernating,0,Big-Ticket Occasionals
15416,2011-03-02 08:41:00,2011-10-06 09:38:00,4,3984.32,2090,165,65,219,996.08,522.5,2,3,4,9,Big Spenders,3,Champions
15417,2011-09-15 15:26:00,2011-09-15 15:26:00,1,508.8,284,28,85,1,508.8,284.0,2,1,2,5,Hibernating,0,Big-Ticket Occasionals
15419,2011-11-15 09:23:00,2011-11-15 09:23:00,1,135.86,230,8,25,1,135.86,230.0,3,1,1,5,Promising,2,Hibernating
15421,2011-02-02 14:36:00,2011-10-12 09:20:00,4,950.36,500,40,59,252,237.59,125.0,2,3,3,8,At Risk,1,Core Growth
15422,2011-01-20 14:17:00,2011-01-20 16:17:00,2,97.7,38,6,323,1,48.85,19.0,1,2,1,4,Hibernating,2,Hibernating
15423,2011-11-01 14:01:00,2011-11-01 14:01:00,1,43.5,101,2,38,1,43.5,101.0,3,1,1,5,Promising,2,Hibernating
15424,2011-03-30 13:00:00,2011-03-30 13:02:00,2,383.34,554,17,254,1,191.67,277.0,1,2,2,5,Hibernating,0,Big-Ticket Occasionals
15426,2010-12-05 13:55:00,2011-11-20 15:36:00,5,1447.39,674,217,19,351,289.478,134.8,3,4,3,10,Loyal Customers,1,Core Growth
15427,2011-10-23 14:47:00,2011-11-06 14:29:00,3,1483.14,1013,233,33,14,494.38000000000005,337.6666666666667,3,3,3,9,Hibernating,1,Core Growth
15428,2011-11-24 16:54:00,2011-11-24 16:54:00,1,93.78,102,6,15,1,93.78,102.0,4,1,1,6,Promising,2,Hibernating
15429,2011-09-25 13:42:00,2011-11-13 12:28:00,2,397.35,380,77,27,49,198.675,190.0,3,2,2,7,Promising,1,Core Growth
15432,2011-11-16 16:30:00,2011-11-16 16:30:00,1,171.19,65,10,23,1,171.19,65.0,3,1,1,5,Promising,2,Hibernating
15433,2011-03-17 14:12:00,2011-05-10 10:45:00,2,533.3,534,40,214,54,266.65,267.0,1,2,2,5,Hibernating,0,Big-Ticket Occasionals
15434,2011-05-23 14:18:00,2011-12-01 13:33:00,5,1041.48,647,40,8,192,208.296,129.4,4,4,3,11,Loyal Customers,1,Core Growth
15435,2011-11-17 16:39:00,2011-11-17 16:39:00,1,149.29,54,29,22,1,149.29,54.0,3,1,1,5,Promising,2,Hibernating
15436,2011-04-19 16:52:00,2011-11-27 16:05:00,3,1122.53,613,243,12,222,374.1766666666667,204.33333333333334,4,3,3,10,Hibernating,1,Core Growth
15437,2011-03-22 13:11:00,2011-03-22 13:11:00,1,200.16,79,44,262,1,200.16,79.0,1,1,1,3,Hibernating,2,Hibernating
15438,2011-07-31 14:19:00,2011-07-31 14:19:00,1,156.57999999999998,59,25,131,1,156.57999999999998,59.0,2,1,1,4,Hibernating,2,Hibernating
15440,2011-05-15 11:30:00,2011-10-16 12:16:00,3,383.68,197,50,55,155,127.89333333333333,65.66666666666667,2,3,2,7,At Risk,2,Hibernating
15442,2011-04-05 12:24:00,2011-04-05 12:24:00,1,594.0,120,2,249,1,594.0,120.0,1,1,2,4,Hibernating,0,Big-Ticket Occasionals
15443,2011-01-23 13:25:00,2011-12-08 10:40:00,7,3236.91,1663,237,2,319,462.4157142857143,237.57142857142858,4,4,4,12,Champions,3,Champions
15444,2011-10-30 16:12:00,2011-11-30 17:37:00,2,1418.26,764,191,9,32,709.13,382.0,4,2,3,9,Promising,1,Core Growth
15445,2011-03-20 15:06:00,2011-03-20 15:06:00,1,113.5,58,5,264,1,113.5,58.0,1,1,1,3,Hibernating,2,Hibernating
15447,2011-01-13 11:26:00,2011-01-13 11:26:00,1,155.17,85,9,331,1,155.17,85.0,1,1,1,3,Hibernating,2,Hibernating
15448,2011-01-31 10:42:00,2011-01-31 10:42:00,1,494.64,232,28,313,1,494.64,232.0,1,1,2,4,Hibernating,0,Big-Ticket Occasionals
15449,2011-03-23 10:43:00,2011-11-13 15:02:00,3,974.52,812,47,26,236,324.84,270.6666666666667,3,3,3,9,Hibernating,1,Core Growth
15450,2011-11-09 17:11:00,2011-11-09 17:11:00,1,429.84,376,30,30,1,429.84,376.0,3,1,2,6,Promising,0,Big-Ticket Occasionals
15452,2011-03-20 15:21:00,2011-11-10 12:13:00,3,538.73,283,47,30,235,179.57666666666668,94.33333333333333,3,3,2,8,Hibernating,1,Core Growth
15453,2011-06-05 12:37:00,2011-12-08 10:59:00,7,1388.37,845,169,2,186,198.3385714285714,120.71428571428571,4,4,3,11,Loyal Customers,1,Core Growth
15454,2010-12-12 14:21:00,2010-12-12 14:21:00,1,179.1,86,23,362,1,179.1,86.0,1,1,1,3,Hibernating,2,Hibernating
15456,2010-12-15 15:34:00,2011-03-01 13:51:00,3,447.22,660,48,283,76,149.07333333333335,220.0,1,3,2,6,At Risk,0,Big-Ticket Occasionals
15457,2011-03-22 15:31:00,2011-03-22 15:31:00,1,237.07,132,56,262,1,237.07,132.0,1,1,1,3,Hibernating,2,Hibernating
15458,2011-11-14 13:08:00,2011-11-14 13:08:00,1,161.64,156,7,25,1,161.64,156.0,3,1,1,5,Promising,2,Hibernating
15460,2010-12-20 16:08:00,2010-12-20 16:08:00,1,216.76,109,53,354,1,216.76,109.0,1,1,1,3,Hibernating,2,Hibernating
15462,2011-06-05 15:36:00,2011-09-06 13:11:00,3,234.6,172,9,94,93,78.2,57.333333333333336,2,3,1,6,At Risk,2,Hibernating
15463,2011-11-10 12:57:00,2011-11-10 12:57:00,1,126.14,106,7,29,1,126.14,106.0,3,1,1,5,Promising,2,Hibernating
15464,2011-01-05 15:56:00,2011-01-05 15:56:00,1,1048.85,350,155,338,1,1048.85,350.0,1,1,3,5,At Risk,0,Big-Ticket Occasionals
15465,2010-12-05 10:12:00,2011-11-20 10:11:00,18,7354.62,1257,43,20,350,408.59,69.83333333333333,3,4,4,11,Loyal Customers,3,Champions
15466,2011-09-15 14:08:00,2011-09-15 14:08:00,1,334.53,246,56,85,1,334.53,246.0,2,1,2,5,Hibernating,0,Big-Ticket Occasionals
15467,2011-07-10 14:42:00,2011-11-30 14:17:00,3,524.88,310,41,9,143,174.96,103.33333333333333,4,3,2,9,Hibernating,1,Core Growth
15468,2011-10-19 13:38:00,2011-10-19 13:49:00,2,467.51,155,24,51,1,233.755,77.5,2,2,2,6,Hibernating,1,Core Growth
15469,2011-08-11 16:54:00,2011-10-20 16:21:00,2,538.55,153,24,50,70,269.275,76.5,3,2,2,7,Promising,0,Big-Ticket Occasionals
15471,2011-12-07 14:12:00,2011-12-07 14:12:00,1,469.48,266,67,2,1,469.48,266.0,4,1,2,7,Promising,1,Core Growth
15472,2011-08-18 15:17:00,2011-08-18 15:17:00,1,371.56,251,76,113,1,371.56,251.0,2,1,2,5,Hibernating,0,Big-Ticket Occasionals
15473,2011-10-10 11:12:00,2011-11-25 15:15:00,7,1771.2,672,4,14,47,253.02857142857144,96.0,4,4,4,12,Champions,1,Core Growth
15475,2011-09-23 15:20:00,2011-09-23 15:20:00,1,454.10999999999996,319,29,77,1,454.10999999999996,319.0,2,1,2,5,Hibernating,0,Big-Ticket Occasionals
15478,2011-10-14 11:09:00,2011-10-30 14:19:00,2,1441.42,585,34,40,17,720.71,292.5,3,2,3,8,Promising,0,Big-Ticket Occasionals
15480,2011-08-15 14:32:00,2011-08-15 14:32:00,1,905.5,303,45,116,1,905.5,303.0,2,1,3,6,At Risk,0,Big-Ticket Occasionals
15482,2010-12-16 10:08:00,2011-11-24 10:46:00,12,11054.96,5020,46,16,344,921.2466666666666,418.3333333333333,4,4,4,12,Champions,3,Champions
15483,2011-03-18 12:26:00,2011-07-01 13:07:00,4,233.81,295,74,161,106,58.4525,73.75,1,3,1,5,At Risk,2,Hibernating
15484,2011-09-22 13:31:00,2011-12-08 15:03:00,4,3594.31,3152,135,1,78,898.5775,788.0,4,3,4,11,Big Spenders,3,Champions
15485,2010-12-01 13:23:00,2011-11-09 14:31:00,3,2575.0,1306,59,30,344,858.3333333333334,435.3333333333333,3,3,4,10,Big Spenders,3,Champions
15488,2011-09-08 10:11:00,2011-09-08 10:11:00,1,91.32000000000001,73,2,93,1,91.32000000000001,73.0,2,1,1,4,Hibernating,2,Hibernating
15489,2011-05-12 12:54:00,2011-11-17 08:53:00,3,1134.28,608,47,23,189,378.0933333333333,202.66666666666666,3,3,3,9,Hibernating,1,Core Growth
15491,2011-04-18 10:04:00,2011-09-05 15:56:00,6,3100.09,1646,108,95,141,516.6816666666667,274.3333333333333,2,4,4,10,Loyal Customers,3,Champions
15492,2011-09-26 14:02:00,2011-11-11 14:53:00,2,659.4599999999999,483,32,28,47,329.72999999999996,241.5,3,2,2,7,Promising,1,Core Growth
15493,2011-03-14 11:44:00,2011-11-07 12:04:00,5,2001.8,560,177,33,239,400.36,112.0,3,4,4,11,Loyal Customers,1,Core Growth
15494,2011-08-10 15:29:00,2011-11-18 14:51:00,2,1299.23,1148,120,21,100,649.615,574.0,3,2,3,8,Promising,0,Big-Ticket Occasionals
15497,2011-01-24 10:01:00,2011-11-22 11:51:00,2,1262.2,624,13,18,303,631.1,312.0,3,2,3,8,Promising,0,Big-Ticket Occasionals
15498,2010-12-08 12:29:00,2011-12-07 12:48:00,27,13316.4,6105,360,3,365,493.2,226.11111111111111,4,4,4,12,Champions,3,Champions
15500,2011-09-19 13:47:00,2011-12-01 13:47:00,4,1131.56,572,64,8,74,282.89,143.0,4,3,3,10,Hibernating,1,Core Growth
15502,2010-12-05 15:40:00,2011-11-24 12:48:00,12,10384.93,4236,164,16,354,865.4108333333334,353.0,4,4,4,12,Champions,3,Champions
15503,2010-12-12 10:57:00,2010-12-12 10:57:00,1,147.09,74,66,363,1,147.09,74.0,1,1,1,3,Hibernating,2,Hibernating
15504,2011-09-19 13:45:00,2011-09-19 13:45:00,1,52.83,33,13,81,1,52.83,33.0,2,1,1,4,Hibernating,2,Hibernating
15505,2011-07-07 13:33:00,2011-10-18 07:56:00,5,3610.96,2390,90,53,103,722.192,478.0,2,4,4,10,Loyal Customers,3,Champions
15506,2011-07-24 11:45:00,2011-11-17 12:11:00,3,979.26,848,121,23,117,326.42,282.6666666666667,3,3,3,9,Hibernating,1,Core Growth
15507,2011-06-21 11:19:00,2011-06-21 11:19:00,1,492.36,162,41,172,1,492.36,162.0,1,1,2,4,Hibernating,0,Big-Ticket Occasionals
15508,2011-04-18 15:31:00,2011-06-03 15:43:00,6,1000.27,440,78,189,47,166.71166666666667,73.33333333333333,1,4,3,8,At Risk,1,Core Growth
15510,2011-01-13 12:10:00,2011-01-13 12:10:00,1,250.0,2,1,331,1,250.0,2.0,1,1,1,3,Hibernating,2,Hibernating
15511,2011-09-15 15:05:00,2011-11-28 09:43:00,5,909.23,271,117,12,74,181.846,54.2,4,4,3,11,Loyal Customers,1,Core Growth
15512,2010-12-15 12:01:00,2011-07-07 10:20:00,2,121.0,68,7,156,204,60.5,34.0,1,2,1,4,Hibernating,2,Hibernating
15513,2010-12-01 11:22:00,2011-11-06 14:36:00,19,14758.220000000001,5709,183,33,341,776.7484210526317,300.4736842105263,3,4,4,11,Loyal Customers,3,Champions
15514,2010-12-10 13:50:00,2011-11-27 14:40:00,11,4139.46,2160,96,12,353,376.31454545454545,196.36363636363637,4,4,4,12,Champions,3,Champions
15516,2011-10-24 11:33:00,2011-10-26 10:51:00,3,62.43,27,15,45,2,20.81,9.0,3,3,1,7,Hibernating,2,Hibernating
15517,2011-04-20 14:02:00,2011-04-20 14:02:00,1,267.03,293,27,233,1,267.03,293.0,1,1,1,3,Hibernating,0,Big-Ticket Occasionals
15518,2011-01-11 12:55:00,2011-10-06 13:05:00,8,1942.45,1273,135,64,269,242.80625,159.125,2,4,4,10,Loyal Customers,3,Champions
15520,2011-12-08 10:58:00,2011-12-08 10:58:00,1,343.5,314,18,2,1,343.5,314.0,4,1,2,7,Promising,1,Core Growth
15521,2011-03-30 09:15:00,2011-10-30 13:42:00,8,3000.2,1836,116,40,215,375.025,229.5,3,4,4,11,Loyal Customers,3,Champions
15522,2011-09-13 12:26:00,2011-11-07 11:26:00,2,398.84,573,47,33,55,199.42,286.5,3,2,2,7,Promising,1,Core Growth
15523,2011-09-16 16:29:00,2011-09-16 16:29:00,1,412.01000000000005,132,10,84,1,412.01000000000005,132.0,2,1,2,5,Hibernating,0,Big-Ticket Occasionals
15524,2011-11-15 12:09:00,2011-11-15 12:09:00,1,440.0,4,1,25,1,440.0,4.0,3,1,2,6,Promising,2,Hibernating
15525,2010-12-01 13:17:00,2011-12-07 14:43:00,3,825.92,416,133,2,372,275.3066666666667,138.66666666666666,4,3,3,10,Hibernating,1,Core Growth
15526,2011-11-06 15:01:00,2011-11-06 15:04:00,2,148.44,24,4,33,1,74.22,12.0,3,2,1,6,Promising,2,Hibernating
15527,2010-12-20 14:15:00,2011-11-21 12:17:00,8,2429.78,992,127,19,336,303.7225,124.0,3,4,4,11,Loyal Customers,3,Champions
15528,2011-03-30 16:14:00,2011-03-30 16:14:00,1,229.33,123,26,254,1,229.33,123.0,1,1,1,3,Hibernating,2,Hibernating
15529,2010-12-08 12:24:00,2011-11-17 11:29:00,11,3995.23,3496,415,23,344,363.20272727272726,317.8181818181818,3,4,4,11,Loyal Customers,3,Champions
15530,2011-04-07 11:16:00,2011-11-18 12:25:00,4,1502.35,950,90,22,226,375.5875,237.5,3,3,3,9,Hibernating,1,Core Growth
15531,2011-11-09 17:47:00,2011-12-01 18:43:00,2,2007.44,1105,196,8,23,1003.72,552.5,4,2,4,10,Big Spenders,3,Champions
15532,2010-12-16 16:45:00,2011-11-14 14:51:00,4,1580.93,521,205,25,333,395.2325,130.25,3,3,3,9,Hibernating,1,Core Growth
15533,2011-09-11 15:41:00,2011-11-20 15:35:00,3,807.57,289,73,19,70,269.19,96.33333333333333,3,3,3,9,Hibernating,1,Core Growth
15535,2011-01-16 12:35:00,2011-06-19 16:02:00,4,536.4,143,55,173,155,134.1,35.75,1,3,2,6,At Risk,2,Hibernating
15537,2011-06-29 13:10:00,2011-06-29 13:10:00,1,110.92,29,24,163,1,110.92,29.0,1,1,1,3,Hibernating,2,Hibernating
15539,2011-12-02 13:36:00,2011-12-02 13:36:00,1,538.46,410,41,7,1,538.46,410.0,4,1,2,7,Promising,1,Core Growth
15540,2011-11-28 13:51:00,2011-11-28 13:51:00,1,213.3,200,15,11,1,213.3,200.0,4,1,1,6,Promising,1,Core Growth
15541,2011-08-17 14:58:00,2011-08-17 14:58:00,1,85.13000000000001,49,29,114,1,85.13000000000001,49.0,2,1,1,4,Hibernating,2,Hibernating
15543,2011-02-24 15:26:00,2011-02-24 15:26:00,1,127.86,86,26,288,1,127.86,86.0,1,1,1,3,Hibernating,2,Hibernating
15544,2010-12-02 12:47:00,2011-11-30 16:43:00,9,3546.71,3109,122,9,364,394.0788888888889,345.44444444444446,4,4,4,12,Champions,3,Champions
15545,2010-12-03 17:28:00,2011-10-16 13:24:00,2,292.71999999999997,163,78,54,317,146.35999999999999,81.5,2,2,1,5,Hibernating,2,Hibernating
15547,2010-12-12 13:26:00,2011-12-02 12:52:00,14,4954.84,4032,441,7,355,353.9171428571429,288.0,4,4,4,12,Champions,3,Champions
15549,2011-01-27 15:38:00,2011-09-23 16:22:00,3,1693.26,698,104,77,240,564.42,232.66666666666666,2,3,4,9,Big Spenders,0,Big-Ticket Occasionals
15550,2011-02-11 12:49:00,2011-12-05 15:38:00,4,575.63,295,43,4,298,143.9075,73.75,4,3,2,9,Hibernating,1,Core Growth
15551,2011-11-03 12:37:00,2011-11-03 12:37:00,1,436.06,218,29,37,1,436.06,218.0,3,1,2,6,Promising,0,Big-Ticket Occasionals
15552,2011-05-06 14:47:00,2011-05-06 14:47:00,1,90.12,60,17,217,1,90.12,60.0,1,1,1,3,Hibernating,2,Hibernating
15553,2011-10-10 14:02:00,2011-10-10 14:02:00,1,437.23,451,51,60,1,437.23,451.0,2,1,2,5,Hibernating,0,Big-Ticket Occasionals
15554,2011-03-07 09:00:00,2011-03-07 09:00:00,1,217.2,74,14,278,1,217.2,74.0,1,1,1,3,Hibernating,2,Hibernating
15555,2010-12-05 14:45:00,2011-11-27 16:19:00,16,4805.17,4439,401,12,358,300.323125,277.4375,4,4,4,12,Champions,3,Champions
15556,2011-11-15 16:08:00,2011-11-15 16:08:00,1,279.77,236,31,24,1,279.77,236.0,3,1,1,5,Promising,1,Core Growth
15557,2011-11-11 12:46:00,2011-11-11 12:46:00,1,473.65000000000003,219,16,29,1,473.65000000000003,219.0,3,1,2,6,Promising,0,Big-Ticket Occasionals
15561,2011-05-08 11:38:00,2011-11-28 11:07:00,4,800.59,267,27,12,204,200.1475,66.75,4,3,3,10,Hibernating,1,Core Growth
15562,2010-12-23 09:55:00,2010-12-23 09:55:00,1,134.55,39,1,352,1,134.55,39.0,1,1,1,3,Hibernating,2,Hibernating
15563,2010-12-16 11:27:00,2011-11-17 14:50:00,4,1400.44,1501,88,22,337,350.11,375.25,3,3,3,9,Hibernating,1,Core Growth
15565,2011-09-30 10:44:00,2011-10-20 14:33:00,2,173.16,60,8,50,21,86.58,30.0,3,2,1,6,Promising,2,Hibernating
15567,2011-11-21 10:48:00,2011-11-21 10:48:00,1,186.01,223,7,19,1,186.01,223.0,3,1,1,5,Promising,2,Hibernating
15568,2011-09-27 14:37:00,2011-12-07 11:27:00,3,758.29,461,27,3,71,252.76333333333332,153.66666666666666,4,3,3,10,Hibernating,1,Core Growth
15569,2011-01-11 13:26:00,2011-08-28 10:15:00,5,1375.71,666,27,104,229,275.142,133.2,2,4,3,9,Loyal Customers,1,Core Growth
15570,2010-12-05 12:57:00,2011-12-02 14:47:00,12,4165.52,2067,231,7,363,347.1266666666667,172.25,4,4,4,12,Champions,3,Champions
15571,2011-09-22 13:15:00,2011-11-28 10:02:00,4,650.4300000000001,264,47,12,67,162.60750000000002,66.0,4,3,2,9,Hibernating,1,Core Growth
15572,2011-03-06 14:44:00,2011-12-05 10:09:00,7,2552.86,1229,166,5,274,364.69428571428574,175.57142857142858,4,4,4,12,Champions,3,Champions
15573,2011-09-15 12:16:00,2011-11-08 11:38:00,2,607.45,363,88,32,54,303.725,181.5,3,2,2,7,Promising,1,Core Growth
15574,2010-12-02 15:46:00,2011-06-15 12:01:00,4,702.25,349,131,178,195,175.5625,87.25,1,3,3,7,At Risk,0,Big-Ticket Occasionals
15576,2011-11-02 12:03:00,2011-11-02 12:03:00,1,940.6700000000001,404,43,38,1,940.6700000000001,404.0,3,1,3,7,Promising,0,Big-Ticket Occasionals
15577,2011-02-07 13:32:00,2011-07-11 17:03:00,3,258.88,89,39,151,155,86.29333333333334,29.666666666666668,1,3,1,5,At Risk,2,Hibernating
15578,2011-06-30 13:03:00,2011-06-30 13:03:00,1,127.1,52,13,162,1,127.1,52.0,1,1,1,3,Hibernating,2,Hibernating
15579,2011-01-30 12:09:00,2011-10-02 12:45:00,2,348.6,120,45,69,246,174.3,60.0,2,2,2,6,Hibernating,2,Hibernating
15581,2010-12-08 14:38:00,2011-08-11 09:38:00,13,3679.9700000000003,286,134,121,246,283.0746153846154,22.0,2,4,4,10,Loyal Customers,3,Champions
15582,2011-05-03 13:36:00,2011-11-15 09:55:00,3,682.9100000000001,453,39,25,196,227.63666666666668,151.0,3,3,3,9,Hibernating,1,Core Growth
15584,2011-06-30 16:39:00,2011-11-16 10:55:00,4,725.11,314,89,24,139,181.2775,78.5,3,3,3,9,Hibernating,1,Core Growth
15585,2011-06-16 08:38:00,2011-06-16 08:38:00,1,455.3,320,31,177,1,455.3,320.0,1,1,2,4,Hibernating,0,Big-Ticket Occasionals
15587,2010-12-23 09:59:00,2011-10-20 13:37:00,4,913.6800000000001,312,3,50,302,228.42000000000002,78.0,3,3,3,9,Hibernating,1,Core Growth
15589,2011-02-02 10:46:00,2011-03-29 09:54:00,3,478.53000000000003,243,28,256,55,159.51000000000002,81.0,1,3,2,6,At Risk,2,Hibernating
15592,2011-10-24 08:59:00,2011-10-24 08:59:00,1,388.58,354,24,47,1,388.58,354.0,3,1,2,6,Promising,0,Big-Ticket Occasionals
15593,2011-09-30 11:46:00,2011-09-30 11:46:00,1,199.8,60,5,71,1,199.8,60.0,2,1,1,4,Hibernating,2,Hibernating
15594,2011-04-19 10:08:00,2011-11-24 08:53:00,5,1771.78,983,85,16,219,354.356,196.6,4,4,4,12,Champions,1,Core Growth
15596,2010-12-09 16:10:00,2011-08-31 10:55:00,5,1406.59,561,51,101,265,281.318,112.2,2,4,3,9,Loyal Customers,1,Core Growth
15597,2011-11-04 13:26:00,2011-11-04 13:26:00,1,324.57,279,22,35,1,324.57,279.0,3,1,2,6,Promising,0,Big-Ticket Occasionals
15598,2011-10-17 16:04:00,2011-10-17 16:04:00,1,240.68,160,14,53,1,240.68,160.0,2,1,1,4,Hibernating,2,Hibernating
15599,2011-05-19 13:05:00,2011-11-13 11:44:00,2,761.74,718,50,27,178,380.87,359.0,3,2,3,8,Promising,1,Core Growth
15601,2010-12-02 10:39:00,2011-11-28 15:15:00,14,6776.56,4983,230,11,362,484.04,355.92857142857144,4,4,4,12,Champions,3,Champions
15602,2010-12-06 15:35:00,2011-12-01 14:14:00,9,1297.8700000000001,1137,30,8,360,144.20777777777778,126.33333333333333,4,4,3,11,Loyal Customers,1,Core Growth
15603,2011-09-22 10:04:00,2011-09-22 10:04:00,1,48.480000000000004,96,2,79,1,48.480000000000004,96.0,2,1,1,4,Hibernating,2,Hibernating
15604,2011-10-18 14:47:00,2011-10-18 14:47:00,1,216.39,159,17,52,1,216.39,159.0,2,1,1,4,Hibernating,2,Hibernating
15605,2010-12-01 13:38:00,2011-11-03 14:17:00,5,1198.23,441,61,36,338,239.64600000000002,88.2,3,4,3,10,Loyal Customers,1,Core Growth
15606,2011-01-19 12:07:00,2011-10-09 15:47:00,9,2920.16,892,48,61,264,324.4622222222222,99.11111111111111,2,4,4,10,Loyal Customers,3,Champions
15607,2011-01-07 12:44:00,2011-01-07 12:44:00,1,104.76,202,13,337,1,104.76,202.0,1,1,1,3,Hibernating,2,Hibernating
15608,2011-08-11 09:56:00,2011-11-11 13:20:00,4,1093.68,714,59,28,93,273.42,178.5,3,3,3,9,Hibernating,1,Core Growth
15609,2011-06-08 13:00:00,2011-06-08 13:00:00,1,298.48,148,16,184,1,298.48,148.0,1,1,1,3,Hibernating,2,Hibernating
15610,2011-10-19 10:36:00,2011-10-19 10:36:00,1,112.46000000000001,66,6,52,1,112.46000000000001,66.0,2,1,1,4,Hibernating,2,Hibernating
15611,2011-01-09 11:32:00,2011-11-30 12:36:00,13,1591.45,504,23,10,326,122.41923076923078,38.76923076923077,4,4,3,11,Loyal Customers,1,Core Growth
15612,2011-10-09 12:49:00,2011-11-03 14:52:00,2,195.15,52,4,36,26,97.575,26.0,3,2,1,6,Promising,2,Hibernating
15615,2010-12-15 16:21:00,2011-11-29 14:42:00,23,10399.74,5508,184,10,349,452.1626086956522,239.47826086956522,4,4,4,12,Champions,3,Champions
15618,2011-07-26 10:13:00,2011-11-07 08:34:00,4,776.851,454,39,33,104,194.21275,113.5,3,3,3,9,Hibernating,1,Core Growth
15619,2011-11-29 08:14:00,2011-11-29 08:14:00,1,336.40000000000003,136,3,11,1,336.40000000000003,136.0,4,1,2,7,Promising,1,Core Growth
15620,2010-12-16 14:34:00,2011-10-14 12:41:00,3,1553.18,915,92,57,302,517.7266666666667,305.0,2,3,3,8,At Risk,0,Big-Ticket Occasionals
15621,2011-11-18 11:49:00,2011-12-05 14:01:00,4,1293.03,501,11,4,18,323.2575,125.25,4,3,3,10,Hibernating,1,Core Growth
15622,2011-03-02 13:42:00,2011-10-27 16:44:00,9,3709.56,1674,169,43,240,412.17333333333335,186.0,3,4,4,11,Loyal Customers,3,Champions
15623,2011-07-21 17:26:00,2011-07-21 17:26:00,1,301.03,125,19,141,1,301.03,125.0,2,1,1,4,Hibernating,2,Hibernating
15624,2011-03-28 13:32:00,2011-08-15 11:38:00,4,588.13,357,26,117,140,147.0325,89.25,2,3,2,7,At Risk,1,Core Growth
15625,2011-04-18 14:01:00,2011-08-28 10:21:00,4,1534.26,1188,44,104,132,383.565,297.0,2,3,3,8,At Risk,0,Big-Ticket Occasionals
15626,2011-01-14 10:10:00,2011-09-26 10:03:00,2,675.8,766,49,75,255,337.9,383.0,2,2,3,7,At Risk,0,Big-Ticket Occasionals
15628,2010-12-08 09:51:00,2011-12-05 10:24:00,9,2870.2400000000002,1894,85,5,363,318.91555555555556,210.44444444444446,4,4,4,12,Champions,3,Champions
15630,2011-05-19 10:16:00,2011-10-25 15:36:00,2,1186.35,800,57,45,160,593.175,400.0,3,2,3,8,Promising,0,Big-Ticket Occasionals
15632,2011-03-10 08:29:00,2011-11-24 09:51:00,8,3285.31,2109,107,16,260,410.66375,263.625,4,4,4,12,Champions,3,Champions
15634,2011-11-22 16:28:00,2011-11-22 16:28:00,1,243.55,99,15,17,1,243.55,99.0,4,1,1,6,Promising,2,Hibernating
15636,2011-03-02 14:50:00,2011-09-11 11:17:00,2,724.76,284,20,90,193,362.38,142.0,2,2,3,7,At Risk,0,Big-Ticket Occasionals
15637,2011-10-18 08:28:00,2011-10-18 08:28:00,1,223.36,128,15,53,1,223.36,128.0,2,1,1,4,Hibernating,2,Hibernating
15639,2011-07-28 14:30:00,2011-07-28 14:30:00,1,425.32,323,25,134,1,425.32,323.0,2,1,2,5,Hibernating,0,Big-Ticket Occasionals
15640,2010-12-02 15:40:00,2011-12-05 14:35:00,15,12515.66,6607,240,4,368,834.3773333333334,440.46666666666664,4,4,4,12,Champions,3,Champions
15641,2010-12-15 14:45:00,2011-08-26 14:04:00,4,1887.2,1562,102,105,254,471.8,390.5,2,3,4,9,Big Spenders,0,Big-Ticket Occasionals
15643,2011-03-02 14:34:00,2011-06-01 07:38:00,3,664.0,246,31,192,91,221.33333333333334,82.0,1,3,2,6,At Risk,0,Big-Ticket Occasionals
15644,2011-03-23 15:37:00,2011-06-26 14:54:00,4,813.0,557,166,166,95,203.25,139.25,1,3,3,7,At Risk,0,Big-Ticket Occasionals
15645,2011-11-21 11:55:00,2011-11-21 11:55:00,1,612.01,256,50,19,1,612.01,256.0,3,1,2,6,Promising,0,Big-Ticket Occasionals
15646,2010-12-02 16:59:00,2011-07-05 09:53:00,3,447.64000000000004,394,35,158,215,149.21333333333334,131.33333333333334,1,3,2,6,At Risk,2,Hibernating
15648,2011-03-17 18:59:00,2011-05-19 15:53:00,2,657.35,221,23,204,63,328.675,110.5,1,2,2,5,Hibernating,0,Big-Ticket Occasionals
15649,2010-12-07 10:06:00,2011-01-07 13:34:00,2,816.0,192,1,336,32,408.0,96.0,1,2,3,6,At Risk,0,Big-Ticket Occasionals
15651,2011-03-24 08:56:00,2011-11-03 08:41:00,3,646.3,479,27,37,224,215.4333333333333,159.66666666666666,3,3,2,8,Hibernating,1,Core Growth
15652,2011-09-09 14:22:00,2011-09-09 14:22:00,1,337.74,208,21,91,1,337.74,208.0,2,1,2,5,Hibernating,0,Big-Ticket Occasionals
15653,2011-08-16 09:50:00,2011-09-08 10:49:00,2,877.4399999999999,1200,4,93,24,438.71999999999997,600.0,2,2,3,7,At Risk,0,Big-Ticket Occasionals
15654,2011-11-13 15:15:00,2011-11-30 13:08:00,2,922.53,475,15,9,17,461.265,237.5,4,2,3,9,Promising,1,Core Growth
15655,2011-04-10 15:25:00,2011-04-10 15:25:00,1,560.67,324,34,243,1,560.67,324.0,1,1,2,4,Hibernating,0,Big-Ticket Occasionals
15656,2011-02-28 15:32:00,2011-10-25 14:56:00,4,748.5,343,46,45,239,187.125,85.75,3,3,3,9,Hibernating,1,Core Growth
15657,2011-11-17 12:19:00,2011-11-17 12:19:00,1,30.0,24,1,23,1,30.0,24.0,3,1,1,5,Promising,2,Hibernating
15658,2010-12-02 10:53:00,2011-06-02 15:22:00,5,1024.1000000000001,242,40,190,183,204.82000000000002,48.4,1,4,3,8,At Risk,0,Big-Ticket Occasionals
15659,2011-10-27 09:23:00,2011-10-27 09:23:00,1,306.45,111,11,44,1,306.45,111.0,3,1,1,5,Promising,2,Hibernating
15660,2010-12-09 09:49:00,2011-11-14 16:58:00,9,1600.86,1050,55,25,341,177.87333333333333,116.66666666666667,3,4,3,10,Loyal Customers,1,Core Growth
15661,2011-01-05 12:32:00,2011-01-26 13:56:00,2,309.8,236,4,317,22,154.9,118.0,1,2,2,5,Hibernating,2,Hibernating
15663,2011-08-25 15:50:00,2011-08-25 15:50:00,1,138.14,106,9,106,1,138.14,106.0,2,1,1,4,Hibernating,2,Hibernating
15664,2011-10-20 10:57:00,2011-10-20 10:57:00,1,386.43,157,17,51,1,386.43,157.0,2,1,2,5,Hibernating,0,Big-Ticket Occasionals
15665,2011-04-10 15:09:00,2011-06-24 14:57:00,2,2242.01,1666,92,168,75,1121.005,833.0,1,2,4,7,At Risk,0,Big-Ticket Occasionals
15667,2011-10-31 10:56:00,2011-10-31 10:56:00,1,301.32,240,13,40,1,301.32,240.0,3,1,1,5,Promising,0,Big-Ticket Occasionals
15668,2011-05-06 10:39:00,2011-05-06 10:39:00,1,76.32000000000001,72,1,218,1,76.32000000000001,72.0,1,1,1,3,Hibernating,2,Hibernating
15669,2011-03-21 09:13:00,2011-10-30 16:03:00,4,684.34,342,31,40,224,171.085,85.5,3,3,3,9,Hibernating,1,Core Growth
15670,2011-02-16 10:50:00,2011-02-16 10:50:00,1,173.05,91,12,297,1,173.05,91.0,1,1,1,3,Hibernating,2,Hibernating
15671,2011-03-14 09:37:00,2011-11-21 12:43:00,7,2657.13,1699,52,19,253,379.59000000000003,242.71428571428572,3,4,4,11,Loyal Customers,3,Champions
15673,2011-01-16 16:25:00,2011-09-12 16:12:00,4,2881.02,1514,107,88,239,720.255,378.5,2,3,4,9,Big Spenders,0,Big-Ticket Occasionals
15674,2011-03-30 09:19:00,2011-09-27 15:17:00,5,2446.6,1275,88,73,182,489.32,255.0,2,4,4,10,Loyal Customers,3,Champions
15675,2011-03-04 14:21:00,2011-09-19 13:48:00,3,323.69,527,20,81,199,107.89666666666666,175.66666666666666,2,3,2,7,At Risk,1,Core Growth
15676,2011-03-01 10:19:00,2011-11-21 12:40:00,3,3435.76,2252,191,19,266,1145.2533333333333,750.6666666666666,3,3,4,10,Big Spenders,3,Champions
15677,2011-10-21 15:36:00,2011-10-21 15:36:00,1,657.23,319,33,49,1,657.23,319.0,3,1,2,6,Promising,0,Big-Ticket Occasionals
15678,2011-10-18 09:25:00,2011-10-18 09:25:00,1,352.7,184,12,53,1,352.7,184.0,2,1,2,5,Hibernating,0,Big-Ticket Occasionals
15679,2011-06-10 08:24:00,2011-11-15 16:19:00,4,781.28,1170,98,24,159,195.32,292.5,3,3,3,9,Hibernating,1,Core Growth
15680,2010-12-08 14:43:00,2011-11-30 13:46:00,3,1333.68,952,61,9,357,444.56,317.3333333333333,4,3,3,10,Hibernating,1,Core Growth
15681,2011-03-04 13:46:00,2011-11-14 16:30:00,5,1426.16,816,32,25,256,285.232,163.2,3,4,3,10,Loyal Customers,1,Core Growth
15683,2011-08-14 12:56:00,2011-08-14 12:56:00,1,193.75,131,10,117,1,193.75,131.0,2,1,1,4,Hibernating,2,Hibernating
15687,2011-01-13 15:13:00,2011-12-01 08:33:00,9,2993.1,1310,119,9,322,332.56666666666666,145.55555555555554,4,4,4,12,Champions,3,Champions
15689,2010-12-13 09:57:00,2011-08-12 09:37:00,2,254.1,84,8,120,242,127.05,42.0,2,2,1,5,Hibernating,2,Hibernating
15690,2011-08-31 11:40:00,2011-12-05 15:59:00,2,239.76,408,19,4,97,119.88,204.0,4,2,1,7,Promising,1,Core Growth
15691,2011-04-01 15:13:00,2011-04-01 15:13:00,1,136.8,72,2,252,1,136.8,72.0,1,1,1,3,Hibernating,2,Hibernating
15692,2011-11-11 14:12:00,2011-11-11 14:12:00,1,191.04,138,12,28,1,191.04,138.0,3,1,1,5,Promising,2,Hibernating
15694,2010-12-02 07:49:00,2011-12-09 09:44:00,14,6479.4,1677,42,1,373,462.8142857142857,119.78571428571429,4,4,4,12,Champions,3,Champions
15695,2011-03-18 08:31:00,2011-03-18 08:32:00,2,409.98,212,22,267,1,204.99,106.0,1,2,2,5,Hibernating,2,Hibernating
15696,2011-01-17 11:24:00,2011-11-06 14:02:00,8,2736.46,1028,140,33,294,342.0575,128.5,3,4,4,11,Loyal Customers,3,Champions
15699,2011-11-22 08:26:00,2011-11-22 08:26:00,1,309.65,113,18,18,1,309.65,113.0,3,1,2,6,Promising,1,Core Growth
15700,2011-06-19 15:36:00,2011-06-20 16:53:00,2,696.68,357,85,172,2,348.34,178.5,1,2,3,6,At Risk,0,Big-Ticket Occasionals
15701,2011-08-21 12:36:00,2011-12-07 14:39:00,4,1542.14,923,193,2,109,385.535,230.75,4,3,3,10,Hibernating,1,Core Growth
15703,2011-03-20 10:51:00,2011-03-20 10:51:00,1,211.5,66,5,265,1,211.5,66.0,1,1,1,3,Hibernating,2,Hibernating
15704,2011-05-08 12:42:00,2011-07-22 13:35:00,4,2293.62,1028,79,140,76,573.405,257.0,2,3,4,9,Big Spenders,0,Big-Ticket Occasionals
15705,2011-05-22 15:37:00,2011-05-22 15:37:00,1,143.1,62,6,201,1,143.1,62.0,1,1,1,3,Hibernating,2,Hibernating
15706,2011-08-15 14:32:00,2011-10-07 10:09:00,4,1060.56,321,50,64,53,265.14,80.25,2,3,3,8,At Risk,1,Core Growth
15707,2011-09-14 14:19:00,2011-11-04 14:35:00,4,945.58,605,126,35,52,236.395,151.25,3,3,3,9,Hibernating,1,Core Growth
15708,2010-12-05 11:12:00,2011-10-30 10:54:00,7,3364.2400000000002,1267,124,41,329,480.6057142857143,181.0,3,4,4,11,Loyal Customers,3,Champions
15709,2011-03-01 10:38:00,2011-03-01 10:38:00,1,133.25,121,6,284,1,133.25,121.0,1,1,1,3,Hibernating,2,Hibernating
15712,2011-02-25 11:32:00,2011-11-30 14:09:00,5,1072.3600000000001,486,41,9,279,214.47200000000004,97.2,4,4,3,11,Loyal Customers,1,Core Growth
15713,2010-12-08 15:16:00,2011-07-19 13:34:00,2,356.7,150,18,143,223,178.35,75.0,1,2,2,5,Hibernating,2,Hibernating
15714,2011-09-23 11:25:00,2011-11-28 11:26:00,2,330.88,187,34,12,67,165.44,93.5,4,2,2,8,Promising,1,Core Growth
15716,2010-12-05 12:26:00,2011-07-17 11:59:00,4,1118.81,744,101,146,224,279.7025,186.0,1,3,3,7,At Risk,0,Big-Ticket Occasionals
15717,2011-04-19 13:21:00,2011-04-19 13:21:00,1,150.3,70,7,234,1,150.3,70.0,1,1,1,3,Hibernating,2,Hibernating
15719,2011-01-06 12:31:00,2011-11-07 12:29:00,13,5045.61,2725,299,33,305,388.1238461538461,209.6153846153846,3,4,4,11,Loyal Customers,3,Champions
15720,2011-11-15 14:48:00,2011-11-15 14:48:00,1,598.73,281,128,24,1,598.73,281.0,3,1,2,6,Promising,0,Big-Ticket Occasionals
15721,2011-11-28 12:14:00,2011-11-28 12:14:00,1,507.08,409,80,12,1,507.08,409.0,4,1,2,7,Promising,1,Core Growth
15722,2011-02-22 12:24:00,2011-11-04 11:43:00,5,2222.56,1026,45,36,255,444.512,205.2,3,4,4,11,Loyal Customers,3,Champions
15723,2010-12-10 11:12:00,2010-12-10 11:12:00,1,203.1,87,37,365,1,203.1,87.0,1,1,1,3,Hibernating,2,Hibernating
15724,2011-02-28 10:40:00,2011-05-22 14:40:00,2,218.25,73,11,201,84,109.125,36.5,1,2,1,4,Hibernating,2,Hibernating
15725,2011-11-24 14:51:00,2011-11-24 14:51:00,1,415.25,221,32,15,1,415.25,221.0,4,1,2,7,Promising,1,Core Growth
15727,2010-12-15 15:47:00,2011-11-23 12:36:00,7,5178.96,3065,213,17,343,739.8514285714285,437.85714285714283,4,4,4,12,Champions,3,Champions
15729,2011-05-11 12:36:00,2011-05-11 12:36:00,1,85.0,28,5,213,1,85.0,28.0,1,1,1,3,Hibernating,2,Hibernating
15730,2011-05-17 12:43:00,2011-10-05 12:31:00,3,1120.88,689,68,66,141,373.6266666666667,229.66666666666666,2,3,3,8,At Risk,0,Big-Ticket Occasionals
15732,2010-12-02 15:00:00,2011-05-11 14:24:00,2,294.12,215,13,212,160,147.06,107.5,1,2,1,4,Hibernating,2,Hibernating
15733,2011-03-02 09:05:00,2011-03-02 09:05:00,1,162.3,62,10,283,1,162.3,62.0,1,1,1,3,Hibernating,2,Hibernating
15734,2011-05-23 14:59:00,2011-08-17 10:50:00,2,1339.45,346,25,115,86,669.725,173.0,2,2,3,7,At Risk,0,Big-Ticket Occasionals
15737,2011-04-11 10:01:00,2011-11-25 11:21:00,8,1205.1200000000001,599,60,15,229,150.64000000000001,74.875,4,4,3,11,Loyal Customers,1,Core Growth
15738,2010-12-02 12:50:00,2011-11-21 08:26:00,16,4812.42,2982,46,19,354,300.77625,186.375,3,4,4,11,Loyal Customers,3,Champions
15739,2011-10-04 13:42:00,2011-10-04 13:42:00,1,449.12,472,8,66,1,449.12,472.0,2,1,2,5,Hibernating,0,Big-Ticket Occasionals
15740,2011-10-21 14:29:00,2011-10-21 14:29:00,1,154.88,152,9,49,1,154.88,152.0,3,1,1,5,Promising,2,Hibernating
15743,2011-06-08 10:14:00,2011-11-23 17:19:00,4,784.46,216,59,16,169,196.115,54.0,4,3,3,10,Hibernating,1,Core Growth
15744,2011-09-23 09:52:00,2011-09-23 09:52:00,1,34.8,120,3,78,1,34.8,120.0,2,1,1,4,Hibernating,2,Hibernating
15745,2011-04-17 13:04:00,2011-11-20 13:45:00,4,1094.59,421,57,19,218,273.6475,105.25,3,3,3,9,Hibernating,1,Core Growth
15746,2011-07-28 15:21:00,2011-07-28 15:21:00,1,196.88,178,28,134,1,196.88,178.0,2,1,1,4,Hibernating,2,Hibernating
15747,2011-06-20 11:30:00,2011-11-27 12:26:00,3,974.04,480,52,13,161,324.68,160.0,4,3,3,10,Hibernating,1,Core Growth
15748,2011-10-30 12:51:00,2011-10-30 12:51:00,1,149.31,51,19,40,1,149.31,51.0,3,1,1,5,Promising,2,Hibernating
15749,2011-01-11 12:55:00,2011-04-18 13:20:00,3,44534.3,18028,5,235,98,14844.766666666668,6009.333333333333,1,3,4,8,At Risk,3,Champions
15750,2010-12-08 10:36:00,2011-12-07 12:34:00,8,2465.48,1786,214,3,365,308.185,223.25,4,4,4,12,Champions,3,Champions
15752,2010-12-02 09:43:00,2011-10-31 11:37:00,7,2637.38,1978,236,40,334,376.7685714285714,282.57142857142856,3,4,4,11,Loyal Customers,3,Champions
15753,2011-02-08 12:41:00,2011-02-08 12:41:00,1,79.2,144,1,305,1,79.2,144.0,1,1,1,3,Hibernating,2,Hibernating
15754,2011-04-07 12:24:00,2011-10-19 14:40:00,3,458.57,199,24,51,196,152.85666666666665,66.33333333333333,2,3,2,7,At Risk,1,Core Growth
15755,2011-02-18 11:53:00,2011-11-29 14:57:00,6,2364.25,1427,127,10,285,394.0416666666667,237.83333333333334,4,4,4,12,Champions,3,Champions
15756,2011-04-04 14:00:00,2011-10-09 13:30:00,4,532.96,242,160,61,188,133.24,60.5,2,3,2,7,At Risk,1,Core Growth
15757,2011-05-06 11:40:00,2011-10-05 12:14:00,2,714.42,491,43,66,153,357.21,245.5,2,2,3,7,At Risk,0,Big-Ticket Occasionals
15758,2011-11-15 10:48:00,2011-11-15 10:48:00,1,205.25,47,9,25,1,205.25,47.0,3,1,1,5,Promising,2,Hibernating
15759,2010-12-16 15:29:00,2011-05-05 15:13:00,3,253.04,60,5,218,140,84.34666666666666,20.0,1,3,1,5,At Risk,2,Hibernating
15762,2011-09-23 15:17:00,2011-10-05 16:15:00,2,583.75,251,37,65,13,291.875,125.5,2,2,2,6,Hibernating,0,Big-Ticket Occasionals
15763,2011-09-23 12:10:00,2011-11-08 09:44:00,2,1086.92,271,58,32,46,543.46,135.5,3,2,3,8,Promising,0,Big-Ticket Occasionals
15764,2011-03-08 09:23:00,2011-09-12 17:58:00,6,3279.97,2050,150,88,189,546.6616666666666,341.6666666666667,2,4,4,10,Loyal Customers,3,Champions
15766,2011-10-06 17:03:00,2011-10-06 17:03:00,1,315.06,170,11,64,1,315.06,170.0,2,1,2,5,Hibernating,0,Big-Ticket Occasionals
15768,2011-04-28 09:20:00,2011-08-16 10:48:00,3,621.8299999999999,244,23,116,111,207.27666666666664,81.33333333333333,2,3,2,7,At Risk,0,Big-Ticket Occasionals
15769,2010-12-03 15:16:00,2011-12-02 13:52:00,26,56252.72,29672,26,7,364,2163.566153846154,1141.2307692307693,4,4,4,12,Champions,3,Champions
15773,2011-12-04 12:48:00,2011-12-04 12:48:00,1,635.6800000000001,311,10,6,1,635.6800000000001,311.0,4,1,2,7,Promising,1,Core Growth
15774,2011-10-02 12:04:00,2011-10-02 12:04:00,1,270.8,87,25,69,1,270.8,87.0,2,1,1,4,Hibernating,2,Hibernating
15775,2011-04-08 12:56:00,2011-04-08 12:56:00,1,104.9,68,7,245,1,104.9,68.0,1,1,1,3,Hibernating,2,Hibernating
15776,2011-07-29 13:46:00,2011-07-29 13:46:00,1,241.62,138,18,133,1,241.62,138.0,2,1,1,4,Hibernating,2,Hibernating
15777,2010-12-13 16:38:00,2011-04-12 16:43:00,4,1047.11,378,18,241,121,261.7775,94.5,1,3,3,7,At Risk,0,Big-Ticket Occasionals
15780,2010-12-17 11:43:00,2011-06-09 12:01:00,3,475.28000000000003,220,26,184,175,158.42666666666668,73.33333333333333,1,3,2,6,At Risk,2,Hibernating
15781,2011-02-07 09:15:00,2011-11-14 14:57:00,3,345.46,180,20,25,281,115.15333333333332,60.0,3,3,2,8,Hibernating,1,Core Growth
15782,2011-09-11 14:29:00,2011-11-30 10:49:00,3,2614.7400000000002,864,34,10,80,871.58,288.0,4,3,4,11,Big Spenders,3,Champions
15783,2011-11-29 09:50:00,2011-11-29 09:50:00,1,246.3,212,14,11,1,246.3,212.0,4,1,1,6,Promising,1,Core Growth
15785,2011-02-17 14:17:00,2011-11-07 11:33:00,5,2328.9700000000003,1612,58,33,263,465.79400000000004,322.4,3,4,4,11,Loyal Customers,3,Champions
15786,2011-08-17 13:33:00,2011-10-24 14:13:00,3,4932.2,3364,257,46,69,1644.0666666666666,1121.3333333333333,3,3,4,10,Big Spenders,3,Champions
15787,2011-10-09 13:11:00,2011-11-13 14:55:00,3,948.05,540,156,26,36,316.01666666666665,180.0,3,3,3,9,Hibernating,1,Core Growth
15789,2010-12-16 14:35:00,2010-12-16 14:35:00,1,351.3,438,25,358,1,351.3,438.0,1,1,2,4,Hibernating,0,Big-Ticket Occasionals
15790,2011-11-29 14:53:00,2011-11-29 14:53:00,1,220.85,114,34,10,1,220.85,114.0,4,1,1,6,Promising,1,Core Growth
15791,2011-05-19 15:15:00,2011-10-27 10:14:00,2,1612.69,731,66,44,161,806.345,365.5,3,2,3,8,Promising,0,Big-Ticket Occasionals
15793,2011-03-16 10:45:00,2011-11-25 09:31:00,3,965.61,553,6,15,254,321.87,184.33333333333334,4,3,3,10,Hibernating,1,Core Growth
15795,2011-07-13 10:43:00,2011-07-13 10:43:00,1,610.01,581,42,150,1,610.01,581.0,1,1,2,4,Hibernating,0,Big-Ticket Occasionals
15796,2011-02-10 15:40:00,2011-12-08 19:55:00,8,2711.56,861,70,1,302,338.945,107.625,4,4,4,12,Champions,3,Champions
15797,2011-01-24 15:47:00,2011-08-18 17:04:00,4,2207.4,873,8,113,207,551.85,218.25,2,3,4,9,Big Spenders,0,Big-Ticket Occasionals
15799,2011-01-09 15:13:00,2011-09-25 12:46:00,3,884.14,955,94,76,259,294.7133333333333,318.3333333333333,2,3,3,8,At Risk,0,Big-Ticket Occasionals
15800,2011-04-07 12:39:00,2011-08-24 14:23:00,2,699.08,335,116,107,140,349.54,167.5,2,2,3,7,At Risk,0,Big-Ticket Occasionals
15801,2011-08-22 09:53:00,2011-10-24 13:52:00,3,1063.95,570,61,46,64,354.65000000000003,190.0,3,3,3,9,Hibernating,1,Core Growth
15802,2011-07-20 11:38:00,2011-07-20 11:38:00,1,451.42,1,1,143,1,451.42,1.0,1,1,2,4,Hibernating,2,Hibernating
15803,2011-10-19 14:56:00,2011-10-19 14:56:00,1,415.82000000000005,290,8,51,1,415.82000000000005,290.0,2,1,2,5,Hibernating,0,Big-Ticket Occasionals
15804,2011-05-25 10:12:00,2011-12-09 12:31:00,13,4206.39,2565,170,1,199,323.5684615384616,197.30769230769232,4,4,4,12,Champions,3,Champions
15805,2010-12-10 09:33:00,2011-11-16 16:32:00,17,5528.4800000000005,3387,220,23,342,325.204705882353,199.23529411764707,3,4,4,11,Loyal Customers,3,Champions
15806,2011-03-08 09:24:00,2011-10-24 14:35:00,3,784.58,602,24,46,231,261.5266666666667,200.66666666666666,3,3,3,9,Hibernating,1,Core Growth
15807,2011-09-23 14:43:00,2011-10-20 14:10:00,3,903.9,430,48,50,27,301.3,143.33333333333334,3,3,3,9,Hibernating,1,Core Growth
15808,2010-12-05 13:05:00,2011-02-06 14:33:00,4,3734.9700000000003,1343,142,306,64,933.7425000000001,335.75,1,3,4,8,At Risk,0,Big-Ticket Occasionals
15809,2011-02-10 11:16:00,2011-11-03 16:40:00,5,515.77,301,31,36,267,103.154,60.2,3,4,2,9,Hibernating,1,Core Growth
15810,2011-02-16 09:11:00,2011-09-22 09:38:00,4,1391.98,861,66,79,219,347.995,215.25,2,3,3,8,At Risk,0,Big-Ticket Occasionals
15811,2010-12-09 15:29:00,2011-11-17 15:31:00,6,2218.62,1071,117,22,344,369.77,178.5,3,4,4,11,Loyal Customers,3,Champions
15812,2011-01-26 12:12:00,2011-08-24 14:19:00,5,1801.14,922,36,107,211,360.228,184.4,2,4,4,10,Loyal Customers,0,Big-Ticket Occasionals
15813,2011-04-14 09:09:00,2011-05-16 08:13:00,2,1303.9099999999999,603,40,208,32,651.9549999999999,301.5,1,2,3,6,At Risk,0,Big-Ticket Occasionals
15814,2011-10-20 09:04:00,2011-11-23 08:17:00,4,1945.33,1271,63,17,34,486.3325,317.75,4,3,4,11,Big Spenders,3,Champions
15815,2011-03-25 08:43:00,2011-10-07 12:42:00,5,2100.6,1856,33,64,197,420.12,371.2,2,4,4,10,Loyal Customers,3,Champions
15819,2011-03-08 09:45:00,2011-10-21 14:50:00,4,1905.45,1357,96,49,228,476.3625,339.25,3,3,4,10,Big Spenders,1,Core Growth
15820,2011-01-24 12:00:00,2011-01-24 12:00:00,1,206.98,128,17,320,1,206.98,128.0,1,1,1,3,Hibernating,2,Hibernating
15821,2011-10-09 13:28:00,2011-10-26 15:48:00,2,570.96,202,57,44,18,285.48,101.0,3,2,2,7,Promising,1,Core Growth
15822,2010-12-15 13:38:00,2011-12-06 14:50:00,2,885.47,375,28,3,357,442.735,187.5,4,2,3,9,Promising,1,Core Growth
15823,2010-12-02 15:08:00,2010-12-02 15:08:00,1,15.0,1,1,372,1,15.0,1.0,1,1,1,3,Hibernating,2,Hibernating
15825,2011-06-20 13:27:00,2011-06-20 13:27:00,1,532.94,220,20,172,1,532.94,220.0,1,1,2,4,Hibernating,0,Big-Ticket Occasionals
15826,2011-05-13 10:44:00,2011-10-14 16:05:00,3,1654.31,963,64,56,155,551.4366666666666,321.0,2,3,3,8,At Risk,0,Big-Ticket Occasionals
15827,2010-12-02 13:06:00,2011-09-27 15:35:00,14,1836.0900000000001,882,72,73,300,131.14928571428572,63.0,2,4,4,10,Loyal Customers,1,Core Growth
15829,2011-07-22 10:23:00,2011-09-01 16:45:00,2,636.14,996,44,99,42,318.07,498.0,2,2,2,6,Hibernating,0,Big-Ticket Occasionals
15830,2011-11-02 10:40:00,2011-11-02 10:40:00,1,576.0,415,39,38,1,576.0,415.0,3,1,2,6,Promising,0,Big-Ticket Occasionals
15831,2011-01-19 14:52:00,2011-10-12 13:14:00,3,801.76,1105,63,58,266,267.25333333333333,368.3333333333333,2,3,3,8,At Risk,1,Core Growth
15832,2011-03-30 15:29:00,2011-03-30 15:29:00,1,836.79,465,54,254,1,836.79,465.0,1,1,3,5,At Risk,0,Big-Ticket Occasionals
15834,2011-03-07 17:52:00,2011-09-30 14:41:00,4,2233.75,965,242,70,207,558.4375,241.25,2,3,4,9,Big Spenders,0,Big-Ticket Occasionals
15835,2011-01-13 10:35:00,2011-10-26 15:47:00,4,954.09,439,47,44,287,238.5225,109.75,3,3,3,9,Hibernating,1,Core Growth
15836,2011-10-20 17:13:00,2011-10-20 17:13:00,1,137.37,26,10,50,1,137.37,26.0,3,1,1,5,Promising,2,Hibernating
15837,2011-10-06 09:01:00,2011-10-06 09:01:00,1,391.98,189,24,65,1,391.98,189.0,2,1,2,5,Hibernating,0,Big-Ticket Occasionals
15838,2010-12-07 11:26:00,2011-11-28 14:00:00,19,33643.08,18368,54,11,357,1770.6884210526316,966.7368421052631,4,4,4,12,Champions,3,Champions
15839,2011-07-14 16:35:00,2011-11-06 13:54:00,3,1048.49,675,56,33,115,349.49666666666667,225.0,3,3,3,9,Hibernating,1,Core Growth
15840,2011-06-20 11:42:00,2011-10-12 09:08:00,2,355.56,396,26,59,114,177.78,198.0,2,2,2,6,Hibernating,1,Core Growth
15841,2011-01-05 11:25:00,2011-09-28 12:15:00,4,1224.06,942,36,73,267,306.015,235.5,2,3,3,8,At Risk,1,Core Growth
15843,2011-02-09 10:19:00,2011-02-09 10:19:00,1,118.95000000000002,27,8,304,1,118.95000000000002,27.0,1,1,1,3,Hibernating,2,Hibernating
15844,2011-10-24 15:19:00,2011-10-24 15:19:00,1,130.73999999999998,134,11,46,1,130.73999999999998,134.0,3,1,1,5,Promising,2,Hibernating
15845,2011-01-06 17:19:00,2011-11-22 09:42:00,8,3711.77,1926,97,18,320,463.97125,240.75,3,4,4,11,Loyal Customers,3,Champions
15847,2011-02-24 16:46:00,2011-11-01 14:41:00,2,389.27,449,22,38,250,194.635,224.5,3,2,2,7,Promising,1,Core Growth
15850,2011-06-24 14:16:00,2011-11-20 14:14:00,2,238.85,302,87,19,149,119.425,151.0,3,2,1,6,Promising,1,Core Growth
15852,2011-05-26 13:26:00,2011-06-06 11:22:00,2,160.71,48,22,187,11,80.355,24.0,1,2,1,4,Hibernating,2,Hibernating
15853,2011-10-19 10:38:00,2011-10-19 10:38:00,1,110.8,135,29,52,1,110.8,135.0,2,1,1,4,Hibernating,2,Hibernating
15854,2010-12-13 11:47:00,2011-12-05 13:39:00,12,2974.65,939,105,4,358,247.88750000000002,78.25,4,4,4,12,Champions,3,Champions
15855,2011-03-21 12:32:00,2011-07-26 10:20:00,5,712.24,470,59,137,127,142.448,94.0,2,4,3,9,Loyal Customers,1,Core Growth
15856,2010-12-09 13:34:00,2011-12-05 17:09:00,27,16387.57,11005,295,4,362,606.947037037037,407.5925925925926,4,4,4,12,Champions,3,Champions
15857,2011-11-21 12:18:00,2011-11-21 12:18:00,1,297.0,308,14,19,1,297.0,308.0,3,1,1,5,Promising,1,Core Growth
15858,2010-12-07 14:31:00,2011-11-24 12:48:00,5,1438.85,1167,145,16,352,287.77,233.4,4,4,3,11,Loyal Customers,1,Core Growth
15860,2010-12-06 11:38:00,2011-10-30 11:25:00,8,977.21,440,105,41,328,122.15125,55.0,3,4,3,10,Loyal Customers,1,Core Growth
15861,2011-03-17 20:12:00,2011-11-27 15:59:00,8,3165.36,2544,339,12,255,395.67,318.0,4,4,4,12,Champions,3,Champions
15862,2010-12-01 11:21:00,2011-12-01 13:28:00,4,832.88,585,142,8,366,208.22,146.25,4,3,3,10,Hibernating,1,Core Growth
15863,2011-05-31 11:36:00,2011-11-14 12:49:00,2,68.84,19,18,26,168,34.42,9.5,3,2,1,6,Promising,2,Hibernating
15864,2011-01-27 16:43:00,2011-11-17 13:32:00,6,1936.3200000000002,1192,16,22,294,322.72,198.66666666666666,3,4,4,11,Loyal Customers,3,Champions
15865,2011-05-10 11:44:00,2011-10-30 12:43:00,3,895.13,368,37,41,174,298.37666666666667,122.66666666666667,3,3,3,9,Hibernating,1,Core Growth
15866,2011-08-30 14:09:00,2011-08-30 14:09:00,1,230.53,126,43,101,1,230.53,126.0,2,1,1,4,Hibernating,2,Hibernating
15867,2010-12-05 14:17:00,2011-12-04 13:32:00,15,3812.64,2054,302,5,364,254.176,136.93333333333334,4,4,4,12,Champions,3,Champions
15869,2011-03-07 17:19:00,2011-03-07 17:23:00,2,149.64,175,13,277,1,74.82,87.5,1,2,1,4,Hibernating,2,Hibernating
15870,2011-11-07 10:58:00,2011-11-07 10:58:00,1,354.09000000000003,335,68,33,1,354.09000000000003,335.0,3,1,2,6,Promising,0,Big-Ticket Occasionals
15872,2011-11-25 11:54:00,2011-11-25 11:55:00,2,360.93,212,101,15,1,180.465,106.0,4,2,2,8,Promising,1,Core Growth
15874,2011-02-28 13:28:00,2011-10-07 12:31:00,7,4405.88,2534,110,64,221,629.4114285714286,362.0,2,4,4,10,Loyal Customers,3,Champions
15877,2011-11-22 11:18:00,2011-12-08 11:53:00,2,493.28,371,122,2,17,246.64,185.5,4,2,2,8,Promising,1,Core Growth
15880,2010-12-05 13:00:00,2010-12-05 13:00:00,1,343.28000000000003,211,95,369,1,343.28000000000003,211.0,1,1,2,4,Hibernating,0,Big-Ticket Occasionals
15881,2010-12-10 13:32:00,2011-01-31 16:59:00,5,501.39000000000004,260,26,312,53,100.278,52.0,1,4,2,7,At Risk,2,Hibernating
15882,2010-12-06 13:01:00,2011-05-25 11:35:00,4,516.36,276,23,199,170,129.09,69.0,1,3,2,6,At Risk,2,Hibernating
15883,2011-11-06 14:50:00,2011-12-07 17:05:00,2,396.48,223,42,2,32,198.24,111.5,4,2,2,8,Promising,1,Core Growth
15885,2011-02-03 15:28:00,2011-09-08 10:43:00,3,379.35,111,18,93,217,126.45,37.0,2,3,2,7,At Risk,2,Hibernating
15886,2011-10-10 14:25:00,2011-10-10 14:25:00,1,181.09,147,12,60,1,181.09,147.0,2,1,1,4,Hibernating,2,Hibernating
15888,2011-09-20 12:30:00,2011-09-20 12:30:00,1,168.31,76,11,81,1,168.31,76.0,2,1,1,4,Hibernating,2,Hibernating
15889,2010-12-05 15:12:00,2011-07-06 11:10:00,2,446.87,215,79,157,213,223.435,107.5,1,2,2,5,Hibernating,0,Big-Ticket Occasionals
15891,2011-04-27 12:35:00,2011-04-27 12:35:00,1,524.52,442,60,227,1,524.52,442.0,1,1,2,4,Hibernating,0,Big-Ticket Occasionals
15894,2010-12-05 14:06:00,2011-03-31 13:50:00,2,263.55,168,35,253,116,131.775,84.0,1,2,1,4,Hibernating,2,Hibernating
15895,2011-07-13 10:27:00,2011-07-13 10:27:00,1,179.17,94,11,150,1,179.17,94.0,1,1,1,3,Hibernating,2,Hibernating
15897,2011-05-29 13:32:00,2011-05-29 13:50:00,2,222.05,261,17,194,1,111.025,130.5,1,2,1,4,Hibernating,2,Hibernating
15898,2010-12-06 11:01:00,2011-12-08 15:23:00,5,1388.88,570,70,1,368,277.776,114.0,4,4,3,11,Loyal Customers,1,Core Growth
15899,2010-12-06 10:36:00,2010-12-06 10:36:00,1,56.25,39,4,369,1,56.25,39.0,1,1,1,3,Hibernating,2,Hibernating
15900,2011-11-16 12:19:00,2011-11-16 12:19:00,1,351.11,221,44,24,1,351.11,221.0,3,1,2,6,Promising,0,Big-Ticket Occasionals
15901,2011-07-08 12:18:00,2011-11-23 12:43:00,3,363.88,384,102,17,139,121.29333333333334,128.0,4,3,2,9,Hibernating,1,Core Growth
15903,2011-02-17 14:04:00,2011-11-30 08:08:00,7,5126.76,2410,46,10,286,732.3942857142857,344.2857142857143,4,4,4,12,Champions,3,Champions
15904,2011-12-01 14:50:00,2011-12-01 14:50:00,1,164.68,84,30,8,1,164.68,84.0,4,1,1,6,Promising,2,Hibernating
15906,2011-03-29 13:28:00,2011-11-20 12:24:00,7,1567.69,544,113,20,236,223.9557142857143,77.71428571428571,3,4,3,10,Loyal Customers,1,Core Growth
15907,2011-05-13 13:01:00,2011-12-06 12:21:00,3,967.45,509,175,4,207,322.48333333333335,169.66666666666666,4,3,3,10,Hibernating,1,Core Growth
15909,2011-06-19 10:38:00,2011-06-19 10:38:00,1,191.94,98,7,174,1,191.94,98.0,1,1,1,3,Hibernating,2,Hibernating
15910,2011-01-27 11:55:00,2011-12-09 10:51:00,8,1232.18,1015,215,1,316,154.0225,126.875,4,4,3,11,Loyal Customers,1,Core Growth
15912,2011-04-20 17:10:00,2011-06-14 14:29:00,2,264.62,185,19,178,55,132.31,92.5,1,2,1,4,Hibernating,2,Hibernating
15916,2010-12-08 13:07:00,2011-11-23 13:46:00,8,1528.09,757,124,16,351,191.01125,94.625,4,4,3,11,Loyal Customers,1,Core Growth
15917,2011-04-06 10:40:00,2011-04-06 10:40:00,1,123.1,42,12,248,1,123.1,42.0,1,1,1,3,Hibernating,2,Hibernating
15918,2011-03-13 15:55:00,2011-06-02 11:42:00,2,334.23,153,33,191,81,167.115,76.5,1,2,2,5,Hibernating,2,Hibernating
15919,2010-12-06 11:26:00,2011-11-20 11:28:00,2,639.89,545,103,20,350,319.945,272.5,3,2,2,7,Promising,1,Core Growth
15920,2011-07-08 15:16:00,2011-07-08 15:31:00,4,167.5,99,53,154,1,41.875,24.75,1,3,1,5,At Risk,2,Hibernating
15921,2011-06-20 11:03:00,2011-06-20 11:03:00,1,336.03000000000003,166,24,173,1,336.03000000000003,166.0,1,1,2,4,Hibernating,0,Big-Ticket Occasionals
15922,2010-12-01 13:51:00,2010-12-01 13:51:00,1,369.5,138,11,373,1,369.5,138.0,1,1,2,4,Hibernating,0,Big-Ticket Occasionals
15923,2010-12-02 12:16:00,2010-12-02 12:16:00,1,127.08,122,21,373,1,127.08,122.0,1,1,1,3,Hibernating,2,Hibernating
15925,2011-05-29 15:35:00,2011-05-29 15:35:00,1,207.15,93,12,194,1,207.15,93.0,1,1,1,3,Hibernating,2,Hibernating
15930,2011-10-03 14:52:00,2011-10-03 14:52:00,1,426.63,139,21,67,1,426.63,139.0,2,1,2,5,Hibernating,0,Big-Ticket Occasionals
15932,2011-02-23 14:50:00,2011-12-05 17:13:00,8,2495.87,2325,93,4,286,311.98375,290.625,4,4,4,12,Champions,3,Champions
15933,2011-09-14 12:05:00,2011-11-18 13:14:00,3,1107.46,885,63,21,66,369.15333333333336,295.0,3,3,3,9,Hibernating,1,Core Growth
15935,2011-04-12 09:35:00,2011-04-14 13:27:00,2,416.86,115,12,239,3,208.43,57.5,1,2,2,5,Hibernating,2,Hibernating
15937,2011-10-06 15:48:00,2011-10-06 15:48:00,1,145.35,73,7,64,1,145.35,73.0,2,1,1,4,Hibernating,2,Hibernating
15938,2011-01-20 10:11:00,2011-08-19 12:56:00,5,404.58,240,13,112,212,80.916,48.0,2,4,2,8,At Risk,2,Hibernating
15939,2011-01-12 12:43:00,2011-09-11 11:30:00,15,6115.01,4728,28,90,242,407.6673333333334,315.2,2,4,4,10,Loyal Customers,3,Champions
15940,2011-02-01 16:18:00,2011-02-01 16:18:00,1,35.8,4,1,311,1,35.8,4.0,1,1,1,3,Hibernating,2,Hibernating
15942,2011-07-29 09:01:00,2011-07-29 09:01:00,1,337.44,232,14,134,1,337.44,232.0,2,1,2,5,Hibernating,0,Big-Ticket Occasionals
15944,2011-03-08 10:33:00,2011-03-08 10:33:00,1,325.1,50,6,277,1,325.1,50.0,1,1,2,4,Hibernating,2,Hibernating
15945,2010-12-09 13:14:00,2010-12-09 13:14:00,1,181.0,52,2,365,1,181.0,52.0,1,1,1,3,Hibernating,2,Hibernating
15947,2011-09-18 10:46:00,2011-09-18 10:46:00,1,1708.24,898,29,83,1,1708.24,898.0,2,1,4,7,Big Spenders,0,Big-Ticket Occasionals
15948,2011-10-27 08:35:00,2011-12-01 15:32:00,2,955.24,567,51,8,36,477.62,283.5,4,2,3,9,Promising,1,Core Growth
15949,2011-09-29 17:34:00,2011-11-23 09:09:00,2,364.72,284,12,17,55,182.36,142.0,4,2,2,8,Promising,1,Core Growth
15950,2010-12-15 11:56:00,2011-11-08 11:09:00,4,1765.51,729,86,32,328,441.3775,182.25,3,3,4,10,Big Spenders,1,Core Growth
15951,2011-02-27 11:57:00,2011-12-01 08:34:00,2,708.22,313,36,9,277,354.11,156.5,4,2,3,9,Promising,1,Core Growth
15952,2011-04-28 12:55:00,2011-11-06 11:18:00,4,806.57,399,65,34,192,201.6425,99.75,3,3,3,9,Hibernating,1,Core Growth
15953,2010-12-05 15:15:00,2011-11-24 15:32:00,8,1659.3799999999999,892,63,15,355,207.42249999999999,111.5,4,4,3,11,Loyal Customers,1,Core Growth
15955,2010-12-02 11:22:00,2011-11-15 14:15:00,14,4416.26,2135,137,24,349,315.44714285714286,152.5,3,4,4,11,Loyal Customers,3,Champions
15957,2011-11-08 12:14:00,2011-11-08 12:14:00,1,428.89,211,40,32,1,428.89,211.0,3,1,2,6,Promising,0,Big-Ticket Occasionals
15958,2011-09-26 13:41:00,2011-09-26 13:41:00,1,104.35,33,7,74,1,104.35,33.0,2,1,1,4,Hibernating,2,Hibernating
15963,2011-10-25 13:05:00,2011-11-20 11:33:00,2,470.76,298,26,20,26,235.38,149.0,3,2,2,7,Promising,1,Core Growth
15965,2010-12-07 13:18:00,2011-11-22 16:44:00,4,845.64,453,88,17,351,211.41,113.25,4,3,3,10,Hibernating,1,Core Growth
15967,2011-01-25 11:57:00,2011-11-16 15:41:00,2,418.83,211,73,23,296,209.415,105.5,3,2,2,7,Promising,1,Core Growth
15969,2011-06-07 12:19:00,2011-12-07 11:06:00,3,666.1,124,20,3,183,222.03333333333333,41.333333333333336,4,3,2,9,Hibernating,1,Core Growth
15970,2011-02-09 12:08:00,2011-02-09 12:08:00,1,314.1,116,11,304,1,314.1,116.0,1,1,2,4,Hibernating,2,Hibernating
15971,2011-02-01 16:47:00,2011-11-22 12:50:00,12,4199.85,1717,10,18,294,349.9875,143.08333333333334,3,4,4,11,Loyal Customers,3,Champions
15973,2010-12-08 11:42:00,2010-12-08 11:42:00,1,307.82000000000005,106,4,367,1,307.82000000000005,106.0,1,1,2,4,Hibernating,2,Hibernating
15974,2011-02-24 10:10:00,2011-10-31 13:13:00,7,3442.15,2262,141,39,250,491.7357142857143,323.14285714285717,3,4,4,11,Loyal Customers,3,Champions
15975,2011-09-16 13:33:00,2011-09-16 13:33:00,1,371.01,243,24,84,1,371.01,243.0,2,1,2,5,Hibernating,0,Big-Ticket Occasionals
15976,2011-05-03 17:12:00,2011-06-27 13:00:00,2,430.94,277,83,165,55,215.47,138.5,1,2,2,5,Hibernating,0,Big-Ticket Occasionals
15977,2011-10-31 16:24:00,2011-11-22 13:29:00,2,1054.73,1016,48,17,22,527.365,508.0,4,2,3,9,Promising,1,Core Growth
15978,2011-09-23 15:21:00,2011-09-23 15:21:00,1,1098.78,888,49,77,1,1098.78,888.0,2,1,3,6,At Risk,0,Big-Ticket Occasionals
15980,2011-03-30 15:05:00,2011-09-12 09:41:00,3,2398.86,1560,40,89,166,799.62,520.0,2,3,4,9,Big Spenders,0,Big-Ticket Occasionals
15981,2011-02-01 13:50:00,2011-11-15 08:00:00,8,3408.48,1866,53,25,287,426.06,233.25,3,4,4,11,Loyal Customers,3,Champions
15983,2010-12-01 12:15:00,2011-11-17 17:34:00,4,1475.02,892,82,22,352,368.755,223.0,3,3,3,9,Hibernating,1,Core Growth
15984,2010-12-06 13:21:00,2011-12-07 12:16:00,10,2837.67,1843,217,3,366,283.767,184.3,4,4,4,12,Champions,3,Champions
15985,2011-04-17 11:04:00,2011-08-08 16:31:00,2,1142.42,1086,29,123,114,571.21,543.0,2,2,3,7,At Risk,0,Big-Ticket Occasionals
15986,2011-11-09 15:17:00,2011-11-09 15:17:00,1,168.12,268,14,30,1,168.12,268.0,3,1,1,5,Promising,2,Hibernating
15987,2010-12-06 08:34:00,2011-11-27 15:38:00,7,1451.28,1556,110,12,357,207.32571428571427,222.28571428571428,4,4,3,11,Loyal Customers,1,Core Growth
15988,2011-11-20 13:23:00,2011-11-20 13:23:00,1,158.03,181,26,19,1,158.03,181.0,3,1,1,5,Promising,2,Hibernating
15990,2011-02-25 15:35:00,2011-10-26 15:58:00,2,792.11,443,52,44,244,396.055,221.5,3,2,3,8,Promising,0,Big-Ticket Occasionals
15992,2011-12-06 11:00:00,2011-12-06 11:00:00,1,41.989999999999995,17,3,4,1,41.989999999999995,17.0,4,1,1,6,Promising,2,Hibernating
15993,2011-10-26 16:21:00,2011-12-01 10:45:00,7,2797.57,2051,335,9,36,399.65285714285716,293.0,4,4,4,12,Champions,3,Champions
15994,2011-10-16 12:28:00,2011-10-16 12:28:00,1,427.07,177,31,55,1,427.07,177.0,2,1,2,5,Hibernating,0,Big-Ticket Occasionals
15996,2010-12-08 15:59:00,2011-09-12 15:14:00,6,1060.68,384,103,88,278,176.78,64.0,2,4,3,9,Loyal Customers,1,Core Growth
15998,2010-12-12 13:32:00,2011-11-03 12:45:00,5,3089.97,2041,370,37,326,617.9939999999999,408.2,3,4,4,11,Loyal Customers,3,Champions
16000,2011-12-07 12:14:00,2011-12-07 12:17:00,3,12393.7,5110,9,3,1,4131.233333333334,1703.3333333333333,4,3,4,11,Big Spenders,3,Champions
16003,2010-12-15 12:09:00,2011-11-10 09:57:00,5,2735.37,1185,82,30,330,547.074,237.0,3,4,4,11,Loyal Customers,3,Champions
16005,2011-03-14 11:46:00,2011-11-27 13:47:00,4,615.39,300,173,12,259,153.8475,75.0,4,3,2,9,Hibernating,1,Core Growth
16006,2011-05-12 13:12:00,2011-05-12 13:12:00,1,101.4,84,8,211,1,101.4,84.0,1,1,1,3,Hibernating,2,Hibernating
16007,2011-05-08 13:32:00,2011-10-23 11:05:00,4,1701.94,1393,221,48,168,425.485,348.25,3,3,4,10,Big Spenders,1,Core Growth
16008,2011-05-19 10:54:00,2011-11-16 10:32:00,3,478.78,323,29,24,181,159.59333333333333,107.66666666666667,3,3,2,8,Hibernating,1,Core Growth
16009,2011-07-03 11:26:00,2011-11-17 16:51:00,4,992.71,378,68,22,138,248.1775,94.5,3,3,3,9,Hibernating,1,Core Growth
16010,2010-12-12 12:18:00,2011-04-08 10:14:00,3,407.5,210,62,246,117,135.83333333333334,70.0,1,3,2,6,At Risk,2,Hibernating
16011,2010-12-08 16:34:00,2011-12-01 16:31:00,16,3362.71,2042,99,8,358,210.169375,127.625,4,4,4,12,Champions,3,Champions
16012,2011-07-07 18:02:00,2011-11-04 13:25:00,3,1415.29,799,87,35,120,471.7633333333333,266.3333333333333,3,3,3,9,Hibernating,1,Core Growth
16013,2010-12-03 13:09:00,2011-12-06 10:36:00,47,37130.6,15536,30,4,368,790.0127659574467,330.5531914893617,4,4,4,12,Champions,3,Champions
16014,2011-02-21 17:42:00,2011-11-02 12:04:00,3,662.38,265,123,38,254,220.79333333333332,88.33333333333333,3,3,2,8,Hibernating,1,Core Growth
16015,2011-10-21 12:56:00,2011-12-06 10:58:00,3,705.39,909,146,4,46,235.13,303.0,4,3,3,10,Hibernating,1,Core Growth
16016,2010-12-08 12:36:00,2011-12-06 14:35:00,8,1508.76,620,156,3,364,188.595,77.5,4,4,3,11,Loyal Customers,1,Core Growth
16017,2011-10-23 12:56:00,2011-10-23 12:56:00,1,211.88,102,26,47,1,211.88,102.0,3,1,1,5,Promising,2,Hibernating
16018,2011-06-12 13:52:00,2011-10-31 14:13:00,2,408.90000000000003,190,26,39,142,204.45000000000002,95.0,3,2,2,7,Promising,1,Core Growth
16019,2010-12-10 12:29:00,2011-10-24 11:51:00,9,3786.2400000000002,1733,133,47,318,420.6933333333334,192.55555555555554,3,4,4,11,Loyal Customers,3,Champions
16020,2011-10-05 13:54:00,2011-11-23 11:18:00,3,851.01,487,42,17,49,283.67,162.33333333333334,4,3,3,10,Hibernating,1,Core Growth
16022,2011-03-24 13:16:00,2011-03-24 13:16:00,1,628.28,261,68,260,1,628.28,261.0,1,1,2,4,Hibernating,0,Big-Ticket Occasionals
16023,2011-03-18 13:32:00,2011-10-24 16:34:00,3,719.81,358,90,46,221,239.93666666666664,119.33333333333333,3,3,3,9,Hibernating,1,Core Growth
16024,2011-11-27 13:26:00,2011-11-27 13:26:00,1,251.24,398,61,12,1,251.24,398.0,4,1,1,6,Promising,1,Core Growth
16025,2011-11-10 11:45:00,2011-11-10 11:45:00,1,439.65999999999997,338,28,30,1,439.65999999999997,338.0,3,1,2,6,Promising,0,Big-Ticket Occasionals
16026,2011-10-27 13:53:00,2011-10-27 13:53:00,1,236.09,243,30,43,1,236.09,243.0,3,1,1,5,Promising,2,Hibernating
16027,2011-02-10 12:19:00,2011-09-09 10:47:00,6,934.62,1147,11,92,211,155.77,191.16666666666666,2,4,3,9,Loyal Customers,1,Core Growth
16029,2010-12-01 09:57:00,2011-11-01 10:27:00,63,81024.84,40208,44,39,336,1286.1085714285714,638.2222222222222,3,4,4,11,Loyal Customers,3,Champions
16030,2011-02-03 11:28:00,2011-02-03 11:28:00,1,331.24,283,28,310,1,331.24,283.0,1,1,2,4,Hibernating,0,Big-Ticket Occasionals
16031,2011-04-06 14:23:00,2011-09-08 13:07:00,2,548.94,423,91,92,155,274.47,211.5,2,2,2,6,Hibernating,0,Big-Ticket Occasionals
16033,2010-12-05 10:36:00,2011-12-04 12:44:00,20,8816.4,3539,538,6,365,440.82,176.95,4,4,4,12,Champions,3,Champions
16034,2011-01-11 11:54:00,2011-05-27 16:17:00,3,437.7,242,18,196,137,145.9,80.66666666666667,1,3,2,6,At Risk,2,Hibernating
16036,2011-03-21 13:01:00,2011-09-13 14:53:00,2,758.92,716,55,87,177,379.46,358.0,2,2,3,7,At Risk,0,Big-Ticket Occasionals
16037,2010-12-16 10:18:00,2011-03-15 09:13:00,3,855.02,428,37,270,89,285.00666666666666,142.66666666666666,1,3,3,7,At Risk,0,Big-Ticket Occasionals
16038,2011-05-22 11:29:00,2011-12-02 12:40:00,3,471.78000000000003,244,24,8,195,157.26000000000002,81.33333333333333,4,3,2,9,Hibernating,1,Core Growth
16040,2011-03-16 09:58:00,2011-10-05 13:47:00,3,1313.55,684,57,65,204,437.84999999999997,228.0,2,3,3,8,At Risk,0,Big-Ticket Occasionals
16041,2011-07-21 16:27:00,2011-11-09 12:25:00,3,3166.4,1584,6,31,111,1055.4666666666667,528.0,3,3,4,10,Big Spenders,3,Champions
16042,2011-01-11 13:25:00,2011-11-17 17:50:00,5,1197.27,755,68,22,311,239.454,151.0,3,4,3,10,Loyal Customers,1,Core Growth
16043,2011-01-26 11:14:00,2011-11-02 12:50:00,4,773.99,503,30,38,281,193.4975,125.75,3,3,3,9,Hibernating,1,Core Growth
16045,2011-02-22 14:55:00,2011-08-12 12:41:00,4,1340.7,897,71,120,171,335.175,224.25,2,3,3,8,At Risk,0,Big-Ticket Occasionals
16048,2010-12-01 15:27:00,2010-12-01 15:28:00,2,256.44,144,8,373,1,128.22,72.0,1,2,1,4,Hibernating,2,Hibernating
16049,2011-09-25 14:33:00,2011-10-30 13:19:00,3,1111.79,793,248,40,35,370.59666666666664,264.3333333333333,3,3,3,9,Hibernating,1,Core Growth
16050,2011-06-19 11:44:00,2011-06-19 11:44:00,1,137.9,278,10,174,1,137.9,278.0,1,1,1,3,Hibernating,2,Hibernating
16052,2011-10-16 15:13:00,2011-10-16 15:13:00,1,362.06,282,34,54,1,362.06,282.0,2,1,2,5,Hibernating,0,Big-Ticket Occasionals
16053,2011-08-09 14:57:00,2011-11-07 11:21:00,2,1511.95,1793,81,33,90,755.975,896.5,3,2,3,8,Promising,0,Big-Ticket Occasionals
16054,2011-07-17 13:08:00,2011-07-17 13:08:00,1,783.9,380,70,145,1,783.9,380.0,1,1,3,5,At Risk,0,Big-Ticket Occasionals
16055,2011-05-03 09:26:00,2011-05-03 09:26:00,1,134.8,22,8,221,1,134.8,22.0,1,1,1,3,Hibernating,2,Hibernating
16056,2011-10-25 15:19:00,2011-10-25 15:19:00,1,664.85,347,66,45,1,664.85,347.0,3,1,2,6,Promising,0,Big-Ticket Occasionals
16057,2011-02-28 10:35:00,2011-11-23 15:23:00,7,2263.12,863,109,16,269,323.30285714285714,123.28571428571429,4,4,4,12,Champions,3,Champions
16059,2010-12-07 10:36:00,2011-10-05 09:56:00,6,1459.8600000000001,643,126,66,302,243.31000000000003,107.16666666666667,2,4,3,9,Loyal Customers,1,Core Growth
16062,2010-12-10 12:00:00,2011-11-30 12:15:00,4,1153.62,800,50,10,356,288.405,200.0,4,3,3,10,Hibernating,1,Core Growth
16063,2011-03-24 14:55:00,2011-03-24 14:56:00,1,335.32,262,23,260,1,335.32,262.0,1,1,2,4,Hibernating,0,Big-Ticket Occasionals
16065,2010-12-09 13:03:00,2010-12-09 13:03:00,1,372.09,231,71,365,1,372.09,231.0,1,1,2,4,Hibernating,0,Big-Ticket Occasionals
16066,2011-08-07 14:33:00,2011-11-23 11:54:00,5,1521.87,936,77,17,108,304.37399999999997,187.2,4,4,3,11,Loyal Customers,1,Core Growth
16070,2011-11-07 16:36:00,2011-11-17 15:50:00,2,852.15,457,32,22,10,426.075,228.5,3,2,3,8,Promising,1,Core Growth
16071,2011-10-26 11:14:00,2011-10-26 11:14:00,1,326.24,180,21,45,1,326.24,180.0,3,1,2,6,Promising,0,Big-Ticket Occasionals
16072,2011-02-24 14:32:00,2011-02-24 14:32:00,1,584.3199999999999,140,23,288,1,584.3199999999999,140.0,1,1,2,4,Hibernating,0,Big-Ticket Occasionals
16073,2011-02-15 15:41:00,2011-02-15 15:41:00,1,122.39999999999999,48,1,297,1,122.39999999999999,48.0,1,1,1,3,Hibernating,2,Hibernating
16076,2011-05-15 12:31:00,2011-12-06 14:59:00,10,2234.73,1435,71,3,206,223.473,143.5,4,4,4,12,Champions,3,Champions
16078,2011-03-01 09:47:00,2011-03-01 09:47:00,1,79.2,16,1,284,1,79.2,16.0,1,1,1,3,Hibernating,2,Hibernating
16079,2011-10-30 13:06:00,2011-11-23 12:48:00,3,1352.0,864,18,17,24,450.6666666666667,288.0,4,3,3,10,Hibernating,1,Core Growth
16080,2011-03-10 14:44:00,2011-09-19 10:42:00,2,217.16,128,10,82,193,108.58,64.0,2,2,1,5,Hibernating,2,Hibernating
16081,2010-12-08 11:16:00,2011-10-14 13:06:00,5,2806.9,1477,175,56,311,561.38,295.4,2,4,4,10,Loyal Customers,3,Champions
16083,2010-12-14 11:51:00,2011-08-31 10:47:00,2,1317.62,908,31,101,260,658.81,454.0,2,2,3,7,At Risk,0,Big-Ticket Occasionals
16084,2011-02-13 16:05:00,2011-02-13 16:05:00,1,436.18,216,38,299,1,436.18,216.0,1,1,2,4,Hibernating,0,Big-Ticket Occasionals
16085,2011-01-23 12:07:00,2011-11-16 13:24:00,5,981.51,636,123,23,298,196.302,127.2,3,4,3,10,Loyal Customers,1,Core Growth
16086,2010-12-07 13:45:00,2011-10-11 13:09:00,5,1121.39,511,24,59,308,224.27800000000002,102.2,2,4,3,9,Loyal Customers,1,Core Growth
16091,2011-05-25 09:18:00,2011-07-08 08:45:00,2,315.06,154,16,155,44,157.53,77.0,1,2,2,5,Hibernating,2,Hibernating
16092,2011-03-30 15:38:00,2011-08-17 10:46:00,3,817.86,628,37,115,140,272.62,209.33333333333334,2,3,3,8,At Risk,0,Big-Ticket Occasionals
16093,2011-08-25 11:09:00,2011-08-25 11:09:00,1,17.0,20,1,107,1,17.0,20.0,2,1,1,4,Hibernating,2,Hibernating
16094,2011-05-04 13:57:00,2011-11-28 12:45:00,4,1078.23,647,48,12,208,269.5575,161.75,4,3,3,10,Hibernating,1,Core Growth
16096,2011-03-20 13:38:00,2011-03-20 13:38:00,1,320.62,155,12,264,1,320.62,155.0,1,1,2,4,Hibernating,0,Big-Ticket Occasionals
16097,2011-04-13 13:47:00,2011-04-13 13:47:00,1,185.04999999999998,87,10,240,1,185.04999999999998,87.0,1,1,1,3,Hibernating,2,Hibernating
16098,2010-12-01 09:45:00,2011-09-13 09:59:00,7,2005.63,613,34,88,287,286.5185714285714,87.57142857142857,2,4,4,10,Loyal Customers,1,Core Growth
16099,2011-04-28 08:34:00,2011-10-20 13:13:00,3,731.9,434,29,50,176,243.96666666666667,144.66666666666666,3,3,3,9,Hibernating,1,Core Growth
16101,2011-09-30 10:18:00,2011-09-30 10:18:00,1,1290.7,757,76,71,1,1290.7,757.0,2,1,3,6,At Risk,0,Big-Ticket Occasionals
16102,2011-08-03 12:50:00,2011-10-28 13:19:00,3,1842.14,942,41,42,87,614.0466666666667,314.0,3,3,4,10,Big Spenders,0,Big-Ticket Occasionals
16103,2011-04-20 12:28:00,2011-12-02 14:16:00,6,1429.64,558,30,7,227,238.27333333333334,93.0,4,4,3,11,Loyal Customers,1,Core Growth
16104,2011-10-09 10:23:00,2011-10-09 10:23:00,1,302.36,123,28,62,1,302.36,123.0,2,1,1,4,Hibernating,2,Hibernating
16105,2011-04-05 10:13:00,2011-04-05 10:13:00,1,336.96,330,13,249,1,336.96,330.0,1,1,2,4,Hibernating,0,Big-Ticket Occasionals
16106,2011-10-05 10:37:00,2011-10-05 10:37:00,1,108.38,74,6,66,1,108.38,74.0,2,1,1,4,Hibernating,2,Hibernating
16107,2011-06-09 18:42:00,2011-11-22 09:40:00,7,3204.1600000000003,1176,16,18,166,457.7371428571429,168.0,3,4,4,11,Loyal Customers,3,Champions
16108,2011-09-16 11:48:00,2011-09-16 11:48:00,1,842.5,615,48,85,1,842.5,615.0,2,1,3,6,At Risk,0,Big-Ticket Occasionals
16109,2011-02-04 12:37:00,2011-05-05 09:17:00,2,611.88,612,18,219,90,305.94,306.0,1,2,2,5,Hibernating,0,Big-Ticket Occasionals
16110,2011-02-01 14:01:00,2011-10-25 14:35:00,3,1337.48,733,283,45,267,445.82666666666665,244.33333333333334,3,3,3,9,Hibernating,0,Big-Ticket Occasionals
16112,2011-01-05 11:47:00,2011-07-19 14:28:00,4,195.73999999999998,574,15,143,196,48.934999999999995,143.5,1,3,1,5,At Risk,2,Hibernating
16113,2011-06-09 16:16:00,2011-06-09 16:16:00,1,161.38,176,30,183,1,161.38,176.0,1,1,1,3,Hibernating,2,Hibernating
16114,2011-06-22 10:13:00,2011-06-22 10:13:00,1,135.75000000000003,43,8,171,1,135.75000000000003,43.0,1,1,1,3,Hibernating,2,Hibernating
16115,2011-02-20 12:14:00,2011-11-30 11:32:00,8,1667.97,1001,169,10,283,208.49625,125.125,4,4,4,12,Champions,1,Core Growth
16116,2011-05-12 12:01:00,2011-05-12 12:01:00,1,612.78,248,34,212,1,612.78,248.0,1,1,2,4,Hibernating,0,Big-Ticket Occasionals
16117,2011-06-03 11:42:00,2011-06-03 11:42:00,1,232.21,130,30,190,1,232.21,130.0,1,1,1,3,Hibernating,2,Hibernating
16119,2011-09-28 10:15:00,2011-12-01 15:11:00,2,423.36,240,14,8,65,211.68,120.0,4,2,2,8,Promising,1,Core Growth
16120,2011-10-11 14:10:00,2011-10-11 14:22:00,4,1309.14,878,26,59,1,327.285,219.5,2,3,3,8,At Risk,1,Core Growth
16121,2011-05-08 11:52:00,2011-10-13 12:59:00,2,867.11,586,170,57,159,433.555,293.0,2,2,3,7,At Risk,0,Big-Ticket Occasionals
16122,2010-12-08 11:41:00,2011-09-27 15:34:00,4,684.4200000000001,1128,26,73,294,171.10500000000002,282.0,2,3,3,8,At Risk,1,Core Growth
16123,2011-10-19 09:18:00,2011-10-19 09:18:00,1,307.78,170,16,52,1,307.78,170.0,2,1,2,5,Hibernating,0,Big-Ticket Occasionals
16124,2011-01-26 14:45:00,2011-01-26 14:45:00,1,249.0,48,11,317,1,249.0,48.0,1,1,1,3,Hibernating,2,Hibernating
16125,2010-12-07 15:48:00,2010-12-07 15:48:00,1,289.35,124,13,367,1,289.35,124.0,1,1,1,3,Hibernating,2,Hibernating
16126,2011-02-16 11:18:00,2011-11-10 16:03:00,4,6287.77,2125,57,29,268,1571.9425,531.25,3,3,4,10,Big Spenders,3,Champions
16127,2011-10-31 13:58:00,2011-10-31 13:58:00,1,656.25,323,40,39,1,656.25,323.0,3,1,2,6,Promising,0,Big-Ticket Occasionals
16128,2011-03-02 12:21:00,2011-11-22 11:14:00,5,1880.22,988,76,18,265,376.044,197.6,3,4,4,11,Loyal Customers,1,Core Growth
16131,2011-04-14 08:32:00,2011-10-19 11:53:00,6,3506.54,1802,55,52,189,584.4233333333333,300.3333333333333,2,4,4,10,Loyal Customers,3,Champions
16133,2011-01-25 15:55:00,2011-12-06 11:24:00,33,14589.04,8887,219,4,315,442.09212121212124,269.3030303030303,4,4,4,12,Champions,3,Champions
16134,2010-12-15 14:00:00,2011-11-18 10:05:00,2,618.09,371,34,22,338,309.045,185.5,3,2,2,7,Promising,1,Core Growth
16135,2011-03-22 12:30:00,2011-03-22 12:30:00,1,517.55,209,21,263,1,517.55,209.0,1,1,2,4,Hibernating,0,Big-Ticket Occasionals
16136,2011-03-07 09:52:00,2011-10-11 09:10:00,3,709.38,440,35,60,218,236.46,146.66666666666666,2,3,3,8,At Risk,1,Core Growth
16139,2011-05-17 10:23:00,2011-11-21 08:37:00,3,635.41,330,25,19,188,211.8033333333333,110.0,3,3,2,8,Hibernating,1,Core Growth
16140,2010-12-03 14:40:00,2011-10-05 12:15:00,2,725.18,730,32,66,306,362.59,365.0,2,2,3,7,At Risk,0,Big-Ticket Occasionals
16141,2011-09-12 13:11:00,2011-09-12 13:11:00,1,620.4,238,30,88,1,620.4,238.0,2,1,2,5,Hibernating,0,Big-Ticket Occasionals
16142,2011-04-04 10:16:00,2011-04-04 10:16:00,1,535.34,422,37,250,1,535.34,422.0,1,1,2,4,Hibernating,0,Big-Ticket Occasionals
16143,2010-12-05 15:18:00,2011-12-06 14:13:00,6,2424.94,919,75,3,366,404.1566666666667,153.16666666666666,4,4,4,12,Champions,3,Champions
16144,2011-04-07 10:09:00,2011-04-07 10:09:00,1,175.2,16,1,247,1,175.2,16.0,1,1,1,3,Hibernating,2,Hibernating
16145,2010-12-15 09:09:00,2011-12-01 10:33:00,11,3799.4900000000002,3123,134,9,352,345.40818181818184,283.90909090909093,4,4,4,12,Champions,3,Champions
16146,2011-04-21 15:25:00,2011-07-05 14:20:00,3,734.13,427,26,157,75,244.71,142.33333333333334,1,3,3,7,At Risk,0,Big-Ticket Occasionals
16147,2011-07-29 09:57:00,2011-07-29 09:57:00,1,375.0,246,22,134,1,375.0,246.0,2,1,2,5,Hibernating,0,Big-Ticket Occasionals
16148,2011-02-16 14:01:00,2011-02-16 14:01:00,1,76.32000000000001,72,1,296,1,76.32000000000001,72.0,1,1,1,3,Hibernating,2,Hibernating
16149,2011-07-20 14:54:00,2011-12-05 11:29:00,2,280.52,308,18,5,138,140.26,154.0,4,2,1,7,Promising,1,Core Growth
16150,2010-12-02 18:27:00,2011-10-28 12:39:00,5,2053.02,1047,91,43,330,410.604,209.4,3,4,4,11,Loyal Customers,1,Core Growth
16152,2011-03-16 09:47:00,2011-03-16 09:47:00,1,1829.04,642,29,269,1,1829.04,642.0,1,1,4,6,At Risk,0,Big-Ticket Occasionals
16153,2010-12-20 09:22:00,2011-10-21 10:50:00,5,1824.23,1073,78,50,306,364.846,214.6,3,4,4,11,Loyal Customers,1,Core Growth
16156,2011-02-02 12:02:00,2011-12-01 12:42:00,9,3122.04,1308,108,9,303,346.8933333333333,145.33333333333334,4,4,4,12,Champions,3,Champions
16157,2011-09-28 11:48:00,2011-11-24 11:41:00,3,656.69,347,12,16,57,218.89666666666668,115.66666666666667,4,3,2,9,Hibernating,1,Core Growth
16159,2011-03-03 12:27:00,2011-03-03 12:27:00,1,348.2,236,14,282,1,348.2,236.0,1,1,2,4,Hibernating,0,Big-Ticket Occasionals
16160,2011-09-15 10:53:00,2011-10-05 14:19:00,2,1025.44,1162,20,65,21,512.72,581.0,2,2,3,7,At Risk,0,Big-Ticket Occasionals
16161,2010-12-06 10:03:00,2011-12-08 12:10:00,19,5575.56,2599,286,2,368,293.4505263157895,136.78947368421052,4,4,4,12,Champions,3,Champions
16162,2011-04-01 15:03:00,2011-04-01 15:03:00,1,37.4,4,2,252,1,37.4,4.0,1,1,1,3,Hibernating,2,Hibernating
16163,2010-12-09 16:28:00,2011-04-21 15:15:00,2,856.6,192,5,232,133,428.3,96.0,1,2,3,6,At Risk,0,Big-Ticket Occasionals
16164,2011-10-28 09:12:00,2011-11-22 15:04:00,3,822.48,433,27,17,26,274.16,144.33333333333334,4,3,3,10,Hibernating,1,Core Growth
16168,2010-12-05 11:38:00,2011-11-29 12:45:00,27,3787.6,1892,57,11,360,140.28148148148148,70.07407407407408,4,4,4,12,Champions,3,Champions
16169,2011-09-25 11:33:00,2011-12-01 15:28:00,4,1822.97,1325,71,8,68,455.7425,331.25,4,3,4,11,Big Spenders,3,Champions
16170,2011-04-05 13:42:00,2011-10-20 08:21:00,6,1885.05,1770,106,51,198,314.175,295.0,2,4,4,10,Loyal Customers,3,Champions
16171,2011-10-11 14:51:00,2011-10-11 14:51:00,1,73.2,24,3,59,1,73.2,24.0,2,1,1,4,Hibernating,2,Hibernating
16172,2011-04-12 12:02:00,2011-09-05 13:22:00,5,1140.21,787,52,95,147,228.042,157.4,2,4,3,9,Loyal Customers,1,Core Growth
16173,2011-09-02 15:23:00,2011-11-24 10:53:00,6,1418.32,575,70,16,83,236.38666666666666,95.83333333333333,4,4,3,11,Loyal Customers,1,Core Growth
16174,2011-07-11 09:23:00,2011-08-05 13:26:00,3,1009.5500000000001,651,19,126,26,336.5166666666667,217.0,2,3,3,8,At Risk,0,Big-Ticket Occasionals
16175,2011-04-13 14:38:00,2011-09-06 14:32:00,4,1037.59,533,45,94,146,259.3975,133.25,2,3,3,8,At Risk,1,Core Growth
16177,2011-10-20 12:57:00,2011-10-20 12:57:00,1,331.95,95,15,50,1,331.95,95.0,3,1,2,6,Promising,2,Hibernating
16178,2011-07-24 16:05:00,2011-07-24 16:05:00,1,197.9,94,8,138,1,197.9,94.0,2,1,1,4,Hibernating,2,Hibernating
16179,2011-10-10 09:41:00,2011-10-10 09:41:00,1,215.83,99,11,61,1,215.83,99.0,2,1,1,4,Hibernating,2,Hibernating
16180,2011-04-01 10:23:00,2011-08-31 16:28:00,8,10254.18,5867,90,100,153,1281.7725,733.375,2,4,4,10,Loyal Customers,3,Champions
16181,2011-09-27 13:38:00,2011-09-27 13:38:00,1,305.54,152,11,73,1,305.54,152.0,2,1,1,4,Hibernating,0,Big-Ticket Occasionals
16182,2011-02-18 10:11:00,2011-09-28 13:23:00,4,6617.65,3791,17,72,223,1654.4125,947.75,2,3,4,9,Big Spenders,3,Champions
16183,2011-10-03 14:59:00,2011-10-03 14:59:00,1,338.71000000000004,113,15,67,1,338.71000000000004,113.0,2,1,2,5,Hibernating,0,Big-Ticket Occasionals
16184,2011-05-12 13:33:00,2011-10-06 17:43:00,6,1158.79,561,26,64,148,193.13166666666666,93.5,2,4,3,9,Loyal Customers,1,Core Growth
16185,2011-04-21 11:59:00,2011-11-23 09:41:00,2,529.41,260,31,17,216,264.705,130.0,4,2,2,8,Promising,1,Core Growth
16186,2010-12-02 14:40:00,2011-11-17 12:43:00,12,4006.94,3020,87,23,350,333.9116666666667,251.66666666666666,3,4,4,11,Loyal Customers,3,Champions
16187,2011-02-28 13:34:00,2011-11-08 09:50:00,15,6911.4400000000005,5048,160,32,253,460.7626666666667,336.53333333333336,3,4,4,11,Loyal Customers,3,Champions
16188,2011-04-11 09:44:00,2011-10-26 12:19:00,4,981.86,782,65,45,199,245.465,195.5,3,3,3,9,Hibernating,1,Core Growth
16189,2011-09-15 15:21:00,2011-11-24 11:47:00,2,215.48,134,9,16,70,107.74,67.0,4,2,1,7,Promising,2,Hibernating
16190,2011-10-30 15:59:00,2011-10-30 15:59:00,1,215.08,88,6,40,1,215.08,88.0,3,1,1,5,Promising,2,Hibernating
16191,2010-12-14 12:38:00,2011-12-07 11:26:00,13,5180.52,3351,65,3,358,398.5015384615385,257.7692307692308,4,4,4,12,Champions,3,Champions
16193,2011-04-17 11:45:00,2011-04-17 11:45:00,1,314.45,219,19,237,1,314.45,219.0,1,1,2,4,Hibernating,0,Big-Ticket Occasionals
16198,2011-09-25 14:58:00,2011-09-25 14:58:00,1,400.68100000000004,129,15,75,1,400.68100000000004,129.0,2,1,2,5,Hibernating,0,Big-Ticket Occasionals
16200,2011-06-28 15:47:00,2011-12-05 14:40:00,2,1080.6200000000001,523,149,4,160,540.3100000000001,261.5,4,2,3,9,Promising,1,Core Growth
16201,2011-08-22 10:47:00,2011-12-06 16:02:00,4,1863.47,1286,74,3,107,465.8675,321.5,4,3,4,11,Big Spenders,3,Champions
16202,2010-12-14 10:43:00,2010-12-14 10:43:00,1,365.27,191,18,361,1,365.27,191.0,1,1,2,4,Hibernating,0,Big-Ticket Occasionals
16203,2010-12-02 15:39:00,2011-10-12 12:31:00,4,592.9,262,27,59,314,148.225,65.5,2,3,2,7,At Risk,1,Core Growth
16204,2011-11-16 13:40:00,2011-11-16 13:40:00,1,405.71,231,45,23,1,405.71,231.0,3,1,2,6,Promising,0,Big-Ticket Occasionals
16205,2011-06-13 11:33:00,2011-11-09 09:32:00,4,761.38,517,73,31,149,190.345,129.25,3,3,3,9,Hibernating,1,Core Growth
16206,2011-01-16 11:07:00,2011-10-16 10:41:00,4,537.0600000000001,272,52,55,273,134.26500000000001,68.0,2,3,2,7,At Risk,1,Core Growth
16207,2011-11-14 13:51:00,2011-11-14 13:51:00,1,394.38,140,19,25,1,394.38,140.0,3,1,2,6,Promising,0,Big-Ticket Occasionals
16208,2011-02-23 13:37:00,2011-10-26 11:36:00,2,664.26,333,61,45,245,332.13,166.5,3,2,2,7,Promising,0,Big-Ticket Occasionals
16209,2011-04-07 12:23:00,2011-09-12 11:58:00,5,2262.62,1179,37,89,158,452.524,235.8,2,4,4,10,Loyal Customers,0,Big-Ticket Occasionals
16210,2010-12-01 12:27:00,2011-12-08 12:36:00,18,21086.3,7559,74,2,373,1171.461111111111,419.94444444444446,4,4,4,12,Champions,3,Champions
16211,2011-09-12 12:11:00,2011-09-12 12:11:00,1,547.02,154,23,89,1,547.02,154.0,2,1,2,5,Hibernating,0,Big-Ticket Occasionals
16212,2011-03-01 12:51:00,2011-11-20 13:00:00,2,690.34,244,40,19,265,345.17,122.0,3,2,3,8,Promising,1,Core Growth
16213,2011-09-22 10:03:00,2011-09-22 10:03:00,1,159.0,48,6,79,1,159.0,48.0,2,1,1,4,Hibernating,2,Hibernating
16214,2011-03-15 13:23:00,2011-06-22 11:30:00,3,1062.75,420,36,171,99,354.25,140.0,1,3,3,7,At Risk,0,Big-Ticket Occasionals
16215,2011-09-20 10:18:00,2011-09-20 10:18:00,1,242.35,104,14,81,1,242.35,104.0,2,1,1,4,Hibernating,2,Hibernating
16216,2011-03-17 15:34:00,2011-03-17 15:34:00,1,914.9300000000001,254,37,267,1,914.9300000000001,254.0,1,1,3,5,At Risk,0,Big-Ticket Occasionals
16217,2011-03-02 15:28:00,2011-04-18 13:31:00,2,304.25,91,13,235,47,152.125,45.5,1,2,1,4,Hibernating,2,Hibernating
16218,2010-12-01 11:29:00,2011-11-10 09:59:00,7,3084.68,2088,56,30,344,440.6685714285714,298.2857142857143,3,4,4,11,Loyal Customers,3,Champions
16221,2010-12-07 13:13:00,2011-11-03 11:43:00,3,864.86,717,90,37,331,288.2866666666667,239.0,3,3,3,9,Hibernating,1,Core Growth
16222,2011-01-25 13:38:00,2011-01-25 13:38:00,1,846.72,365,120,318,1,846.72,365.0,1,1,3,5,At Risk,0,Big-Ticket Occasionals
16224,2011-04-04 12:00:00,2011-10-13 17:51:00,4,1295.3,1116,90,57,193,323.825,279.0,2,3,3,8,At Risk,1,Core Growth
16225,2011-03-07 12:17:00,2011-10-26 08:30:00,5,1096.32,493,109,45,233,219.26399999999998,98.6,3,4,3,10,Loyal Customers,1,Core Growth
16226,2011-04-18 12:58:00,2011-05-20 14:41:00,3,255.12,192,6,203,33,85.04,64.0,1,3,1,5,At Risk,2,Hibernating
16227,2011-04-28 13:33:00,2011-04-28 13:33:00,1,314.22,90,6,225,1,314.22,90.0,1,1,2,4,Hibernating,2,Hibernating
16229,2011-05-11 10:18:00,2011-09-13 17:16:00,2,1010.6,318,46,87,126,505.3,159.0,2,2,3,7,At Risk,0,Big-Ticket Occasionals
16230,2011-05-03 15:12:00,2011-06-03 10:06:00,2,542.03,365,32,190,31,271.015,182.5,1,2,2,5,Hibernating,0,Big-Ticket Occasionals
16232,2011-05-08 14:05:00,2011-10-27 12:16:00,4,990.88,550,24,44,172,247.72,137.5,3,3,3,9,Hibernating,1,Core Growth
16233,2010-12-08 12:51:00,2011-09-29 17:27:00,3,536.6800000000001,174,22,71,296,178.89333333333335,58.0,2,3,2,7,At Risk,1,Core Growth
16235,2011-01-11 15:42:00,2011-10-30 10:56:00,5,867.31,330,42,41,292,173.462,66.0,3,4,3,10,Loyal Customers,1,Core Growth
16236,2011-09-22 14:10:00,2011-09-22 14:10:00,1,432.2,184,20,78,1,432.2,184.0,2,1,2,5,Hibernating,0,Big-Ticket Occasionals
16239,2011-06-03 09:30:00,2011-10-14 08:29:00,2,414.2,228,18,57,133,207.1,114.0,2,2,2,6,Hibernating,1,Core Growth
16240,2011-09-23 13:44:00,2011-11-15 14:30:00,2,3718.8,1641,126,24,54,1859.4,820.5,3,2,4,9,Big Spenders,3,Champions
16241,2010-12-05 11:04:00,2011-11-30 11:08:00,13,2607.87,1453,347,10,361,200.6053846153846,111.76923076923077,4,4,4,12,Champions,3,Champions
16242,2011-03-07 17:04:00,2011-12-01 15:12:00,7,3603.21,1982,184,8,269,514.7442857142858,283.14285714285717,4,4,4,12,Champions,3,Champions
16243,2011-10-16 12:09:00,2011-11-06 12:32:00,2,409.1,110,49,34,22,204.55,55.0,3,2,2,7,Promising,2,Hibernating
16244,2010-12-02 11:41:00,2011-05-12 10:18:00,2,1522.75,855,88,212,161,761.375,427.5,1,2,3,6,At Risk,0,Big-Ticket Occasionals
16245,2011-03-28 09:30:00,2011-11-16 10:14:00,3,1413.66,1014,80,24,234,471.22,338.0,3,3,3,9,Hibernating,1,Core Growth
16247,2011-06-22 14:23:00,2011-06-22 14:23:00,1,114.56,182,16,170,1,114.56,182.0,1,1,1,3,Hibernating,2,Hibernating
16248,2011-10-09 11:32:00,2011-10-09 11:32:00,1,152.94,78,7,62,1,152.94,78.0,2,1,1,4,Hibernating,2,Hibernating
16249,2011-04-14 13:50:00,2011-10-18 10:07:00,5,1800.07,950,67,53,187,360.014,190.0,2,4,4,10,Loyal Customers,1,Core Growth
16250,2010-12-01 09:59:00,2011-03-23 15:07:00,2,389.44,208,22,261,113,194.72,104.0,1,2,2,5,Hibernating,2,Hibernating
16253,2011-03-29 13:33:00,2011-10-04 09:09:00,2,3683.86,3233,114,67,189,1841.93,1616.5,2,2,4,8,Big Spenders,0,Big-Ticket Occasionals
16255,2010-12-09 14:25:00,2011-11-23 12:40:00,8,2619.91,1767,146,17,349,327.48875,220.875,4,4,4,12,Champions,3,Champions
16256,2011-03-18 12:18:00,2011-03-18 12:18:00,1,752.4300000000001,581,13,267,1,752.4300000000001,581.0,1,1,3,5,At Risk,0,Big-Ticket Occasionals
16257,2011-06-16 10:11:00,2011-06-16 10:11:00,1,46.95,2,2,177,1,46.95,2.0,1,1,1,3,Hibernating,2,Hibernating
16258,2011-05-04 14:33:00,2011-10-25 13:30:00,5,5203.51,2994,111,45,174,1040.702,598.8,3,4,4,11,Loyal Customers,3,Champions
16260,2011-10-20 09:40:00,2011-10-20 09:40:00,1,1035.45,311,18,51,1,1035.45,311.0,2,1,3,6,At Risk,0,Big-Ticket Occasionals
16261,2011-04-07 19:05:00,2011-11-22 17:23:00,4,746.83,306,98,17,229,186.7075,76.5,4,3,3,10,Hibernating,1,Core Growth
16265,2010-12-10 10:21:00,2011-11-30 16:41:00,9,5447.0,2646,164,9,356,605.2222222222222,294.0,4,4,4,12,Champions,3,Champions
16266,2011-05-17 14:50:00,2011-09-27 12:08:00,7,861.89,398,44,74,133,123.12714285714286,56.857142857142854,2,4,3,9,Loyal Customers,1,Core Growth
16268,2011-09-29 18:30:00,2011-09-29 18:30:00,2,667.65,533,45,71,1,333.825,266.5,2,2,2,6,Hibernating,0,Big-Ticket Occasionals
16270,2010-12-21 14:26:00,2010-12-21 14:26:00,1,1141.24,688,54,353,1,1141.24,688.0,1,1,3,5,At Risk,0,Big-Ticket Occasionals
16271,2010-12-16 16:36:00,2011-12-07 12:45:00,5,1429.24,1038,89,3,356,285.848,207.6,4,4,3,11,Loyal Customers,1,Core Growth
16272,2011-08-15 10:53:00,2011-08-15 10:54:00,1,411.7,224,25,117,1,411.7,224.0,2,1,2,5,Hibernating,0,Big-Ticket Occasionals
16274,2010-12-01 15:35:00,2010-12-01 15:35:00,1,357.95,155,64,373,1,357.95,155.0,1,1,2,4,Hibernating,0,Big-Ticket Occasionals
16275,2011-05-27 12:41:00,2011-05-27 12:41:00,1,559.87,336,33,197,1,559.87,336.0,1,1,2,4,Hibernating,0,Big-Ticket Occasionals
16276,2011-06-16 09:34:00,2011-06-16 09:34:00,1,810.6000000000001,420,6,177,1,810.6000000000001,420.0,1,1,3,5,At Risk,0,Big-Ticket Occasionals
16278,2011-08-31 17:12:00,2011-08-31 17:12:00,1,566.38,114,23,100,1,566.38,114.0,2,1,2,5,Hibernating,0,Big-Ticket Occasionals
16279,2011-06-16 11:50:00,2011-11-18 15:00:00,3,1509.58,1054,102,21,156,503.1933333333333,351.3333333333333,3,3,3,9,Hibernating,1,Core Growth
16281,2011-09-28 14:57:00,2011-09-28 14:57:00,1,2062.06,934,17,72,1,2062.06,934.0,2,1,4,7,Big Spenders,0,Big-Ticket Occasionals
16282,2011-01-04 11:42:00,2011-01-04 11:42:00,1,168.3,114,11,340,1,168.3,114.0,1,1,1,3,Hibernating,2,Hibernating
16283,2011-05-15 13:37:00,2011-12-04 12:08:00,5,1570.81,1236,117,6,203,314.162,247.2,4,4,3,11,Loyal Customers,1,Core Growth
16284,2011-10-20 13:54:00,2011-11-08 16:12:00,2,823.97,544,87,31,20,411.985,272.0,3,2,3,8,Promising,0,Big-Ticket Occasionals
16287,2011-06-23 09:08:00,2011-06-23 09:08:00,1,142.5,298,8,170,1,142.5,298.0,1,1,1,3,Hibernating,2,Hibernating
16292,2011-08-10 12:24:00,2011-08-10 12:24:00,1,302.25,191,17,122,1,302.25,191.0,2,1,1,4,Hibernating,0,Big-Ticket Occasionals
16293,2010-12-07 15:02:00,2011-11-18 09:58:00,10,2248.9900000000002,982,102,22,346,224.89900000000003,98.2,3,4,4,11,Loyal Customers,3,Champions
16295,2011-10-06 10:45:00,2011-11-30 08:17:00,4,1328.55,841,70,10,55,332.1375,210.25,4,3,3,10,Hibernating,1,Core Growth
16297,2011-03-16 08:29:00,2011-03-16 08:29:00,1,301.9,206,20,269,1,301.9,206.0,1,1,1,3,Hibernating,0,Big-Ticket Occasionals
16298,2011-06-06 10:06:00,2011-11-17 11:59:00,3,598.2,198,22,23,165,199.4,66.0,3,3,2,8,Hibernating,1,Core Growth
16302,2011-08-05 09:44:00,2011-08-05 09:44:00,1,233.22,158,11,127,1,233.22,158.0,2,1,1,4,Hibernating,2,Hibernating
16303,2011-01-10 14:16:00,2011-11-14 10:49:00,3,5360.63,2659,119,26,308,1786.8766666666668,886.3333333333334,3,3,4,10,Big Spenders,3,Champions
16305,2011-07-24 12:18:00,2011-07-24 12:18:00,1,361.21999999999997,256,22,139,1,361.21999999999997,256.0,2,1,2,5,Hibernating,0,Big-Ticket Occasionals
16306,2010-12-07 15:18:00,2011-05-10 12:12:00,6,632.27,487,36,214,154,105.37833333333333,81.16666666666667,1,4,2,7,At Risk,1,Core Growth
16308,2011-03-23 14:46:00,2011-11-02 11:24:00,4,2560.0,8000,1,38,224,640.0,2000.0,3,3,4,10,Big Spenders,3,Champions
16309,2011-04-13 11:46:00,2011-08-25 15:35:00,2,706.57,467,39,106,135,353.285,233.5,2,2,3,7,At Risk,0,Big-Ticket Occasionals
16311,2011-10-21 13:13:00,2011-11-22 08:54:00,2,616.26,394,35,18,32,308.13,197.0,3,2,2,7,Promising,1,Core Growth
16313,2011-10-21 09:04:00,2011-12-06 13:02:00,2,274.15000000000003,165,16,3,47,137.07500000000002,82.5,4,2,1,7,Promising,1,Core Growth
16315,2011-01-13 11:57:00,2011-01-13 11:57:00,1,226.37,75,14,331,1,226.37,75.0,1,1,1,3,Hibernating,2,Hibernating
16316,2010-12-16 14:26:00,2011-10-06 13:48:00,8,2938.91,1484,120,64,294,367.36375,185.5,2,4,4,10,Loyal Customers,3,Champions
16317,2011-02-15 14:30:00,2011-08-12 12:46:00,3,1341.65,890,64,120,178,447.2166666666667,296.6666666666667,2,3,3,8,At Risk,0,Big-Ticket Occasionals
16318,2011-11-04 13:05:00,2011-11-04 13:05:00,1,328.15,199,19,35,1,328.15,199.0,3,1,2,6,Promising,0,Big-Ticket Occasionals
16319,2011-05-06 11:27:00,2011-05-06 11:27:00,1,404.40000000000003,72,3,218,1,404.40000000000003,72.0,1,1,2,4,Hibernating,0,Big-Ticket Occasionals
16320,2011-05-10 15:31:00,2011-06-20 15:25:00,2,1038.46,732,56,172,41,519.23,366.0,1,2,3,6,At Risk,0,Big-Ticket Occasionals
16321,2011-01-20 12:11:00,2011-09-28 14:55:00,5,373.65000000000003,135,7,72,252,74.73,27.0,2,4,2,8,At Risk,2,Hibernating
16322,2011-11-03 14:33:00,2011-12-08 15:41:00,2,326.75,231,28,1,36,163.375,115.5,4,2,2,8,Promising,1,Core Growth
16323,2011-05-27 14:48:00,2011-05-27 14:48:00,1,207.50000000000003,50,1,196,1,207.50000000000003,50.0,1,1,1,3,Hibernating,2,Hibernating
16324,2011-06-15 14:26:00,2011-08-03 12:58:00,3,428.68,282,100,128,49,142.89333333333335,94.0,2,3,2,7,At Risk,2,Hibernating
16325,2011-04-08 09:20:00,2011-10-24 08:48:00,3,594.24,194,14,47,199,198.08,64.66666666666667,3,3,2,8,Hibernating,1,Core Growth
16326,2011-01-09 12:01:00,2011-12-04 10:11:00,14,3110.96,709,158,6,329,222.21142857142857,50.642857142857146,4,4,4,12,Champions,3,Champions
16327,2010-12-05 12:43:00,2011-11-25 13:23:00,6,3844.22,2571,142,14,356,640.7033333333333,428.5,4,4,4,12,Champions,3,Champions
16330,2011-08-19 17:08:00,2011-11-22 12:24:00,3,251.91,147,39,18,95,83.97,49.0,3,3,1,7,Hibernating,2,Hibernating
16332,2011-02-07 14:16:00,2011-11-11 14:22:00,7,1593.2,801,125,28,278,227.6,114.42857142857143,3,4,3,10,Loyal Customers,1,Core Growth
16333,2011-02-03 10:50:00,2011-12-02 12:19:00,22,26626.8,32184,9,8,303,1210.3090909090909,1462.909090909091,4,4,4,12,Champions,3,Champions
16337,2011-11-03 10:03:00,2011-11-03 10:03:00,1,151.05,87,10,37,1,151.05,87.0,3,1,1,5,Promising,2,Hibernating
16338,2011-07-05 13:56:00,2011-07-05 13:56:00,1,214.79999999999998,94,11,157,1,214.79999999999998,94.0,1,1,1,3,Hibernating,2,Hibernating
16339,2011-02-28 13:41:00,2011-02-28 13:41:00,1,109.95,23,17,284,1,109.95,23.0,1,1,1,3,Hibernating,2,Hibernating
16340,2011-08-24 14:53:00,2011-08-24 14:53:00,1,549.07,501,124,107,1,549.07,501.0,2,1,2,5,Hibernating,0,Big-Ticket Occasionals
16341,2011-05-22 13:20:00,2011-11-15 09:12:00,4,1971.87,1398,60,25,177,492.9675,349.5,3,3,4,10,Big Spenders,3,Champions
16342,2011-06-13 10:10:00,2011-09-25 14:36:00,4,322.41,157,10,75,105,80.6025,39.25,2,3,2,7,At Risk,2,Hibernating
16343,2011-11-23 17:43:00,2011-11-23 17:45:00,2,370.47999999999996,195,29,16,1,185.23999999999998,97.5,4,2,2,8,Promising,1,Core Growth
16344,2011-07-04 15:50:00,2011-07-04 15:50:00,1,101.10000000000001,18,1,158,1,101.10000000000001,18.0,1,1,1,3,Hibernating,2,Hibernating
16345,2011-10-26 16:03:00,2011-10-26 16:03:00,1,575.41,289,35,44,1,575.41,289.0,3,1,2,6,Promising,0,Big-Ticket Occasionals
16347,2011-11-03 13:01:00,2011-11-28 13:14:00,2,887.65,353,61,11,26,443.825,176.5,4,2,3,9,Promising,1,Core Growth
16348,2011-04-13 15:49:00,2011-11-07 15:44:00,7,1469.45,819,157,32,208,209.92142857142858,117.0,3,4,3,10,Loyal Customers,1,Core Growth
16349,2011-02-22 12:40:00,2011-02-22 12:40:00,1,53.5,9,9,291,1,53.5,9.0,1,1,1,3,Hibernating,2,Hibernating
16350,2011-01-10 09:44:00,2011-11-18 15:53:00,4,1116.47,545,40,21,313,279.1175,136.25,3,3,3,9,Hibernating,1,Core Growth
16351,2011-01-11 10:26:00,2011-01-11 10:26:00,1,153.9,90,8,333,1,153.9,90.0,1,1,1,3,Hibernating,2,Hibernating
16352,2011-11-02 08:44:00,2011-11-22 10:32:00,2,494.44,300,28,18,21,247.22,150.0,3,2,2,7,Promising,1,Core Growth
16353,2010-12-05 12:09:00,2011-12-06 12:23:00,23,6675.71,2006,51,4,367,290.24826086956523,87.21739130434783,4,4,4,12,Champions,3,Champions
16354,2011-09-27 16:28:00,2011-10-07 14:28:00,2,395.8,150,38,63,10,197.9,75.0,2,2,2,6,Hibernating,2,Hibernating
16356,2011-03-07 12:31:00,2011-05-26 11:51:00,3,211.77,93,20,198,80,70.59,31.0,1,3,1,5,At Risk,2,Hibernating
16357,2011-05-10 10:35:00,2011-11-06 16:04:00,3,658.88,246,31,33,181,219.62666666666667,82.0,3,3,2,8,Hibernating,1,Core Growth
16358,2011-06-08 15:05:00,2011-12-08 15:09:00,4,2027.5,1302,82,1,184,506.875,325.5,4,3,4,11,Big Spenders,3,Champions
16359,2011-01-12 10:49:00,2011-12-02 17:04:00,9,1750.92,1183,39,7,325,194.54666666666668,131.44444444444446,4,4,4,12,Champions,3,Champions
16360,2011-09-12 13:50:00,2011-12-05 12:16:00,6,3512.53,2144,365,5,84,585.4216666666667,357.3333333333333,4,4,4,12,Champions,3,Champions
16361,2011-09-29 13:13:00,2011-11-30 12:32:00,4,896.66,421,87,10,62,224.165,105.25,4,3,3,10,Hibernating,1,Core Growth
16362,2011-09-09 14:47:00,2011-11-07 13:01:00,5,734.77,351,58,32,59,146.954,70.2,3,4,3,10,Loyal Customers,1,Core Growth
16363,2011-10-17 14:14:00,2011-10-17 14:14:00,1,109.36000000000001,52,5,53,1,109.36000000000001,52.0,2,1,1,4,Hibernating,2,Hibernating
16364,2011-07-25 14:35:00,2011-11-28 11:27:00,2,707.04,280,48,12,126,353.52,140.0,4,2,3,9,Promising,1,Core Growth
16365,2010-12-07 17:19:00,2011-11-22 11:24:00,9,1540.42,504,45,18,350,171.1577777777778,56.0,3,4,3,10,Loyal Customers,1,Core Growth
16366,2011-11-21 08:19:00,2011-11-21 08:19:00,1,327.3,256,18,19,1,327.3,256.0,3,1,2,6,Promising,1,Core Growth
16367,2010-12-12 12:01:00,2011-11-02 13:13:00,2,804.49,647,123,37,326,402.245,323.5,3,2,3,8,Promising,0,Big-Ticket Occasionals
16368,2011-11-11 15:08:00,2011-12-07 13:12:00,2,497.43,260,58,2,26,248.715,130.0,4,2,2,8,Promising,1,Core Growth
16369,2011-05-27 09:39:00,2011-11-21 16:25:00,3,1553.66,1035,91,18,179,517.8866666666667,345.0,3,3,3,9,Hibernating,1,Core Growth
16370,2011-04-28 16:40:00,2011-09-18 15:55:00,4,1320.56,647,143,82,143,330.14,161.75,2,3,3,8,At Risk,0,Big-Ticket Occasionals
16372,2011-11-06 12:50:00,2011-11-06 13:08:00,2,367.93,166,86,33,1,183.965,83.0,3,2,2,7,Promising,1,Core Growth
16374,2011-03-22 13:46:00,2011-10-04 15:21:00,2,473.03000000000003,240,101,66,197,236.51500000000001,120.0,2,2,2,6,Hibernating,0,Big-Ticket Occasionals
16376,2011-11-22 16:47:00,2011-12-01 11:38:00,2,987.01,694,104,9,9,493.505,347.0,4,2,3,9,Promising,1,Core Growth
16377,2011-03-17 15:41:00,2011-03-17 15:41:00,1,676.2,1500,5,267,1,676.2,1500.0,1,1,3,5,At Risk,0,Big-Ticket Occasionals
16378,2011-02-02 12:42:00,2011-04-06 15:07:00,3,362.95,267,22,247,64,120.98333333333333,89.0,1,3,2,6,At Risk,2,Hibernating
16379,2011-09-22 09:33:00,2011-12-05 15:38:00,4,2157.4,1410,87,4,75,539.35,352.5,4,3,4,11,Big Spenders,3,Champions
16380,2011-10-09 15:40:00,2011-10-09 15:40:00,1,1780.59,1524,28,61,1,1780.59,1524.0,2,1,4,7,Big Spenders,0,Big-Ticket Occasionals
16383,2011-03-16 13:00:00,2011-09-26 12:45:00,2,668.36,475,80,75,194,334.18,237.5,2,2,2,6,Hibernating,0,Big-Ticket Occasionals
16384,2011-03-21 10:13:00,2011-09-11 11:19:00,2,584.5,260,33,90,175,292.25,130.0,2,2,2,6,Hibernating,0,Big-Ticket Occasionals
16385,2010-12-08 12:56:00,2011-10-10 13:12:00,3,555.89,261,52,60,307,185.29666666666665,87.0,2,3,2,7,At Risk,1,Core Growth
16386,2011-03-31 12:19:00,2011-11-11 12:28:00,2,317.2,224,76,29,226,158.6,112.0,3,2,2,7,Promising,1,Core Growth
16387,2011-01-21 11:34:00,2011-01-21 11:34:00,1,94.36,44,4,323,1,94.36,44.0,1,1,1,3,Hibernating,2,Hibernating
16389,2011-03-01 15:47:00,2011-10-17 14:41:00,4,1382.07,1242,33,53,230,345.5175,310.5,2,3,3,8,At Risk,1,Core Growth
16392,2011-03-15 12:11:00,2011-03-15 12:11:00,1,221.19,203,41,270,1,221.19,203.0,1,1,1,3,Hibernating,2,Hibernating
16393,2010-12-05 13:10:00,2011-12-07 12:51:00,13,3046.21,1576,120,2,367,234.32384615384615,121.23076923076923,4,4,4,12,Champions,3,Champions
16394,2011-02-23 10:58:00,2011-10-14 09:48:00,5,1555.34,2604,61,57,233,311.068,520.8,2,4,3,9,Loyal Customers,3,Champions
16395,2011-01-13 12:10:00,2011-10-10 12:50:00,5,1486.9,1476,150,61,271,297.38,295.2,2,4,3,9,Loyal Customers,1,Core Growth
16398,2011-03-31 09:38:00,2011-07-08 15:16:00,2,1705.8,758,75,154,100,852.9,379.0,1,2,4,7,At Risk,0,Big-Ticket Occasionals
16399,2011-04-18 13:46:00,2011-11-20 16:12:00,2,408.57,264,68,19,217,204.285,132.0,3,2,2,7,Promising,1,Core Growth
16400,2011-09-06 12:27:00,2011-09-06 12:27:00,1,303.93,172,28,95,1,303.93,172.0,2,1,1,4,Hibernating,0,Big-Ticket Occasionals
16401,2011-01-16 10:56:00,2011-12-08 18:15:00,12,4098.32,3882,66,1,327,341.52666666666664,323.5,4,4,4,12,Champions,3,Champions
16402,2010-12-05 13:42:00,2011-03-20 12:25:00,2,299.6,149,55,265,105,149.8,74.5,1,2,1,4,Hibernating,2,Hibernating
16403,2011-01-31 13:39:00,2011-01-31 13:39:00,1,177.5,114,10,312,1,177.5,114.0,1,1,1,3,Hibernating,2,Hibernating
16404,2011-09-30 14:55:00,2011-09-30 14:55:00,1,443.05,157,23,70,1,443.05,157.0,2,1,2,5,Hibernating,0,Big-Ticket Occasionals
16405,2011-02-02 17:08:00,2011-02-10 15:24:00,2,167.25,187,3,302,8,83.625,93.5,1,2,1,4,Hibernating,2,Hibernating
16406,2011-11-21 11:57:00,2011-11-21 11:57:00,1,163.07,122,54,19,1,163.07,122.0,3,1,1,5,Promising,2,Hibernating
16407,2011-01-31 14:02:00,2011-11-27 11:05:00,10,2126.93,1124,99,13,300,212.69299999999998,112.4,4,4,4,12,Champions,3,Champions
16409,2011-01-26 14:51:00,2011-11-03 16:45:00,5,2028.88,1306,145,36,282,405.776,261.2,3,4,4,11,Loyal Customers,3,Champions
16411,2010-12-05 13:26:00,2011-11-20 13:23:00,2,214.65,132,41,19,350,107.325,66.0,3,2,1,6,Promising,2,Hibernating
16412,2011-10-17 12:35:00,2011-10-17 12:35:00,1,151.83,73,25,54,1,151.83,73.0,2,1,1,4,Hibernating,2,Hibernating
16413,2011-10-14 12:08:00,2011-10-14 12:08:00,1,262.2,148,30,57,1,262.2,148.0,2,1,1,4,Hibernating,2,Hibernating
16414,2011-03-04 13:27:00,2011-11-18 09:42:00,2,126.25,27,5,22,259,63.125,13.5,3,2,1,6,Promising,2,Hibernating
16415,2011-10-26 13:35:00,2011-10-26 13:35:00,1,210.35,187,45,44,1,210.35,187.0,3,1,1,5,Promising,2,Hibernating
16416,2011-10-14 13:35:00,2011-11-13 12:50:00,3,1051.4,672,59,27,30,350.4666666666667,224.0,3,3,3,9,Hibernating,1,Core Growth
16418,2011-04-27 16:54:00,2011-10-26 12:39:00,3,675.27,288,76,45,182,225.09,96.0,3,3,3,9,Hibernating,1,Core Growth
16419,2011-02-01 12:25:00,2011-08-19 12:33:00,6,972.23,436,36,113,200,162.03833333333333,72.66666666666667,2,4,3,9,Loyal Customers,1,Core Growth
16422,2010-12-05 15:35:00,2011-11-22 14:00:00,51,34684.4,33704,68,17,352,680.086274509804,660.8627450980392,4,4,4,12,Champions,3,Champions
16423,2011-11-15 09:21:00,2011-11-15 09:21:00,1,346.12,230,18,25,1,346.12,230.0,3,1,2,6,Promising,0,Big-Ticket Occasionals
16424,2011-06-01 13:40:00,2011-06-01 13:40:00,1,133.56,88,5,191,1,133.56,88.0,1,1,1,3,Hibernating,2,Hibernating
16425,2011-02-10 14:30:00,2011-02-10 14:30:00,1,302.7,199,21,302,1,302.7,199.0,1,1,1,3,Hibernating,0,Big-Ticket Occasionals
16426,2011-03-08 15:45:00,2011-12-07 14:01:00,10,1908.25,1243,211,2,274,190.825,124.3,4,4,4,12,Champions,3,Champions
16427,2011-02-28 15:18:00,2011-03-21 17:10:00,2,241.06,156,8,263,22,120.53,78.0,1,2,1,4,Hibernating,2,Hibernating
16429,2011-08-25 13:54:00,2011-08-25 13:54:00,1,284.55,9,2,106,1,284.55,9.0,2,1,1,4,Hibernating,2,Hibernating
16430,2011-10-13 14:47:00,2011-10-13 14:47:00,1,300.85,103,6,57,1,300.85,103.0,2,1,1,4,Hibernating,2,Hibernating
16431,2011-02-15 14:02:00,2011-05-10 14:09:00,3,642.81,453,51,213,85,214.26999999999998,151.0,1,3,2,6,At Risk,0,Big-Ticket Occasionals
16432,2011-10-06 13:59:00,2011-10-06 13:59:00,1,287.4,276,8,64,1,287.4,276.0,2,1,1,4,Hibernating,0,Big-Ticket Occasionals
16433,2011-11-11 14:09:00,2011-11-11 14:09:00,1,184.26,106,17,28,1,184.26,106.0,3,1,1,5,Promising,2,Hibernating
16434,2011-02-13 12:17:00,2011-11-10 14:28:00,7,1522.25,767,88,29,271,217.46428571428572,109.57142857142857,3,4,3,10,Loyal Customers,1,Core Growth
16438,2011-09-18 13:31:00,2011-12-04 10:51:00,5,798.35,463,74,6,77,159.67000000000002,92.6,4,4,3,11,Loyal Customers,1,Core Growth
16440,2011-05-09 12:25:00,2011-12-02 12:02:00,5,3640.67,2018,186,8,207,728.134,403.6,4,4,4,12,Champions,3,Champions
16441,2011-02-21 17:35:00,2011-10-03 17:48:00,2,381.2,173,22,67,225,190.6,86.5,2,2,2,6,Hibernating,2,Hibernating
16442,2010-12-14 10:46:00,2011-12-08 11:43:00,3,616.79,446,161,2,360,205.59666666666666,148.66666666666666,4,3,2,9,Hibernating,1,Core Growth
16444,2011-03-20 12:14:00,2011-10-24 13:50:00,4,654.67,407,68,46,219,163.6675,101.75,3,3,2,8,Hibernating,1,Core Growth
16445,2011-11-06 12:32:00,2011-11-06 12:32:00,1,230.51,111,62,34,1,230.51,111.0,3,1,1,5,Promising,2,Hibernating
16446,2011-05-18 09:52:00,2011-12-09 09:15:00,2,168472.5,80997,3,1,205,84236.25,40498.5,4,2,4,10,Big Spenders,3,Champions
16447,2011-07-27 12:45:00,2011-07-27 12:45:00,1,259.01,223,34,136,1,259.01,223.0,2,1,1,4,Hibernating,2,Hibernating
16448,2011-05-25 16:28:00,2011-05-25 16:28:00,1,188.89000000000001,78,19,198,1,188.89000000000001,78.0,1,1,1,3,Hibernating,2,Hibernating
16449,2011-03-04 12:15:00,2011-05-26 10:25:00,2,707.69,367,40,198,83,353.845,183.5,1,2,3,6,At Risk,0,Big-Ticket Occasionals
16450,2011-07-13 11:47:00,2011-07-13 11:47:00,1,311.92,200,11,150,1,311.92,200.0,1,1,2,4,Hibernating,0,Big-Ticket Occasionals
16451,2011-09-13 09:17:00,2011-09-13 09:17:00,1,266.97,120,14,88,1,266.97,120.0,2,1,1,4,Hibernating,2,Hibernating
16454,2011-10-06 16:57:00,2011-10-26 11:40:00,2,6.9,3,2,45,20,3.45,1.5,3,2,1,6,Promising,2,Hibernating
16455,2010-12-03 16:44:00,2011-10-07 12:17:00,7,1841.18,988,69,64,308,263.0257142857143,141.14285714285714,2,4,4,10,Loyal Customers,1,Core Growth
16456,2010-12-01 14:11:00,2011-09-01 13:50:00,5,2158.37,1148,80,99,274,431.674,229.6,2,4,4,10,Loyal Customers,0,Big-Ticket Occasionals
16457,2011-05-05 13:19:00,2011-05-05 13:19:00,1,208.36,140,9,218,1,208.36,140.0,1,1,1,3,Hibernating,2,Hibernating
16458,2010-12-14 11:51:00,2011-12-07 09:34:00,18,3482.7400000000002,2154,52,3,358,193.48555555555558,119.66666666666667,4,4,4,12,Champions,3,Champions
16460,2011-09-19 10:15:00,2011-11-11 13:46:00,3,814.72,879,128,28,54,271.5733333333333,293.0,3,3,3,9,Hibernating,1,Core Growth
16461,2011-06-15 12:07:00,2011-06-15 12:07:00,1,151.42,49,31,178,1,151.42,49.0,1,1,1,3,Hibernating,2,Hibernating
16462,2011-03-01 08:58:00,2011-09-27 10:24:00,3,136.0,16,1,74,211,45.333333333333336,5.333333333333333,2,3,1,6,At Risk,2,Hibernating
16463,2011-05-19 14:45:00,2011-11-18 14:01:00,4,1422.4,1163,74,21,183,355.6,290.75,3,3,3,9,Hibernating,1,Core Growth
16464,2011-07-20 13:53:00,2011-11-20 12:11:00,3,1314.68,963,152,20,123,438.2266666666667,321.0,3,3,3,9,Hibernating,1,Core Growth
16466,2011-02-20 11:39:00,2011-11-06 11:35:00,7,1603.46,789,103,34,259,229.06571428571428,112.71428571428571,3,4,3,10,Loyal Customers,1,Core Growth
16468,2011-09-26 14:13:00,2011-09-26 14:13:00,1,74.9,31,2,74,1,74.9,31.0,2,1,1,4,Hibernating,2,Hibernating
16469,2011-04-07 13:11:00,2011-11-16 12:25:00,4,650.43,273,148,24,223,162.6075,68.25,3,3,2,8,Hibernating,1,Core Growth
16470,2010-12-16 11:53:00,2011-10-19 12:11:00,4,762.39,531,120,52,308,190.5975,132.75,2,3,3,8,At Risk,1,Core Growth
16471,2011-03-10 09:41:00,2011-03-10 09:41:00,1,223.95000000000002,141,13,275,1,223.95000000000002,141.0,1,1,1,3,Hibernating,2,Hibernating
16473,2011-01-07 10:55:00,2011-06-28 09:10:00,3,316.11,196,18,165,172,105.37,65.33333333333333,1,3,2,6,At Risk,2,Hibernating
16474,2011-07-17 14:51:00,2011-12-02 13:02:00,7,1871.5,943,237,7,138,267.35714285714283,134.71428571428572,4,4,4,12,Champions,3,Champions
16475,2011-03-11 09:39:00,2011-09-12 14:37:00,4,544.3,319,23,88,186,136.075,79.75,2,3,2,7,At Risk,1,Core Growth
16477,2010-12-03 12:48:00,2011-10-07 09:44:00,7,2494.46,1415,111,64,308,356.3514285714286,202.14285714285714,2,4,4,10,Loyal Customers,3,Champions
16478,2011-10-05 12:02:00,2011-11-14 15:51:00,3,331.0,224,15,25,41,110.33333333333333,74.66666666666667,3,3,2,8,Hibernating,1,Core Growth
16479,2011-11-29 13:04:00,2011-11-29 13:40:00,2,300.83,102,35,10,1,150.415,51.0,4,2,1,7,Promising,1,Core Growth
16480,2011-09-25 11:40:00,2011-09-25 11:40:00,1,769.29,455,51,76,1,769.29,455.0,2,1,3,6,At Risk,0,Big-Ticket Occasionals
16482,2011-11-24 12:33:00,2011-11-24 12:33:00,1,220.62,346,18,16,1,220.62,346.0,4,1,1,6,Promising,1,Core Growth
16483,2011-05-31 13:08:00,2011-05-31 13:08:00,1,139.35,44,19,192,1,139.35,44.0,1,1,1,3,Hibernating,2,Hibernating
16484,2011-06-02 10:39:00,2011-06-19 12:06:00,2,404.3,200,25,174,18,202.15,100.0,1,2,2,5,Hibernating,2,Hibernating
16485,2011-09-23 15:50:00,2011-09-23 15:50:00,1,363.65,235,41,77,1,363.65,235.0,2,1,2,5,Hibernating,0,Big-Ticket Occasionals
16488,2011-07-14 11:46:00,2011-11-06 13:42:00,3,498.8,728,28,33,116,166.26666666666668,242.66666666666666,3,3,2,8,Hibernating,1,Core Growth
16491,2011-10-24 10:18:00,2011-10-24 10:18:00,1,731.5,478,39,47,1,731.5,478.0,3,1,3,7,Promising,0,Big-Ticket Occasionals
16493,2011-01-14 08:16:00,2011-09-21 11:10:00,4,1351.63,1164,40,80,251,337.9075,291.0,2,3,3,8,At Risk,0,Big-Ticket Occasionals
16494,2011-02-16 12:49:00,2011-02-16 12:49:00,1,826.53,675,47,297,1,826.53,675.0,1,1,3,5,At Risk,0,Big-Ticket Occasionals
16495,2011-03-08 16:38:00,2011-12-06 13:20:00,3,684.41,337,78,3,273,228.13666666666666,112.33333333333333,4,3,3,10,Hibernating,1,Core Growth
16496,2011-01-27 09:42:00,2011-12-01 10:31:00,3,1599.52,1111,92,9,309,533.1733333333333,370.3333333333333,4,3,3,10,Hibernating,1,Core Growth
16497,2011-01-10 13:20:00,2011-10-21 10:55:00,6,2965.69,1396,128,50,284,494.2816666666667,232.66666666666666,3,4,4,11,Loyal Customers,3,Champions
16498,2011-06-30 19:52:00,2011-07-01 15:07:00,2,100.97,45,15,161,1,50.485,22.5,1,2,1,4,Hibernating,2,Hibernating
16499,2010-12-10 10:27:00,2010-12-14 13:31:00,2,365.45,127,18,360,5,182.725,63.5,1,2,2,5,Hibernating,2,Hibernating
16500,2011-01-13 10:28:00,2011-12-05 12:04:00,6,400.86,123,8,5,327,66.81,20.5,4,4,2,10,Hibernating,1,Core Growth
16503,2010-12-14 13:50:00,2011-08-25 11:46:00,4,1431.93,569,71,107,254,357.9825,142.25,2,3,3,8,At Risk,0,Big-Ticket Occasionals
16504,2011-11-14 15:18:00,2011-11-14 15:18:00,1,484.38,524,76,25,1,484.38,524.0,3,1,2,6,Promising,0,Big-Ticket Occasionals
16505,2011-11-08 12:14:00,2011-11-08 12:14:00,1,777.6,576,4,32,1,777.6,576.0,3,1,3,7,Promising,0,Big-Ticket Occasionals
16506,2011-10-30 15:50:00,2011-11-20 12:17:00,2,90.30000000000001,42,3,20,21,45.150000000000006,21.0,3,2,1,6,Promising,2,Hibernating
16509,2011-02-16 09:25:00,2011-02-16 09:25:00,1,363.7,64,13,297,1,363.7,64.0,1,1,2,4,Hibernating,2,Hibernating
16510,2010-12-02 13:39:00,2010-12-02 13:39:00,1,248.1,92,13,372,1,248.1,92.0,1,1,1,3,Hibernating,2,Hibernating
16511,2011-03-18 11:24:00,2011-11-18 10:41:00,3,950.26,417,135,22,245,316.75333333333333,139.0,3,3,3,9,Hibernating,1,Core Growth
16513,2011-10-27 14:56:00,2011-12-05 10:18:00,4,874.59,407,33,5,39,218.6475,101.75,4,3,3,10,Hibernating,1,Core Growth
16515,2011-02-01 13:09:00,2011-10-18 13:10:00,5,1627.13,833,89,52,260,325.42600000000004,166.6,2,4,3,9,Loyal Customers,1,Core Growth
16516,2011-11-09 14:59:00,2011-11-09 14:59:00,1,101.69999999999999,58,6,30,1,101.69999999999999,58.0,3,1,1,5,Promising,2,Hibernating
16517,2011-03-07 13:50:00,2011-03-07 13:50:00,1,162.7,96,17,277,1,162.7,96.0,1,1,1,3,Hibernating,2,Hibernating
16518,2011-02-28 16:36:00,2011-10-09 15:04:00,2,484.32,327,36,61,223,242.16,163.5,2,2,2,6,Hibernating,0,Big-Ticket Occasionals
16519,2010-12-09 14:08:00,2011-11-14 15:41:00,2,215.07999999999998,54,13,25,341,107.53999999999999,27.0,3,2,1,6,Promising,2,Hibernating
16520,2010-12-09 13:08:00,2011-06-06 13:24:00,3,1046.57,558,129,186,180,348.8566666666666,186.0,1,3,3,7,At Risk,0,Big-Ticket Occasionals
16523,2011-01-28 12:06:00,2011-12-08 09:06:00,21,9418.470000000001,4265,151,2,314,448.4985714285715,203.0952380952381,4,4,4,12,Champions,3,Champions
16525,2010-12-08 11:31:00,2011-12-07 15:07:00,26,13027.45,7397,75,2,365,501.0557692307693,284.5,4,4,4,12,Champions,3,Champions
16526,2011-06-21 12:02:00,2011-06-21 12:02:00,1,290.36,106,15,172,1,290.36,106.0,1,1,1,3,Hibernating,2,Hibernating
16527,2011-09-19 16:21:00,2011-09-19 16:21:00,1,228.06,106,14,81,1,228.06,106.0,2,1,1,4,Hibernating,2,Hibernating
16528,2011-12-06 12:45:00,2011-12-06 12:45:00,1,244.41,171,17,4,1,244.41,171.0,4,1,1,6,Promising,1,Core Growth
16529,2011-06-02 17:23:00,2011-06-02 17:23:00,1,455.25,198,30,190,1,455.25,198.0,1,1,2,4,Hibernating,0,Big-Ticket Occasionals
16531,2010-12-14 13:19:00,2011-11-17 16:29:00,7,1244.59,915,68,22,339,177.79857142857142,130.71428571428572,3,4,3,10,Loyal Customers,1,Core Growth
16532,2011-01-05 12:37:00,2011-11-22 11:08:00,3,6748.8,2016,2,18,321,2249.6,672.0,3,3,4,10,Big Spenders,3,Champions
16533,2011-10-02 15:07:00,2011-11-20 13:08:00,3,1095.56,612,112,19,49,365.18666666666667,204.0,3,3,3,9,Hibernating,1,Core Growth
16535,2011-12-04 15:18:00,2011-12-04 15:18:00,1,593.75,356,31,5,1,593.75,356.0,4,1,2,7,Promising,1,Core Growth
16536,2011-08-21 15:54:00,2011-08-21 15:54:00,1,548.97,251,49,110,1,548.97,251.0,2,1,2,5,Hibernating,0,Big-Ticket Occasionals
16539,2010-12-01 15:40:00,2011-12-07 08:41:00,4,1388.81,477,36,3,371,347.2025,119.25,4,3,3,10,Hibernating,1,Core Growth
16542,2011-10-17 10:47:00,2011-10-17 10:47:00,1,119.62,46,5,54,1,119.62,46.0,2,1,1,4,Hibernating,2,Hibernating
16545,2011-06-28 10:37:00,2011-06-28 10:37:00,1,339.3,78,3,165,1,339.3,78.0,1,1,2,4,Hibernating,2,Hibernating
16546,2010-12-02 12:07:00,2011-02-22 11:20:00,2,787.15,549,25,291,82,393.575,274.5,1,2,3,6,At Risk,0,Big-Ticket Occasionals
16549,2011-01-09 14:03:00,2011-11-29 15:06:00,10,4154.64,2365,445,10,325,415.46400000000006,236.5,4,4,4,12,Champions,3,Champions
16550,2010-12-06 13:53:00,2011-08-23 11:12:00,5,2298.97,1540,162,109,260,459.794,308.0,2,4,4,10,Loyal Customers,0,Big-Ticket Occasionals
16551,2011-01-07 10:24:00,2011-09-05 09:38:00,3,922.12,970,26,96,241,307.37333333333333,323.3333333333333,2,3,3,8,At Risk,0,Big-Ticket Occasionals
16552,2010-12-01 12:36:00,2011-04-11 10:04:00,2,379.73,219,17,243,131,189.865,109.5,1,2,2,5,Hibernating,2,Hibernating
16553,2010-12-14 13:58:00,2011-06-29 15:42:00,12,5719.82,4600,62,163,198,476.65166666666664,383.3333333333333,1,4,4,9,At Risk,3,Champions
16554,2011-01-12 12:41:00,2011-10-28 14:51:00,3,837.1,402,51,42,290,279.03333333333336,134.0,3,3,3,9,Hibernating,1,Core Growth
16555,2011-08-22 12:32:00,2011-11-04 14:31:00,2,285.89,175,15,35,75,142.945,87.5,3,2,1,6,Promising,2,Hibernating
16556,2010-12-14 13:32:00,2011-10-04 11:36:00,7,3313.79,1890,144,67,294,473.3985714285714,270.0,2,4,4,10,Loyal Customers,3,Champions
16557,2011-07-25 13:28:00,2011-11-15 14:04:00,2,281.85,111,11,24,114,140.925,55.5,3,2,1,6,Promising,2,Hibernating
16558,2010-12-08 12:01:00,2011-12-09 10:20:00,20,8338.49,5377,264,1,366,416.92449999999997,268.85,4,4,4,12,Champions,3,Champions
16560,2010-12-16 14:36:00,2011-11-13 10:35:00,2,841.41,500,52,27,332,420.705,250.0,3,2,3,8,Promising,1,Core Growth
16561,2011-10-11 09:53:00,2011-12-04 11:50:00,2,511.12,244,29,6,55,255.56,122.0,4,2,2,8,Promising,1,Core Growth
16563,2011-10-17 11:51:00,2011-10-17 11:51:00,1,1077.74,486,19,54,1,1077.74,486.0,2,1,3,6,At Risk,0,Big-Ticket Occasionals
16565,2010-12-10 15:21:00,2010-12-10 15:21:00,1,173.7,46,3,364,1,173.7,46.0,1,1,1,3,Hibernating,2,Hibernating
16566,2011-02-20 10:29:00,2011-11-24 16:34:00,5,614.66,362,14,15,278,122.93199999999999,72.4,4,4,2,10,Hibernating,1,Core Growth
16567,2011-01-07 09:31:00,2011-05-29 13:57:00,2,865.6,996,34,194,143,432.8,498.0,1,2,3,6,At Risk,0,Big-Ticket Occasionals
16569,2011-12-06 15:32:00,2011-12-06 15:32:00,1,124.2,93,5,3,1,124.2,93.0,4,1,1,6,Promising,2,Hibernating
16570,2011-02-01 10:37:00,2011-11-24 17:02:00,10,3738.4,2112,68,15,297,373.84000000000003,211.2,4,4,4,12,Champions,3,Champions
16571,2011-03-03 09:41:00,2011-11-13 11:46:00,3,1421.69,1239,73,27,256,473.8966666666667,413.0,3,3,3,9,Hibernating,1,Core Growth
16572,2011-03-09 12:04:00,2011-08-04 16:34:00,3,1009.6,532,40,127,149,336.53333333333336,177.33333333333334,2,3,3,8,At Risk,0,Big-Ticket Occasionals
16573,2011-02-22 15:14:00,2011-09-16 09:13:00,2,663.61,360,40,85,206,331.805,180.0,2,2,2,6,Hibernating,0,Big-Ticket Occasionals
16574,2011-09-29 13:39:00,2011-09-29 13:39:00,1,451.44,416,28,71,1,451.44,416.0,2,1,2,5,Hibernating,0,Big-Ticket Occasionals
16581,2011-06-10 10:05:00,2011-06-10 10:05:00,1,105.84,134,9,183,1,105.84,134.0,1,1,1,3,Hibernating,2,Hibernating
16582,2011-08-18 17:02:00,2011-08-18 17:02:00,1,313.62,164,6,113,1,313.62,164.0,2,1,2,5,Hibernating,0,Big-Ticket Occasionals
16583,2010-12-01 12:03:00,2010-12-01 12:03:00,1,233.45,111,14,374,1,233.45,111.0,1,1,1,3,Hibernating,2,Hibernating
16584,2011-03-30 13:14:00,2011-09-20 13:45:00,2,936.08,646,25,80,175,468.04,323.0,2,2,3,7,At Risk,0,Big-Ticket Occasionals
16586,2011-04-05 09:32:00,2011-04-05 09:32:00,1,463.95,95,8,249,1,463.95,95.0,1,1,2,4,Hibernating,0,Big-Ticket Occasionals
16587,2011-04-21 15:51:00,2011-04-21 15:51:00,1,225.15,71,13,232,1,225.15,71.0,1,1,1,3,Hibernating,2,Hibernating
16589,2011-07-01 13:31:00,2011-09-29 14:50:00,3,459.24,368,31,71,91,153.08,122.66666666666667,2,3,2,7,At Risk,1,Core Growth
16591,2011-10-02 10:43:00,2011-10-02 10:43:00,1,213.5,41,10,69,1,213.5,41.0,2,1,1,4,Hibernating,2,Hibernating
16592,2011-02-25 10:19:00,2011-12-05 13:49:00,16,4113.68,2927,142,4,284,257.105,182.9375,4,4,4,12,Champions,3,Champions
16593,2011-01-16 12:11:00,2011-10-20 12:41:00,3,330.03,116,24,51,278,110.00999999999999,38.666666666666664,2,3,2,7,At Risk,2,Hibernating
16594,2011-09-25 14:08:00,2011-09-25 14:08:00,1,181.09,64,53,75,1,181.09,64.0,2,1,1,4,Hibernating,2,Hibernating
16595,2011-10-09 13:15:00,2011-10-09 13:15:00,1,360.16,335,83,61,1,360.16,335.0,2,1,2,5,Hibernating,0,Big-Ticket Occasionals
16596,2010-12-08 16:18:00,2011-11-24 10:02:00,2,250.15,97,12,16,351,125.075,48.5,4,2,1,7,Promising,2,Hibernating
16597,2011-12-05 15:44:00,2011-12-05 15:44:00,1,90.04,184,7,4,1,90.04,184.0,4,1,1,6,Promising,2,Hibernating
16598,2011-02-27 11:42:00,2011-02-27 11:42:00,1,145.04999999999998,73,10,286,1,145.04999999999998,73.0,1,1,1,3,Hibernating,2,Hibernating
16600,2011-01-05 12:13:00,2011-12-05 16:00:00,6,813.52,1145,50,4,335,135.58666666666667,190.83333333333334,4,4,3,11,Loyal Customers,1,Core Growth
16601,2011-10-30 11:09:00,2011-10-30 11:09:00,1,244.79999999999998,134,29,41,1,244.79999999999998,134.0,3,1,1,5,Promising,2,Hibernating
16602,2011-11-03 15:54:00,2011-11-03 15:54:00,1,528.08,336,29,36,1,528.08,336.0,3,1,2,6,Promising,0,Big-Ticket Occasionals
16603,2011-09-09 13:02:00,2011-09-26 10:06:00,2,482.47,480,34,75,17,241.235,240.0,2,2,2,6,Hibernating,0,Big-Ticket Occasionals
16607,2010-12-16 08:41:00,2011-11-22 10:24:00,14,3347.71,2859,140,18,342,239.12214285714285,204.21428571428572,3,4,4,11,Loyal Customers,3,Champions
16609,2011-04-01 10:11:00,2011-11-24 13:32:00,7,5493.46,2420,155,15,238,784.78,345.7142857142857,4,4,4,12,Champions,3,Champions
16610,2011-05-04 13:13:00,2011-05-04 13:13:00,1,75.66,66,6,219,1,75.66,66.0,1,1,1,3,Hibernating,2,Hibernating
16611,2011-06-06 15:46:00,2011-06-06 15:46:00,1,129.49,47,9,186,1,129.49,47.0,1,1,1,3,Hibernating,2,Hibernating
16612,2011-02-01 10:38:00,2011-11-07 07:38:00,4,1187.66,506,48,33,279,296.915,126.5,3,3,3,9,Hibernating,1,Core Growth
16613,2011-09-30 15:52:00,2011-09-30 15:52:00,1,618.59,293,30,70,1,618.59,293.0,2,1,2,5,Hibernating,0,Big-Ticket Occasionals
16614,2011-06-10 11:36:00,2011-06-10 11:36:00,1,506.19,223,26,183,1,506.19,223.0,1,2,2,5,Hibernating,0,Big-Ticket Occasionals
16616,2011-07-05 13:38:00,2011-11-24 16:31:00,2,500.42,370,31,15,143,250.21,185.0,4,2,2,8,Promising,1,Core Growth
16617,2011-04-18 10:35:00,2011-04-18 10:35:00,1,151.85,91,5,236,1,151.85,91.0,1,2,1,4,Hibernating,2,Hibernating
16618,2011-01-21 11:55:00,2011-11-08 13:52:00,5,2647.59,1363,79,31,292,529.518,272.6,3,4,4,11,Loyal Customers,3,Champions
16619,2011-03-21 08:18:00,2011-03-21 08:18:00,1,226.21,133,14,264,1,226.21,133.0,1,2,1,4,Hibernating,2,Hibernating
16620,2011-03-24 10:37:00,2011-12-06 12:19:00,2,178.96,88,9,4,258,89.48,44.0,4,2,1,7,Promising,1,Core Growth
16621,2011-03-07 11:32:00,2011-10-19 11:38:00,4,813.48,302,22,52,227,203.37,75.5,2,3,3,8,At Risk,1,Core Growth
16623,2011-04-08 10:09:00,2011-04-08 10:09:00,1,129.45,39,5,246,1,129.45,39.0,1,2,1,4,Hibernating,2,Hibernating
16624,2011-05-26 14:20:00,2011-09-20 12:39:00,2,810.5699999999999,488,44,81,117,405.28499999999997,244.0,2,2,3,7,At Risk,0,Big-Ticket Occasionals
16625,2011-03-10 12:50:00,2011-03-10 12:50:00,1,333.08,164,23,275,1,333.08,164.0,1,2,2,5,Hibernating,0,Big-Ticket Occasionals
16626,2011-03-18 12:27:00,2011-12-09 11:56:00,17,4413.1,2690,86,1,266,259.59411764705885,158.23529411764707,4,4,4,12,Champions,3,Champions
16627,2011-09-21 14:38:00,2011-09-21 14:38:00,1,322.8,162,20,79,1,322.8,162.0,2,2,2,6,Hibernating,0,Big-Ticket Occasionals
16628,2011-04-19 08:55:00,2011-11-10 12:45:00,5,2188.05,1205,79,30,206,437.61,241.0,3,4,4,11,Loyal Customers,3,Champions
16629,2011-09-04 16:12:00,2011-09-27 10:34:00,2,417.73,493,58,74,23,208.865,246.5,2,2,2,6,Hibernating,0,Big-Ticket Occasionals
16633,2011-04-19 14:36:00,2011-11-22 13:41:00,6,2883.1,1138,115,17,217,480.51666666666665,189.66666666666666,4,4,4,12,Champions,3,Champions
16634,2010-12-02 17:41:00,2011-05-01 12:09:00,2,217.9,82,9,223,150,108.95,41.0,1,2,1,4,Hibernating,2,Hibernating
16637,2011-04-28 10:20:00,2011-11-07 13:17:00,4,1154.47,927,66,32,194,288.6175,231.75,3,3,3,9,Hibernating,1,Core Growth
16638,2010-12-06 10:19:00,2011-11-17 11:09:00,10,1680.72,1255,92,23,347,168.072,125.5,3,4,4,11,Loyal Customers,3,Champions
16639,2011-04-18 09:31:00,2011-11-08 13:20:00,3,1257.51,510,48,31,205,419.17,170.0,3,3,3,9,Hibernating,1,Core Growth
16641,2011-08-26 12:49:00,2011-08-26 12:49:00,1,231.10000000000002,256,12,106,1,231.10000000000002,256.0,2,2,1,5,Hibernating,2,Hibernating
16642,2011-05-16 12:35:00,2011-12-05 11:31:00,2,688.33,479,32,5,203,344.165,239.5,4,2,3,9,Promising,1,Core Growth
16643,2011-04-08 08:24:00,2011-04-08 08:24:00,1,487.51,269,27,246,1,487.51,269.0,1,2,2,5,Hibernating,0,Big-Ticket Occasionals
16644,2011-05-11 12:53:00,2011-06-15 12:39:00,2,833.78,826,62,178,35,416.89,413.0,1,2,3,6,At Risk,0,Big-Ticket Occasionals
16647,2011-05-19 09:31:00,2011-06-23 11:47:00,2,214.06,146,12,170,36,107.03,73.0,1,2,1,4,Hibernating,2,Hibernating
16648,2011-10-28 08:58:00,2011-10-28 08:58:00,1,290.65999999999997,281,19,43,1,290.65999999999997,281.0,3,2,1,6,Promising,0,Big-Ticket Occasionals
16650,2011-09-29 09:51:00,2011-09-29 09:51:00,1,518.42,372,24,72,1,518.42,372.0,2,2,2,6,Hibernating,0,Big-Ticket Occasionals
16652,2011-03-11 13:13:00,2011-10-12 09:38:00,7,6773.97,3283,74,59,215,967.71,469.0,2,4,4,10,Loyal Customers,3,Champions
16653,2011-09-29 13:38:00,2011-11-23 14:51:00,2,1212.66,733,67,16,56,606.33,366.5,4,2,3,9,Promising,1,Core Growth
16654,2010-12-06 15:09:00,2011-07-21 15:23:00,4,601.27,282,29,141,228,150.3175,70.5,2,3,2,7,At Risk,1,Core Growth
16655,2011-01-12 10:16:00,2011-11-22 11:25:00,6,3794.52,2367,208,18,315,632.42,394.5,3,4,4,11,Loyal Customers,3,Champions
16656,2010-12-10 11:23:00,2011-11-17 14:43:00,15,8625.8,8894,14,22,343,575.0533333333333,592.9333333333333,3,4,4,11,Loyal Customers,3,Champions
16657,2011-03-30 12:02:00,2011-11-30 11:48:00,4,933.62,1229,158,10,245,233.405,307.25,4,3,3,10,Hibernating,1,Core Growth
16658,2010-12-06 13:47:00,2010-12-06 13:47:00,1,123.24,40,8,368,1,123.24,40.0,1,2,1,4,Hibernating,2,Hibernating
16659,2011-06-03 15:03:00,2011-06-03 15:03:00,1,39.12,72,2,189,1,39.12,72.0,1,2,1,4,Hibernating,2,Hibernating
16660,2011-01-24 12:44:00,2011-11-23 14:53:00,4,1267.6499999999999,571,16,16,304,316.91249999999997,142.75,4,3,3,10,Hibernating,1,Core Growth
16665,2010-12-12 14:03:00,2010-12-12 14:03:00,1,135.39999999999998,59,9,362,1,135.39999999999998,59.0,1,2,1,4,Hibernating,2,Hibernating
16666,2011-11-20 14:01:00,2011-11-20 14:01:00,1,118.98,233,32,19,1,118.98,233.0,3,2,1,6,Promising,2,Hibernating
16667,2011-02-28 12:57:00,2011-10-02 15:26:00,2,570.13,237,52,68,217,285.065,118.5,2,2,2,6,Hibernating,0,Big-Ticket Occasionals
16668,2011-02-28 12:46:00,2011-11-24 17:43:00,6,306.71999999999997,318,9,15,270,51.12,53.0,4,4,1,9,Hibernating,1,Core Growth
16669,2011-09-22 14:13:00,2011-11-16 12:26:00,3,1374.8700000000001,888,141,24,55,458.29,296.0,3,3,3,9,Hibernating,1,Core Growth
16670,2010-12-16 10:30:00,2011-11-23 09:34:00,11,4095.9,2556,179,17,342,372.3545454545455,232.36363636363637,4,4,4,12,Champions,3,Champions
16671,2011-06-28 11:20:00,2011-11-11 13:40:00,3,1692.27,875,3,28,137,564.09,291.6666666666667,3,3,4,10,Big Spenders,1,Core Growth
16672,2011-03-18 10:15:00,2011-12-07 16:29:00,20,8134.9400000000005,2832,22,2,265,406.747,141.6,4,4,4,12,Champions,3,Champions
16674,2011-09-02 13:59:00,2011-10-16 11:31:00,2,319.61,188,89,55,44,159.805,94.0,2,2,2,6,Hibernating,2,Hibernating
16676,2011-01-06 13:00:00,2011-11-06 12:01:00,4,1592.1200000000001,636,75,34,304,398.03000000000003,159.0,3,3,3,9,Hibernating,1,Core Growth
16678,2011-03-02 09:24:00,2011-12-07 12:17:00,12,3109.99,2397,92,3,281,259.1658333333333,199.75,4,4,4,12,Champions,3,Champions
16679,2010-12-08 13:51:00,2010-12-08 13:51:00,1,129.75,29,3,366,1,129.75,29.0,1,2,1,4,Hibernating,2,Hibernating
16680,2011-10-27 17:35:00,2011-10-27 17:35:00,1,183.7,94,10,43,1,183.7,94.0,3,2,1,6,Promising,2,Hibernating
16681,2011-03-31 13:46:00,2011-09-28 11:11:00,6,1770.34,1407,18,73,181,295.0566666666667,234.5,2,4,4,10,Loyal Customers,1,Core Growth
16682,2011-06-05 11:02:00,2011-12-05 12:13:00,5,1028.0,1040,15,5,184,205.6,208.0,4,4,3,11,Loyal Customers,1,Core Growth
16684,2010-12-16 17:34:00,2011-12-05 14:06:00,28,66653.56,50255,119,4,354,2380.4842857142858,1794.8214285714287,4,4,4,12,Champions,3,Champions
16685,2011-10-09 13:44:00,2011-10-09 13:58:00,2,324.24,396,60,61,1,162.12,198.0,2,2,2,6,Hibernating,1,Core Growth
16686,2010-12-19 14:41:00,2011-10-23 13:49:00,7,3062.83,2030,406,47,308,437.54714285714283,290.0,3,4,4,11,Loyal Customers,3,Champions
16688,2011-10-10 12:23:00,2011-12-08 15:24:00,4,1260.86,804,52,1,60,315.215,201.0,4,3,3,10,Hibernating,1,Core Growth
16689,2011-09-18 13:29:00,2011-09-25 11:39:00,2,422.59999999999997,330,12,76,7,211.29999999999998,165.0,2,2,2,6,Hibernating,0,Big-Ticket Occasionals
16690,2011-05-22 10:53:00,2011-09-28 15:02:00,2,225.57999999999998,138,10,72,130,112.78999999999999,69.0,2,2,1,5,Hibernating,2,Hibernating
16692,2011-02-23 15:41:00,2011-03-28 14:46:00,2,1276.0,152,2,256,33,638.0,76.0,1,2,3,6,At Risk,0,Big-Ticket Occasionals
16693,2011-03-13 11:06:00,2011-10-02 11:10:00,2,482.01,204,58,69,204,241.005,102.0,2,2,2,6,Hibernating,0,Big-Ticket Occasionals
16696,2011-04-05 15:20:00,2011-07-27 14:23:00,4,657.9000000000001,146,7,135,113,164.47500000000002,36.5,2,3,2,7,At Risk,2,Hibernating
16697,2011-04-12 17:12:00,2011-04-12 17:12:00,1,112.75,27,20,241,1,112.75,27.0,1,2,1,4,Hibernating,2,Hibernating
16698,2011-03-31 13:33:00,2011-04-27 10:52:00,2,1998.0,840,4,227,27,999.0,420.0,1,2,4,7,At Risk,0,Big-Ticket Occasionals
16700,2010-12-08 16:34:00,2011-12-01 11:00:00,13,5076.55,4024,159,9,358,390.50384615384615,309.53846153846155,4,4,4,12,Champions,3,Champions
16701,2010-12-13 11:51:00,2011-12-01 11:10:00,13,5398.3,6393,99,9,353,415.25384615384615,491.7692307692308,4,4,4,12,Champions,3,Champions
16705,2010-12-16 10:51:00,2011-12-09 12:08:00,20,14034.99,5476,133,1,359,701.7495,273.8,4,4,4,12,Champions,3,Champions
16706,2011-08-17 15:53:00,2011-11-02 13:50:00,3,531.35,249,108,37,77,177.11666666666667,83.0,3,3,2,8,Hibernating,1,Core Growth
16708,2011-10-25 12:20:00,2011-10-25 12:20:00,1,656.63,285,27,46,1,656.63,285.0,3,2,2,7,Promising,0,Big-Ticket Occasionals
16709,2011-03-03 10:55:00,2011-09-16 10:56:00,5,3029.87,851,64,85,198,605.9739999999999,170.2,2,4,4,10,Loyal Customers,0,Big-Ticket Occasionals
16710,2010-12-06 13:13:00,2011-11-20 14:50:00,10,2483.04,1836,268,19,350,248.304,183.6,3,4,4,11,Loyal Customers,3,Champions
16711,2010-12-17 12:43:00,2011-12-06 16:32:00,5,1651.03,833,18,3,355,330.206,166.6,4,4,3,11,Loyal Customers,1,Core Growth
16712,2011-03-08 15:07:00,2011-11-30 13:48:00,11,3645.43,1749,259,9,267,331.40272727272725,159.0,4,4,4,12,Champions,3,Champions
16713,2010-12-08 13:01:00,2011-11-21 12:36:00,15,6923.13,4276,338,19,348,461.54200000000003,285.06666666666666,3,4,4,11,Loyal Customers,3,Champions
16714,2011-01-26 13:40:00,2011-05-05 11:09:00,3,1161.53,610,77,219,99,387.1766666666667,203.33333333333334,1,3,3,7,At Risk,0,Big-Ticket Occasionals
16715,2011-09-22 18:15:00,2011-09-22 18:15:00,1,301.71999999999997,642,19,78,1,301.71999999999997,642.0,2,2,1,5,Hibernating,0,Big-Ticket Occasionals
16716,2011-02-01 15:35:00,2011-03-18 10:03:00,2,901.2,120,1,267,45,450.6,60.0,1,2,3,6,At Risk,0,Big-Ticket Occasionals
16717,2010-12-08 16:48:00,2011-11-16 12:16:00,6,3858.38,1866,176,24,343,643.0633333333334,311.0,3,4,4,11,Loyal Customers,3,Champions
16718,2010-12-05 13:03:00,2010-12-05 13:03:00,1,623.75,413,41,369,1,623.75,413.0,1,2,2,5,Hibernating,0,Big-Ticket Occasionals
16719,2010-12-06 12:06:00,2011-11-25 09:27:00,7,1790.42,1204,107,15,354,255.77428571428572,172.0,4,4,4,12,Champions,3,Champions
16720,2011-11-13 16:22:00,2011-11-13 16:22:00,1,155.24,182,25,26,1,155.24,182.0,3,2,1,6,Promising,2,Hibernating
16721,2011-03-22 16:08:00,2011-03-22 16:08:00,1,292.47,172,37,262,1,292.47,172.0,1,2,1,4,Hibernating,0,Big-Ticket Occasionals
16722,2010-12-06 12:59:00,2011-11-22 13:28:00,13,4730.81,5001,96,17,352,363.90846153846155,384.6923076923077,4,4,4,12,Champions,3,Champions
16723,2011-08-24 11:31:00,2011-09-09 13:01:00,2,589.15,399,37,91,17,294.575,199.5,2,2,2,6,Hibernating,0,Big-Ticket Occasionals
16725,2010-12-03 16:02:00,2011-02-10 16:52:00,7,781.02,294,110,302,70,111.57428571428571,42.0,1,4,3,8,At Risk,1,Core Growth
16726,2010-12-13 13:28:00,2011-11-13 14:53:00,5,1382.02,977,121,26,336,276.404,195.4,3,4,3,10,Loyal Customers,1,Core Growth
16727,2010-12-10 13:48:00,2010-12-10 13:48:00,1,272.82,177,41,364,1,272.82,177.0,1,2,1,4,Hibernating,2,Hibernating
16728,2011-03-20 13:28:00,2011-10-24 14:36:00,4,1054.67,677,218,46,219,263.6675,169.25,3,3,3,9,Hibernating,1,Core Growth
16729,2011-04-12 14:22:00,2011-11-01 14:29:00,21,7239.92,5783,234,38,204,344.7580952380952,275.3809523809524,3,4,4,11,Loyal Customers,3,Champions
16730,2011-01-24 14:01:00,2011-10-18 14:11:00,3,743.11,994,75,52,268,247.70333333333335,331.3333333333333,2,3,3,8,At Risk,1,Core Growth
16732,2011-11-08 09:54:00,2011-11-08 09:54:00,1,603.75,317,28,32,1,603.75,317.0,3,2,2,7,Promising,0,Big-Ticket Occasionals
16734,2011-08-17 15:00:00,2011-10-18 13:44:00,3,650.51,346,44,52,62,216.83666666666667,115.33333333333333,2,3,2,7,At Risk,1,Core Growth
16735,2011-01-09 12:53:00,2011-09-22 11:49:00,5,2300.56,1573,88,79,256,460.11199999999997,314.6,2,4,4,10,Loyal Customers,3,Champions
16737,2011-10-17 13:03:00,2011-10-17 13:03:00,1,417.59999999999997,288,1,53,1,417.59999999999997,288.0,2,2,2,6,Hibernating,0,Big-Ticket Occasionals
16738,2011-02-15 09:46:00,2011-02-15 09:46:00,1,3.75,3,1,298,1,3.75,3.0,1,2,1,4,Hibernating,2,Hibernating
16739,2011-06-16 09:17:00,2011-06-16 09:17:00,1,323.0,172,13,177,1,323.0,172.0,1,2,2,5,Hibernating,0,Big-Ticket Occasionals
16742,2011-10-24 12:02:00,2011-10-24 12:02:00,1,464.9,1,1,47,1,464.9,1.0,3,2,2,7,Promising,2,Hibernating
16743,2010-12-16 12:15:00,2011-11-10 13:13:00,7,2238.09,2047,89,29,330,319.7271428571429,292.42857142857144,3,4,4,11,Loyal Customers,3,Champions
16744,2011-06-19 15:13:00,2011-11-28 13:06:00,7,1304.76,805,198,11,162,186.3942857142857,115.0,4,4,3,11,Loyal Customers,1,Core Growth
16745,2011-02-01 11:31:00,2011-09-14 11:58:00,17,7194.3,6735,148,87,226,423.1941176470588,396.1764705882353,2,4,4,10,Loyal Customers,3,Champions
16746,2010-12-16 11:43:00,2011-12-05 12:33:00,18,6697.66,4665,234,5,355,372.09222222222223,259.1666666666667,4,4,4,12,Champions,3,Champions
16747,2011-10-03 10:18:00,2011-11-02 11:37:00,2,836.06,583,34,38,31,418.03,291.5,3,2,3,8,Promising,0,Big-Ticket Occasionals
16748,2011-01-09 13:50:00,2011-11-22 10:17:00,5,1515.9,880,42,18,317,303.18,176.0,3,4,3,10,Loyal Customers,1,Core Growth
16750,2011-04-21 16:53:00,2011-10-26 12:48:00,5,623.93,214,74,45,188,124.78599999999999,42.8,3,4,2,9,Hibernating,1,Core Growth
16751,2011-11-09 10:48:00,2011-11-09 10:48:00,1,1764.72,1031,24,31,1,1764.72,1031.0,3,2,4,9,Big Spenders,0,Big-Ticket Occasionals
16752,2010-12-02 12:18:00,2010-12-02 12:18:00,1,207.5,54,9,373,1,207.5,54.0,1,2,1,4,Hibernating,2,Hibernating
16753,2011-10-12 13:14:00,2011-10-12 13:14:00,1,223.92000000000002,189,34,58,1,223.92000000000002,189.0,2,2,1,5,Hibernating,2,Hibernating
16754,2010-12-02 17:38:00,2010-12-02 17:38:00,1,2002.4,4280,2,372,1,2002.4,4280.0,1,2,4,7,At Risk,0,Big-Ticket Occasionals
16755,2011-01-28 10:47:00,2011-08-17 13:21:00,3,1496.83,1064,133,114,202,498.9433333333333,354.6666666666667,2,3,3,8,At Risk,0,Big-Ticket Occasionals
16756,2011-05-09 09:33:00,2011-05-09 09:33:00,1,239.4,106,13,215,1,239.4,106.0,1,2,1,4,Hibernating,2,Hibernating
16757,2011-01-25 11:59:00,2011-01-25 11:59:00,1,106.83000000000001,81,7,319,1,106.83000000000001,81.0,1,2,1,4,Hibernating,2,Hibernating
16758,2011-10-05 14:47:00,2011-10-05 14:47:00,1,369.34000000000003,203,22,65,1,369.34000000000003,203.0,2,2,2,6,Hibernating,0,Big-Ticket Occasionals
16759,2011-11-09 09:06:00,2011-12-02 12:42:00,3,789.79,609,40,8,24,263.2633333333333,203.0,4,3,3,10,Hibernating,1,Core Growth
16761,2011-09-04 11:15:00,2011-09-04 11:15:00,1,316.62,341,13,97,1,316.62,341.0,2,2,2,6,Hibernating,0,Big-Ticket Occasionals
16762,2011-07-18 12:52:00,2011-11-20 11:43:00,3,1501.38,618,51,20,125,500.46000000000004,206.0,3,3,3,9,Hibernating,1,Core Growth
16763,2011-05-25 11:52:00,2011-05-25 11:52:00,1,611.85,319,23,199,1,611.85,319.0,1,2,2,5,Hibernating,0,Big-Ticket Occasionals
16764,2011-07-19 17:17:00,2011-12-06 11:41:00,13,2799.25,1259,209,4,140,215.32692307692307,96.84615384615384,4,4,4,12,Champions,3,Champions
16765,2011-02-18 15:41:00,2011-02-18 15:41:00,1,34.0,4,1,294,1,34.0,4.0,1,2,1,4,Hibernating,2,Hibernating
16766,2011-03-11 13:34:00,2011-03-11 15:22:00,2,1145.6,536,17,273,1,572.8,268.0,1,2,3,6,At Risk,0,Big-Ticket Occasionals
16767,2011-01-27 13:38:00,2011-11-09 09:42:00,11,5580.6,4435,148,31,286,507.32727272727277,403.1818181818182,3,4,4,11,Loyal Customers,3,Champions
16768,2011-03-13 10:25:00,2011-10-23 10:38:00,3,478.09000000000003,196,47,48,225,159.36333333333334,65.33333333333333,3,3,2,8,Hibernating,1,Core Growth
16769,2011-03-24 13:41:00,2011-03-24 13:41:00,1,380.39,83,33,260,1,380.39,83.0,1,2,2,5,Hibernating,0,Big-Ticket Occasionals
16770,2010-12-02 15:49:00,2011-10-13 12:21:00,5,770.1,464,116,58,315,154.02,92.8,2,4,3,9,Loyal Customers,1,Core Growth
16771,2011-01-05 13:57:00,2011-11-06 13:28:00,5,2246.81,1489,200,33,305,449.36199999999997,297.8,3,4,4,11,Loyal Customers,3,Champions
16773,2011-10-13 14:37:00,2011-10-13 14:37:00,1,171.59,171,23,57,1,171.59,171.0,2,2,1,5,Hibernating,2,Hibernating
16774,2011-06-14 12:45:00,2011-10-03 12:41:00,4,661.52,322,36,68,111,165.38,80.5,2,3,2,7,At Risk,1,Core Growth
16775,2010-12-07 15:15:00,2011-11-29 15:22:00,11,1695.66,440,84,10,358,154.1509090909091,40.0,4,4,4,12,Champions,1,Core Growth
16776,2011-10-10 13:04:00,2011-10-10 13:04:00,1,388.28,262,61,60,1,388.28,262.0,2,2,2,6,Hibernating,0,Big-Ticket Occasionals
16777,2011-03-27 14:34:00,2011-09-20 13:41:00,2,226.35,64,45,80,177,113.175,32.0,2,2,1,5,Hibernating,2,Hibernating
16778,2011-03-10 15:21:00,2011-09-26 13:48:00,2,245.94,194,16,74,200,122.97,97.0,2,2,1,5,Hibernating,2,Hibernating
16779,2010-12-08 09:56:00,2011-12-07 14:54:00,22,10629.720000000001,5325,161,2,365,483.169090909091,242.04545454545453,4,4,4,12,Champions,3,Champions
16780,2011-03-25 17:34:00,2011-08-31 16:09:00,2,425.19,271,51,100,159,212.595,135.5,2,2,2,6,Hibernating,0,Big-Ticket Occasionals
16781,2010-12-02 14:26:00,2010-12-02 14:26:00,1,311.25,113,17,372,1,311.25,113.0,1,2,2,5,Hibernating,2,Hibernating
16782,2010-12-09 11:28:00,2011-11-29 13:20:00,13,2279.9,712,103,10,356,175.37692307692308,54.76923076923077,4,4,4,12,Champions,3,Champions
16784,2011-11-20 12:20:00,2011-11-20 12:20:00,1,107.6,24,3,20,1,107.6,24.0,3,2,1,6,Promising,2,Hibernating
16788,2011-03-30 13:05:00,2011-08-08 14:53:00,2,597.48,311,138,123,132,298.74,155.5,2,2,2,6,Hibernating,0,Big-Ticket Occasionals
16789,2011-12-01 15:12:00,2011-12-01 15:12:00,1,80.8,32,5,8,1,80.8,32.0,4,2,1,7,Promising,2,Hibernating
16790,2011-11-02 11:23:00,2011-12-06 11:53:00,6,1545.6200000000001,898,88,4,35,257.60333333333335,149.66666666666666,4,4,3,11,Loyal Customers,1,Core Growth
16791,2011-01-11 15:42:00,2011-11-10 19:12:00,7,1721.78,763,218,29,304,245.96857142857144,109.0,3,4,4,11,Loyal Customers,1,Core Growth
16792,2011-03-02 14:39:00,2011-03-02 14:41:00,2,110.38000000000001,44,11,282,1,55.190000000000005,22.0,1,2,1,4,Hibernating,2,Hibernating
16793,2011-10-13 15:08:00,2011-10-13 15:08:00,1,243.84,146,16,57,1,243.84,146.0,2,2,1,5,Hibernating,2,Hibernating
16794,2011-06-12 14:15:00,2011-12-08 17:54:00,10,1222.71,937,142,1,180,122.271,93.7,4,4,3,11,Loyal Customers,1,Core Growth
16795,2010-12-09 14:08:00,2010-12-09 14:08:00,1,414.88,239,64,365,1,414.88,239.0,1,2,2,5,Hibernating,0,Big-Ticket Occasionals
16796,2011-09-11 14:01:00,2011-09-11 14:01:00,1,305.62,186,18,89,1,305.62,186.0,2,2,1,5,Hibernating,0,Big-Ticket Occasionals
16800,2011-11-28 14:06:00,2011-11-28 14:06:00,1,1201.49,540,148,11,1,1201.49,540.0,4,2,3,9,Promising,0,Big-Ticket Occasionals
16801,2011-03-11 13:56:00,2011-06-29 15:33:00,4,1619.73,499,72,163,111,404.9325,124.75,1,3,3,7,At Risk,0,Big-Ticket Occasionals
16803,2011-10-05 14:28:00,2011-10-05 14:28:00,1,332.3,245,24,65,1,332.3,245.0,2,2,2,6,Hibernating,0,Big-Ticket Occasionals
16804,2011-03-14 15:48:00,2011-11-16 16:43:00,3,536.99,246,59,23,248,178.99666666666667,82.0,3,3,2,8,Hibernating,1,Core Growth
16805,2010-12-14 13:35:00,2011-06-19 11:23:00,2,460.59,539,94,174,187,230.295,269.5,1,2,2,5,Hibernating,0,Big-Ticket Occasionals
16806,2011-04-14 19:59:00,2011-08-28 15:27:00,4,801.49,378,68,103,136,200.3725,94.5,2,3,3,8,At Risk,1,Core Growth
16807,2011-03-14 09:46:00,2011-07-20 12:00:00,3,1121.59,778,57,143,129,373.8633333333333,259.3333333333333,1,3,3,7,At Risk,0,Big-Ticket Occasionals
16808,2011-03-10 19:05:00,2011-09-01 19:34:00,2,288.42,196,21,99,176,144.21,98.0,2,2,1,5,Hibernating,2,Hibernating
16809,2011-03-22 15:20:00,2011-11-16 15:45:00,5,914.69,652,79,23,240,182.93800000000002,130.4,3,4,3,10,Loyal Customers,1,Core Growth
16810,2011-05-31 15:32:00,2011-05-31 15:32:00,1,309.54,114,15,192,1,309.54,114.0,1,2,2,5,Hibernating,2,Hibernating
16811,2011-11-22 17:19:00,2011-12-05 11:39:00,2,547.07,477,26,5,13,273.535,238.5,4,2,2,8,Promising,1,Core Growth
16812,2010-12-14 12:35:00,2010-12-14 12:35:00,1,479.35,81,15,361,1,479.35,81.0,1,2,2,5,Hibernating,0,Big-Ticket Occasionals
16813,2011-05-19 13:28:00,2011-12-01 14:03:00,10,1692.98,1525,248,8,197,169.298,152.5,4,4,4,12,Champions,3,Champions
16814,2010-12-05 11:45:00,2011-11-25 13:27:00,21,6509.1,2769,122,14,356,309.95714285714286,131.85714285714286,4,4,4,12,Champions,3,Champions
16816,2010-12-16 17:01:00,2011-08-28 14:16:00,4,417.06,274,28,103,255,104.265,68.5,2,3,2,7,At Risk,2,Hibernating
16817,2010-12-06 14:19:00,2011-12-07 11:03:00,9,1604.75,822,73,3,366,178.30555555555554,91.33333333333333,4,4,3,11,Loyal Customers,1,Core Growth
16818,2011-05-18 11:42:00,2011-11-29 10:41:00,11,3349.57,2164,172,11,195,304.50636363636363,196.72727272727272,4,4,4,12,Champions,3,Champions
16820,2011-09-05 12:06:00,2011-09-05 12:06:00,1,497.61,307,26,96,1,497.61,307.0,2,2,2,6,Hibernating,0,Big-Ticket Occasionals
16823,2011-04-26 15:00:00,2011-04-26 15:00:00,1,358.38,136,34,227,1,358.38,136.0,1,2,2,5,Hibernating,0,Big-Ticket Occasionals
16824,2011-06-28 13:36:00,2011-11-24 12:38:00,2,460.64,236,23,16,149,230.32,118.0,4,2,2,8,Promising,1,Core Growth
16825,2011-06-07 09:44:00,2011-11-01 11:51:00,2,775.1800000000001,566,27,39,148,387.59000000000003,283.0,3,2,3,8,Promising,0,Big-Ticket Occasionals
16826,2011-10-19 14:05:00,2011-10-19 14:05:00,1,341.7,158,22,51,1,341.7,158.0,2,2,2,6,Hibernating,0,Big-Ticket Occasionals
16828,2011-08-19 13:24:00,2011-09-07 15:10:00,2,128.5,59,8,93,20,64.25,29.5,2,2,1,5,Hibernating,2,Hibernating
16829,2011-07-06 10:48:00,2011-07-06 10:48:00,1,197.22,99,11,157,1,197.22,99.0,1,2,1,4,Hibernating,2,Hibernating
16830,2011-11-01 11:35:00,2011-11-01 11:35:00,1,325.91,264,23,39,1,325.91,264.0,3,2,2,7,Promising,0,Big-Ticket Occasionals
16832,2011-05-06 14:12:00,2011-06-08 15:36:00,3,199.15,33,11,184,34,66.38333333333334,11.0,1,3,1,5,At Risk,2,Hibernating
16833,2011-01-09 13:02:00,2011-12-08 14:39:00,4,1106.53,440,46,1,334,276.6325,110.0,4,3,3,10,Hibernating,1,Core Growth
16834,2011-04-26 09:37:00,2011-04-26 09:37:00,1,413.46,358,24,228,1,413.46,358.0,1,2,2,5,Hibernating,0,Big-Ticket Occasionals
16835,2010-12-01 17:15:00,2011-08-03 13:50:00,2,180.85,61,10,128,245,90.425,30.5,2,2,1,5,Hibernating,2,Hibernating
16836,2011-08-15 12:38:00,2011-10-31 10:05:00,2,251.87,165,11,40,77,125.935,82.5,3,2,1,6,Promising,2,Hibernating
16837,2011-04-08 08:48:00,2011-11-08 14:27:00,11,3170.98,1563,123,31,215,288.2709090909091,142.0909090909091,3,4,4,11,Loyal Customers,3,Champions
16838,2011-02-24 15:01:00,2011-05-26 13:13:00,2,588.85,185,24,197,91,294.425,92.5,1,2,2,5,Hibernating,0,Big-Ticket Occasionals
16839,2010-12-05 11:15:00,2011-12-01 09:03:00,34,16594.35,8975,114,9,361,488.06911764705876,263.97058823529414,4,4,4,12,Champions,3,Champions
16841,2011-02-25 12:40:00,2011-11-03 11:51:00,6,1869.82,2250,101,37,251,311.63666666666666,375.0,3,4,4,11,Loyal Customers,3,Champions
16842,2011-02-10 14:51:00,2011-08-31 10:42:00,3,1264.19,693,45,101,202,421.3966666666667,231.0,2,3,3,8,At Risk,0,Big-Ticket Occasionals
16843,2011-01-16 16:10:00,2011-10-28 09:06:00,16,10196.57,10159,226,43,285,637.285625,634.9375,3,4,4,11,Loyal Customers,3,Champions
16846,2011-10-20 13:55:00,2011-10-20 13:55:00,1,214.32,135,11,50,1,214.32,135.0,3,2,1,6,Promising,2,Hibernating
16847,2011-10-27 13:29:00,2011-10-27 13:29:00,1,193.44,78,12,43,1,193.44,78.0,3,2,1,6,Promising,2,Hibernating
16848,2011-10-18 08:42:00,2011-10-18 08:42:00,1,281.42,182,14,53,1,281.42,182.0,2,2,1,5,Hibernating,2,Hibernating
16849,2011-06-06 09:16:00,2011-06-06 09:16:00,1,124.57,33,8,187,1,124.57,33.0,1,2,1,4,Hibernating,2,Hibernating
16850,2011-01-10 11:09:00,2011-01-10 11:09:00,1,332.41,249,19,334,1,332.41,249.0,1,2,2,5,Hibernating,0,Big-Ticket Occasionals
16851,2011-10-19 09:48:00,2011-12-05 13:32:00,3,342.45,271,17,4,48,114.14999999999999,90.33333333333333,4,3,2,9,Hibernating,1,Core Growth
16852,2011-06-16 15:49:00,2011-11-29 13:22:00,2,144.91000000000003,56,9,10,166,72.45500000000001,28.0,4,2,1,7,Promising,2,Hibernating
16855,2011-10-27 16:31:00,2011-11-16 12:03:00,2,328.4,164,19,24,20,164.2,82.0,3,2,2,7,Promising,1,Core Growth
16856,2011-11-25 08:59:00,2011-11-25 08:59:00,1,35.400000000000006,12,2,15,1,35.400000000000006,12.0,4,2,1,7,Promising,2,Hibernating
16858,2010-12-06 09:52:00,2010-12-06 09:52:00,1,375.69000000000005,91,9,369,1,375.69000000000005,91.0,1,2,2,5,Hibernating,0,Big-Ticket Occasionals
16859,2011-03-23 13:39:00,2011-07-18 12:19:00,2,747.81,827,50,145,117,373.905,413.5,1,2,3,6,At Risk,0,Big-Ticket Occasionals
16861,2011-07-04 15:38:00,2011-10-11 09:05:00,2,173.76,140,6,60,99,86.88,70.0,2,2,1,5,Hibernating,2,Hibernating
16863,2010-12-08 08:58:00,2011-11-08 15:26:00,2,502.8,409,25,31,336,251.4,204.5,3,2,2,7,Promising,1,Core Growth
16866,2011-07-01 12:34:00,2011-07-22 10:06:00,3,207.73999999999998,60,10,141,21,69.24666666666666,20.0,2,3,1,6,At Risk,2,Hibernating
16869,2011-06-17 13:01:00,2011-11-17 12:02:00,4,825.42,585,113,23,153,206.355,146.25,3,3,3,9,Hibernating,1,Core Growth
16871,2011-03-14 10:31:00,2011-11-17 19:27:00,6,2812.34,1253,131,22,249,468.72333333333336,208.83333333333334,3,4,4,11,Loyal Customers,3,Champions
16872,2011-06-08 14:32:00,2011-09-23 16:05:00,3,680.02,600,5,77,108,226.67333333333332,200.0,2,3,3,8,At Risk,1,Core Growth
16873,2010-12-10 15:45:00,2011-12-05 12:05:00,6,7123.62,3840,179,5,360,1187.27,640.0,4,4,4,12,Champions,3,Champions
16875,2011-01-04 10:37:00,2011-10-03 13:39:00,5,2095.53,1069,93,67,273,419.10600000000005,213.8,2,4,4,10,Loyal Customers,1,Core Growth
16877,2011-05-15 16:13:00,2011-11-27 13:47:00,6,853.72,463,111,12,196,142.28666666666666,77.16666666666667,4,4,3,11,Loyal Customers,1,Core Growth
16878,2011-09-16 17:39:00,2011-09-16 17:39:00,1,13.3,12,3,84,1,13.3,12.0,2,2,1,5,Hibernating,2,Hibernating
16880,2011-06-03 16:45:00,2011-11-09 11:33:00,7,1519.08,753,121,31,159,217.01142857142855,107.57142857142857,3,4,3,10,Loyal Customers,1,Core Growth
16881,2011-10-04 10:33:00,2011-10-04 10:33:00,1,432.0,600,1,67,1,432.0,600.0,2,2,2,6,Hibernating,0,Big-Ticket Occasionals
16882,2011-01-26 17:43:00,2011-10-04 10:42:00,3,705.12,424,39,67,251,235.04,141.33333333333334,2,3,3,8,At Risk,1,Core Growth
16883,2010-12-03 10:33:00,2011-06-05 12:51:00,2,276.73,104,33,187,185,138.365,52.0,1,2,1,4,Hibernating,2,Hibernating
16884,2011-11-02 10:16:00,2011-11-02 11:52:00,2,429.84000000000003,320,26,38,1,214.92000000000002,160.0,3,2,2,7,Promising,1,Core Growth
16885,2010-12-17 17:23:00,2011-11-24 13:40:00,3,471.51,184,82,15,342,157.17,61.333333333333336,4,3,2,9,Hibernating,1,Core Growth
16887,2011-11-04 14:07:00,2011-11-04 14:07:00,1,194.88,157,35,35,1,194.88,157.0,3,2,1,6,Promising,2,Hibernating
16889,2011-01-07 10:47:00,2011-05-29 11:05:00,3,1578.67,925,112,195,143,526.2233333333334,308.3333333333333,1,3,3,7,At Risk,0,Big-Ticket Occasionals
16891,2010-12-03 11:35:00,2011-12-08 11:15:00,5,809.7,283,166,2,370,161.94,56.6,4,4,3,11,Loyal Customers,1,Core Growth
16892,2011-06-09 11:35:00,2011-12-08 13:18:00,5,525.54,239,87,1,183,105.10799999999999,47.8,4,4,2,10,Hibernating,1,Core Growth
16893,2010-12-08 12:06:00,2010-12-08 12:06:00,1,145.93,62,44,367,1,145.93,62.0,1,2,1,4,Hibernating,2,Hibernating
16895,2011-10-06 12:15:00,2011-10-06 12:15:00,1,219.14,102,57,65,1,219.14,102.0,2,2,1,5,Hibernating,2,Hibernating
16897,2011-01-30 11:52:00,2011-02-13 15:02:00,2,289.78,73,37,299,15,144.89,36.5,1,2,1,4,Hibernating,2,Hibernating
16898,2010-12-06 12:23:00,2011-11-13 15:44:00,3,508.81,419,150,26,343,169.60333333333332,139.66666666666666,3,3,2,8,Hibernating,1,Core Growth
16899,2010-12-14 13:11:00,2011-12-02 12:03:00,6,1281.56,522,80,8,353,213.59333333333333,87.0,4,4,3,11,Loyal Customers,1,Core Growth
16900,2011-10-07 13:17:00,2011-11-23 10:32:00,3,887.11,833,78,17,47,295.7033333333333,277.6666666666667,4,3,3,10,Hibernating,1,Core Growth
16902,2011-08-15 14:17:00,2011-08-15 14:17:00,1,1706.88,629,43,116,1,1706.88,629.0,2,2,4,8,Big Spenders,0,Big-Ticket Occasionals
16903,2011-11-10 15:32:00,2011-11-10 15:32:00,1,373.24,262,50,29,1,373.24,262.0,3,2,2,7,Promising,0,Big-Ticket Occasionals
16904,2010-12-07 13:29:00,2011-12-05 13:10:00,16,3754.27,2034,387,4,363,234.641875,127.125,4,4,4,12,Champions,3,Champions
16905,2010-12-03 10:43:00,2011-12-04 14:01:00,7,3102.43,1408,117,5,367,443.2042857142857,201.14285714285714,4,4,4,12,Champions,3,Champions
16906,2011-04-05 12:30:00,2011-09-19 11:49:00,4,579.77,281,74,82,167,144.9425,70.25,2,3,2,7,At Risk,1,Core Growth
16907,2010-12-09 16:52:00,2011-11-10 18:04:00,5,981.65,298,89,29,337,196.32999999999998,59.6,3,4,3,10,Loyal Customers,1,Core Growth
16909,2011-09-28 16:45:00,2011-09-28 16:45:00,1,379.14,436,18,72,1,379.14,436.0,2,2,2,6,Hibernating,0,Big-Ticket Occasionals
16910,2011-09-09 14:14:00,2011-12-05 12:51:00,8,1510.06,886,318,4,87,188.7575,110.75,4,4,3,11,Loyal Customers,1,Core Growth
16912,2011-01-20 15:42:00,2011-11-11 12:18:00,11,2575.38,1029,88,29,295,234.12545454545455,93.54545454545455,3,4,4,11,Loyal Customers,3,Champions
16913,2011-02-22 12:56:00,2011-02-22 12:56:00,1,113.44,82,8,290,1,113.44,82.0,1,2,1,4,Hibernating,2,Hibernating
16914,2011-11-03 15:27:00,2011-11-03 15:27:00,1,208.46,121,25,36,1,208.46,121.0,3,2,1,6,Promising,2,Hibernating
16915,2011-03-01 09:52:00,2011-11-30 16:39:00,6,621.6800000000001,132,46,9,275,103.61333333333334,22.0,4,4,2,10,Hibernating,1,Core Growth
16916,2010-12-02 13:14:00,2011-11-16 12:08:00,2,576.26,440,129,24,349,288.13,220.0,3,2,2,7,Promising,1,Core Growth
16917,2011-03-08 11:55:00,2011-03-08 11:55:00,1,391.52,232,9,277,1,391.52,232.0,1,2,2,5,Hibernating,0,Big-Ticket Occasionals
16918,2011-01-26 17:37:00,2011-10-21 12:50:00,6,1068.82,721,97,50,268,178.13666666666666,120.16666666666667,3,4,3,10,Loyal Customers,1,Core Growth
16919,2010-12-06 12:52:00,2011-07-06 13:35:00,11,2596.45,1413,141,156,213,236.04090909090908,128.45454545454547,1,4,4,9,At Risk,3,Champions
16921,2011-10-09 16:22:00,2011-10-09 16:22:00,1,169.79,171,50,61,1,169.79,171.0,2,2,1,5,Hibernating,2,Hibernating
16923,2010-12-12 11:06:00,2011-11-27 13:00:00,19,7247.61,3417,313,12,351,381.4531578947368,179.8421052631579,4,4,4,12,Champions,3,Champions
16924,2011-09-16 12:54:00,2011-11-18 12:53:00,3,846.75,493,69,21,63,282.25,164.33333333333334,3,3,3,9,Hibernating,1,Core Growth
16926,2010-12-03 13:42:00,2010-12-03 13:42:00,1,230.25,35,14,371,1,230.25,35.0,1,2,1,4,Hibernating,2,Hibernating
16927,2010-12-13 11:57:00,2011-08-16 11:10:00,3,543.05,993,5,116,246,181.01666666666665,331.0,2,3,2,7,At Risk,1,Core Growth
16928,2010-12-01 15:21:00,2011-09-20 15:10:00,17,2847.6,2114,69,80,293,167.50588235294117,124.3529411764706,2,4,4,10,Loyal Customers,3,Champions
16929,2011-07-07 12:39:00,2011-12-06 08:37:00,7,1295.39,929,51,4,152,185.0557142857143,132.71428571428572,4,4,3,11,Loyal Customers,1,Core Growth
16930,2011-10-02 14:25:00,2011-11-13 16:13:00,3,380.55,341,47,26,43,126.85000000000001,113.66666666666667,3,3,2,8,Hibernating,1,Core Growth
16931,2010-12-05 11:40:00,2011-12-04 13:15:00,21,4604.22,3158,448,5,365,219.24857142857144,150.38095238095238,4,4,4,12,Champions,3,Champions
16932,2011-10-17 14:12:00,2011-10-17 14:12:00,1,161.94,87,44,53,1,161.94,87.0,2,2,1,5,Hibernating,2,Hibernating
16933,2011-04-14 13:33:00,2011-12-08 12:54:00,2,563.23,288,42,1,238,281.615,144.0,4,2,2,8,Promising,1,Core Growth
16934,2011-10-16 12:25:00,2011-10-16 12:40:00,2,950.9300000000001,399,59,55,1,475.46500000000003,199.5,2,2,3,7,At Risk,0,Big-Ticket Occasionals
16936,2011-11-14 11:04:00,2011-11-14 11:04:00,1,262.68,173,56,26,1,262.68,173.0,3,2,1,6,Promising,2,Hibernating
16938,2011-02-04 09:34:00,2011-12-01 10:20:00,4,2736.38,2540,212,9,301,684.095,635.0,4,3,4,11,Big Spenders,3,Champions
16940,2011-02-23 12:27:00,2011-10-18 13:15:00,3,3049.88,2169,226,52,238,1016.6266666666667,723.0,2,3,4,9,Big Spenders,3,Champions
16942,2011-04-26 11:59:00,2011-11-27 12:40:00,9,1920.59,811,159,13,216,213.39888888888888,90.11111111111111,4,4,4,12,Champions,3,Champions
16943,2011-01-25 14:00:00,2011-05-12 11:57:00,3,816.73,145,23,212,107,272.24333333333334,48.333333333333336,1,3,3,7,At Risk,0,Big-Ticket Occasionals
16945,2010-12-16 17:49:00,2011-11-18 11:39:00,19,4345.5,2725,137,22,337,228.71052631578948,143.42105263157896,3,4,4,11,Loyal Customers,3,Champions
16947,2011-04-18 09:38:00,2011-04-18 09:38:00,1,406.48,312,21,236,1,406.48,312.0,1,2,2,5,Hibernating,0,Big-Ticket Occasionals
16948,2011-01-18 10:58:00,2011-07-24 12:46:00,3,435.02,1614,15,139,188,145.00666666666666,538.0,2,3,2,7,At Risk,1,Core Growth
16949,2011-01-27 12:11:00,2011-12-06 11:07:00,6,1286.27,791,57,4,313,214.37833333333333,131.83333333333334,4,4,3,11,Loyal Customers,1,Core Growth
16950,2010-12-07 15:20:00,2011-10-14 09:06:00,3,1178.56,644,39,57,311,392.8533333333333,214.66666666666666,2,3,3,8,At Risk,0,Big-Ticket Occasionals
16951,2011-02-08 14:58:00,2011-07-28 12:05:00,3,1277.75,1318,73,135,170,425.9166666666667,439.3333333333333,2,3,3,8,At Risk,0,Big-Ticket Occasionals
16952,2011-08-22 12:58:00,2011-08-22 13:03:00,2,167.61,92,16,109,1,83.805,46.0,2,2,1,5,Hibernating,2,Hibernating
16953,2011-11-09 15:54:00,2011-11-09 15:54:00,1,20.8,10,1,30,1,20.8,10.0,3,2,1,6,Promising,2,Hibernating
16954,2010-12-15 10:41:00,2011-12-09 09:46:00,9,2085.08,1054,40,1,359,231.67555555555555,117.11111111111111,4,4,4,12,Champions,3,Champions
16955,2010-12-01 13:31:00,2011-06-08 10:36:00,4,518.67,266,18,185,189,129.6675,66.5,1,3,2,6,At Risk,2,Hibernating
16956,2011-11-22 08:56:00,2011-11-22 08:56:00,1,308.74,114,16,18,1,308.74,114.0,3,2,2,7,Promising,1,Core Growth
16957,2011-03-03 09:25:00,2011-04-14 13:56:00,2,416.64,172,15,239,43,208.32,86.0,1,2,2,5,Hibernating,2,Hibernating
16959,2011-09-13 15:03:00,2011-09-13 15:03:00,1,117.35000000000001,49,7,87,1,117.35000000000001,49.0,2,2,1,5,Hibernating,2,Hibernating
16960,2011-04-01 11:54:00,2011-11-01 11:35:00,3,507.05,304,92,39,214,169.01666666666668,101.33333333333333,3,3,2,8,Hibernating,1,Core Growth
16961,2011-08-15 13:46:00,2011-08-15 13:46:00,1,234.17,125,14,116,1,234.17,125.0,2,2,1,5,Hibernating,2,Hibernating
16963,2011-06-05 13:48:00,2011-06-05 13:48:00,1,110.55000000000001,35,7,187,1,110.55000000000001,35.0,1,2,1,4,Hibernating,2,Hibernating
16965,2011-04-27 12:08:00,2011-04-27 12:08:00,1,201.19,291,26,227,1,201.19,291.0,1,2,1,4,Hibernating,2,Hibernating
16966,2011-04-13 14:17:00,2011-12-01 13:40:00,7,2154.97,1981,8,8,232,307.8528571428571,283.0,4,4,4,12,Champions,3,Champions
16967,2011-06-03 14:24:00,2011-06-03 14:24:00,1,319.02,333,21,189,1,319.02,333.0,1,2,2,5,Hibernating,0,Big-Ticket Occasionals
16968,2011-08-24 10:51:00,2011-12-05 15:02:00,2,439.43,326,31,4,104,219.715,163.0,4,2,2,8,Promising,1,Core Growth
16969,2011-06-01 12:10:00,2011-10-31 13:12:00,3,650.41,816,42,39,153,216.8033333333333,272.0,3,3,2,8,Hibernating,1,Core Growth
16971,2011-11-01 15:06:00,2011-11-01 15:06:00,1,357.21,72,40,38,1,357.21,72.0,3,2,2,7,Promising,2,Hibernating
16976,2011-03-17 16:33:00,2011-03-17 16:33:00,1,251.51999999999998,88,2,267,1,251.51999999999998,88.0,1,2,1,4,Hibernating,2,Hibernating
16978,2011-09-23 12:50:00,2011-09-23 12:50:00,1,344.33,166,39,78,1,344.33,166.0,2,2,2,6,Hibernating,0,Big-Ticket Occasionals
16979,2011-02-15 09:20:00,2011-12-06 12:21:00,6,1852.0,865,64,4,295,308.6666666666667,144.16666666666666,4,4,4,12,Champions,3,Champions
16980,2011-02-21 12:58:00,2011-03-29 16:36:00,2,1078.96,788,71,255,37,539.48,394.0,1,2,3,6,At Risk,0,Big-Ticket Occasionals
16982,2011-10-10 12:28:00,2011-10-10 12:28:00,1,384.06,182,22,61,1,384.06,182.0,2,2,2,6,Hibernating,0,Big-Ticket Occasionals
16983,2010-12-05 12:34:00,2011-11-27 12:10:00,7,1931.25,1379,112,13,357,275.89285714285717,197.0,4,4,4,12,Champions,3,Champions
16984,2011-08-01 17:37:00,2011-09-12 13:43:00,2,4481.35,2423,354,88,42,2240.675,1211.5,2,2,4,8,Big Spenders,0,Big-Ticket Occasionals
16985,2010-12-16 10:38:00,2011-11-22 13:33:00,10,5464.12,1832,62,17,342,546.412,183.2,4,4,4,12,Champions,3,Champions
16986,2011-11-09 15:52:00,2011-11-10 11:55:00,2,1873.2,1040,3,30,1,936.6,520.0,3,2,4,9,Big Spenders,0,Big-Ticket Occasionals
16987,2011-05-18 15:55:00,2011-12-06 17:26:00,7,1625.05,402,74,3,203,232.15,57.42857142857143,4,4,3,11,Loyal Customers,1,Core Growth
16988,2011-12-04 16:02:00,2011-12-04 16:02:00,1,126.12,43,7,5,1,126.12,43.0,4,2,1,7,Promising,2,Hibernating
16989,2011-07-12 09:11:00,2011-12-02 16:39:00,6,1133.25,1233,7,7,144,188.875,205.5,4,4,3,11,Loyal Customers,1,Core Growth
16990,2011-05-05 08:30:00,2011-05-05 08:30:00,1,179.0,100,1,219,1,179.0,100.0,1,2,1,4,Hibernating,2,Hibernating
16992,2011-02-28 10:37:00,2011-11-29 11:50:00,5,1614.31,860,84,11,275,322.86199999999997,172.0,4,4,3,11,Loyal Customers,1,Core Growth
16996,2010-12-21 13:22:00,2011-11-09 16:43:00,6,1456.96,544,13,30,324,242.82666666666668,90.66666666666667,3,4,3,10,Loyal Customers,1,Core Growth
16997,2011-01-18 11:51:00,2011-02-24 17:28:00,3,702.0,360,7,288,38,234.0,120.0,1,3,3,7,At Risk,0,Big-Ticket Occasionals
16998,2011-02-08 15:42:00,2011-07-13 09:44:00,4,295.0,76,1,150,155,73.75,19.0,1,3,1,5,At Risk,2,Hibernating
16999,2011-09-26 15:43:00,2011-11-16 13:53:00,2,484.82,294,21,23,51,242.41,147.0,3,2,2,7,Promising,1,Core Growth
17001,2010-12-16 09:35:00,2011-12-09 09:38:00,11,3989.57,2164,75,1,359,362.6881818181818,196.72727272727272,4,4,4,12,Champions,3,Champions
17002,2011-02-22 11:46:00,2011-09-15 12:40:00,3,1493.73,679,41,86,206,497.91,226.33333333333334,2,3,3,8,At Risk,0,Big-Ticket Occasionals
17004,2011-09-08 12:16:00,2011-10-24 14:25:00,2,1412.94,819,38,46,47,706.47,409.5,3,2,3,8,Promising,0,Big-Ticket Occasionals
17006,2011-09-25 12:15:00,2011-12-05 12:09:00,4,781.78,272,37,5,71,195.445,68.0,4,3,3,10,Hibernating,1,Core Growth
17007,2010-12-17 13:57:00,2011-10-20 10:47:00,6,889.9300000000001,597,50,51,307,148.3216666666667,99.5,2,4,3,9,Loyal Customers,1,Core Growth
17010,2011-11-21 14:49:00,2011-11-21 14:49:00,1,195.36,118,11,18,1,195.36,118.0,3,2,1,6,Promising,2,Hibernating
17011,2011-11-09 13:30:00,2011-11-09 13:30:00,1,270.9,186,15,30,1,270.9,186.0,3,2,1,6,Promising,2,Hibernating
17014,2011-10-04 11:36:00,2011-12-01 14:09:00,3,586.33,245,63,8,59,195.44333333333336,81.66666666666667,4,3,2,9,Hibernating,1,Core Growth
17015,2011-06-07 13:19:00,2011-11-11 10:45:00,3,1842.56,1981,182,29,157,614.1866666666666,660.3333333333334,3,3,4,10,Big Spenders,3,Champions
17017,2010-12-02 10:17:00,2011-12-07 09:32:00,20,8694.26,6673,88,3,370,434.713,333.65,4,4,4,12,Champions,3,Champions
17018,2011-01-18 08:46:00,2011-10-30 11:42:00,2,920.1,176,15,41,286,460.05,88.0,3,2,3,8,Promising,0,Big-Ticket Occasionals
17019,2010-12-06 12:55:00,2011-11-28 13:06:00,4,1272.61,827,166,11,358,318.1525,206.75,4,3,3,10,Hibernating,1,Core Growth
17022,2011-11-08 17:09:00,2011-11-08 17:09:00,1,71.0,108,7,31,1,71.0,108.0,3,2,1,6,Promising,2,Hibernating
17024,2011-07-05 09:31:00,2011-10-25 13:47:00,3,95.85,69,2,45,113,31.95,23.0,3,3,1,7,Hibernating,2,Hibernating
17025,2010-12-01 15:45:00,2011-10-10 09:06:00,3,357.77,235,8,61,313,119.25666666666666,78.33333333333333,2,3,2,7,At Risk,2,Hibernating
17026,2010-12-05 12:47:00,2011-06-07 14:28:00,2,154.82999999999998,97,4,185,185,77.41499999999999,48.5,1,2,1,4,Hibernating,2,Hibernating
17027,2011-01-26 14:19:00,2011-09-22 12:24:00,6,890.29,421,110,79,239,148.38166666666666,70.16666666666667,2,4,3,9,Loyal Customers,1,Core Growth
17029,2011-04-17 10:57:00,2011-08-21 11:06:00,2,716.0,400,1,111,127,358.0,200.0,2,2,3,7,At Risk,0,Big-Ticket Occasionals
17030,2011-10-07 08:49:00,2011-10-07 08:49:00,1,146.87,146,11,64,1,146.87,146.0,2,2,1,5,Hibernating,2,Hibernating
17031,2011-07-08 09:38:00,2011-11-28 10:23:00,2,380.35,235,19,12,144,190.175,117.5,4,2,2,8,Promising,1,Core Growth
17033,2010-12-15 13:21:00,2011-09-14 14:34:00,3,1030.14,750,24,86,274,343.38000000000005,250.0,2,3,3,8,At Risk,0,Big-Ticket Occasionals
17034,2011-02-25 10:10:00,2011-11-23 15:14:00,3,745.52,410,28,16,272,248.50666666666666,136.66666666666666,4,3,3,10,Hibernating,1,Core Growth
17035,2011-02-01 12:27:00,2011-04-08 11:23:00,2,433.53000000000003,229,27,246,66,216.76500000000001,114.5,1,2,2,5,Hibernating,0,Big-Ticket Occasionals
17037,2011-09-13 12:49:00,2011-09-13 12:49:00,1,1267.32,656,75,88,1,1267.32,656.0,2,2,3,7,At Risk,0,Big-Ticket Occasionals
17038,2011-11-09 13:50:00,2011-11-09 13:50:00,1,112.4,28,22,30,1,112.4,28.0,3,2,1,6,Promising,2,Hibernating
17040,2011-07-25 10:19:00,2011-07-25 10:19:00,1,449.73,181,15,138,1,449.73,181.0,2,2,2,6,Hibernating,0,Big-Ticket Occasionals
17041,2010-12-14 11:43:00,2011-11-13 11:21:00,3,1081.57,951,59,27,334,360.5233333333333,317.0,3,3,3,9,Hibernating,1,Core Growth
17042,2011-04-06 14:53:00,2011-12-07 12:26:00,5,1044.3799999999999,994,74,3,245,208.87599999999998,198.8,4,4,3,11,Loyal Customers,1,Core Growth
17043,2011-03-18 14:53:00,2011-11-07 15:33:00,4,1735.18,998,100,32,235,433.795,249.5,3,3,4,10,Big Spenders,1,Core Growth
17044,2011-11-14 14:28:00,2011-11-14 14:28:00,1,948.48,504,6,25,1,948.48,504.0,3,2,3,8,Promising,0,Big-Ticket Occasionals
17045,2011-04-06 12:08:00,2011-08-18 17:09:00,3,339.44,106,20,113,135,113.14666666666666,35.333333333333336,2,3,2,7,At Risk,2,Hibernating
17046,2011-07-05 14:24:00,2011-07-05 14:24:00,1,642.02,510,22,157,1,642.02,510.0,1,2,2,5,Hibernating,0,Big-Ticket Occasionals
17047,2011-05-18 16:50:00,2011-09-15 13:27:00,3,1100.9,533,59,85,120,366.9666666666667,177.66666666666666,2,3,3,8,At Risk,0,Big-Ticket Occasionals
17048,2011-01-12 16:51:00,2011-08-14 11:49:00,3,925.35,485,41,118,214,308.45,161.66666666666666,2,3,3,8,At Risk,0,Big-Ticket Occasionals
17049,2011-03-09 08:33:00,2011-12-07 10:48:00,9,5659.9800000000005,2676,201,3,274,628.8866666666668,297.3333333333333,4,4,4,12,Champions,3,Champions
17050,2011-02-13 12:41:00,2011-09-04 13:48:00,6,3228.84,1614,169,96,204,538.14,269.0,2,4,4,10,Loyal Customers,3,Champions
17051,2011-05-29 14:13:00,2011-05-29 14:13:00,1,247.14000000000001,184,40,194,1,247.14000000000001,184.0,1,2,1,4,Hibernating,2,Hibernating
17052,2011-11-11 14:50:00,2011-11-11 14:50:00,1,413.75,261,72,28,1,413.75,261.0,3,2,2,7,Promising,0,Big-Ticket Occasionals
17053,2011-08-01 10:23:00,2011-08-01 10:23:00,1,498.48,122,13,131,1,498.48,122.0,2,2,2,6,Hibernating,0,Big-Ticket Occasionals
17054,2011-04-08 13:14:00,2011-11-11 12:56:00,5,1356.33,804,64,28,217,271.26599999999996,160.8,3,4,3,10,Loyal Customers,1,Core Growth
17058,2011-04-14 09:18:00,2011-09-19 10:13:00,3,1179.89,592,51,82,159,393.2966666666667,197.33333333333334,2,3,3,8,At Risk,0,Big-Ticket Occasionals
17059,2010-12-05 12:35:00,2011-11-10 12:27:00,5,3095.04,1855,292,30,340,619.008,371.0,3,4,4,11,Loyal Customers,3,Champions
17060,2011-03-18 13:27:00,2011-03-18 13:27:00,1,234.24,216,5,266,1,234.24,216.0,1,2,1,4,Hibernating,2,Hibernating
17061,2011-04-21 13:29:00,2011-09-27 11:24:00,11,5232.2300000000005,1526,57,74,159,475.65727272727275,138.72727272727272,2,4,4,10,Loyal Customers,3,Champions
17062,2010-12-05 11:59:00,2011-01-30 11:01:00,4,538.37,430,52,314,56,134.5925,107.5,1,3,2,6,At Risk,2,Hibernating
17063,2011-02-23 13:44:00,2011-11-18 16:19:00,7,1461.14,770,66,21,269,208.73428571428573,110.0,3,4,3,10,Loyal Customers,1,Core Growth
17064,2011-01-16 16:10:00,2011-10-12 10:18:00,3,859.35,318,53,59,269,286.45,106.0,2,3,3,8,At Risk,1,Core Growth
17068,2010-12-06 13:58:00,2011-11-27 13:14:00,21,4552.14,2164,116,12,356,216.76857142857145,103.04761904761905,4,4,4,12,Champions,3,Champions
17069,2010-12-01 16:49:00,2011-11-11 17:13:00,9,2709.7000000000003,1506,111,28,346,301.0777777777778,167.33333333333334,3,4,4,11,Loyal Customers,3,Champions
17070,2011-08-17 17:01:00,2011-08-17 17:01:00,1,312.14,133,62,114,1,312.14,133.0,2,2,2,6,Hibernating,0,Big-Ticket Occasionals
17071,2011-02-03 08:18:00,2011-11-11 16:31:00,9,2429.03,1197,102,28,282,269.89222222222224,133.0,3,4,4,11,Loyal Customers,3,Champions
17073,2011-08-22 14:37:00,2011-11-22 11:47:00,4,1446.09,759,142,18,92,361.5225,189.75,3,3,3,9,Hibernating,1,Core Growth
17075,2011-01-26 13:20:00,2011-11-22 11:58:00,4,834.12,292,62,18,300,208.53,73.0,3,3,3,9,Hibernating,1,Core Growth
17076,2010-12-10 10:08:00,2011-11-03 17:53:00,3,841.0799999999999,295,17,36,329,280.35999999999996,98.33333333333333,3,3,3,9,Hibernating,1,Core Growth
17078,2011-11-03 18:49:00,2011-11-03 19:17:00,2,378.2,788,28,36,1,189.1,394.0,3,2,2,7,Promising,1,Core Growth
17079,2011-09-22 15:34:00,2011-09-22 15:34:00,1,118.80000000000001,24,2,78,1,118.80000000000001,24.0,2,2,1,5,Hibernating,2,Hibernating
17080,2011-03-15 12:05:00,2011-11-17 12:59:00,2,287.62,166,8,22,248,143.81,83.0,3,2,1,6,Promising,1,Core Growth
17081,2011-10-24 13:08:00,2011-11-14 12:56:00,2,290.16,78,55,25,21,145.08,39.0,3,2,1,6,Promising,2,Hibernating
17082,2011-01-25 14:36:00,2011-11-06 15:17:00,2,2003.85,1049,75,33,286,1001.925,524.5,3,2,4,9,Big Spenders,0,Big-Ticket Occasionals
17083,2011-02-09 11:38:00,2011-08-22 15:43:00,3,1405.78,772,24,109,195,468.5933333333333,257.3333333333333,2,3,3,8,At Risk,0,Big-Ticket Occasionals
17084,2011-11-04 14:49:00,2011-11-04 14:54:00,2,2949.75,1816,146,35,1,1474.875,908.0,3,2,4,9,Big Spenders,0,Big-Ticket Occasionals
17085,2010-12-12 12:24:00,2011-08-08 14:15:00,5,1566.65,786,115,123,240,313.33000000000004,157.2,2,4,3,9,Loyal Customers,0,Big-Ticket Occasionals
17086,2011-10-07 11:22:00,2011-12-02 13:54:00,6,2050.08,1859,76,7,57,341.68,309.8333333333333,4,4,4,12,Champions,3,Champions
17088,2011-03-31 09:48:00,2011-11-11 14:23:00,4,1991.01,868,96,28,226,497.7525,217.0,3,3,4,10,Big Spenders,1,Core Growth
17090,2010-12-20 13:52:00,2011-12-05 13:44:00,7,2043.95,921,45,4,350,291.99285714285713,131.57142857142858,4,4,4,12,Champions,3,Champions
17091,2010-12-07 09:55:00,2011-12-07 10:43:00,9,3827.76,1746,119,3,366,425.3066666666667,194.0,4,4,4,12,Champions,3,Champions
17092,2011-03-07 14:51:00,2011-10-20 19:51:00,4,1777.78,1131,99,50,228,444.445,282.75,3,3,4,10,Big Spenders,1,Core Growth
17094,2011-01-21 13:09:00,2011-01-21 13:09:00,1,302.0,152,14,322,1,302.0,152.0,1,2,1,4,Hibernating,0,Big-Ticket Occasionals
17095,2011-01-09 11:05:00,2011-11-17 12:21:00,3,1324.16,618,69,23,313,441.3866666666667,206.0,3,3,3,9,Hibernating,1,Core Growth
17096,2011-03-23 12:05:00,2011-11-24 15:01:00,4,1022.13,339,46,15,247,255.5325,84.75,4,3,3,10,Hibernating,1,Core Growth
17097,2010-12-09 14:55:00,2011-12-07 17:05:00,8,954.42,459,153,2,364,119.3025,57.375,4,4,3,11,Loyal Customers,1,Core Growth
17100,2011-11-21 16:36:00,2011-11-21 16:36:00,2,971.74,800,65,18,1,485.87,400.0,3,2,3,8,Promising,1,Core Growth
17101,2011-06-14 14:49:00,2011-11-29 13:57:00,4,1621.73,815,28,10,168,405.4325,203.75,4,3,3,10,Hibernating,1,Core Growth
17102,2011-03-23 10:08:00,2011-03-23 10:08:00,1,25.5,2,1,262,1,25.5,2.0,1,2,1,4,Hibernating,2,Hibernating
17105,2011-02-06 14:46:00,2011-07-03 15:53:00,2,665.78,693,80,159,148,332.89,346.5,1,2,2,5,Hibernating,0,Big-Ticket Occasionals
17107,2011-03-06 15:17:00,2011-11-06 14:14:00,6,10815.43,4837,269,33,245,1802.5716666666667,806.1666666666666,3,4,4,11,Loyal Customers,3,Champions
17109,2011-04-21 15:46:00,2011-11-10 16:59:00,6,885.04,589,107,29,204,147.50666666666666,98.16666666666667,3,4,3,10,Loyal Customers,1,Core Growth
17110,2011-06-27 12:58:00,2011-06-27 12:58:00,1,163.29999999999998,50,12,165,1,163.29999999999998,50.0,1,2,1,4,Hibernating,2,Hibernating
17111,2011-10-23 15:59:00,2011-10-23 15:59:00,1,248.61,302,29,47,1,248.61,302.0,3,2,1,6,Promising,0,Big-Ticket Occasionals
17114,2011-01-09 11:39:00,2011-12-04 12:17:00,8,808.62,219,85,6,330,101.0775,27.375,4,4,3,11,Loyal Customers,1,Core Growth
17115,2011-04-20 14:46:00,2011-12-01 14:30:00,3,837.5,372,33,8,225,279.1666666666667,124.0,4,3,3,10,Hibernating,1,Core Growth
17117,2011-02-24 13:54:00,2011-02-24 13:54:00,1,116.19999999999999,68,9,288,1,116.19999999999999,68.0,1,2,1,4,Hibernating,2,Hibernating
17118,2011-01-26 12:19:00,2011-01-26 12:19:00,1,157.02,154,10,318,1,157.02,154.0,1,2,1,4,Hibernating,2,Hibernating
17119,2011-10-11 11:03:00,2011-12-06 14:40:00,2,606.91,334,35,3,57,303.455,167.0,4,2,2,8,Promising,1,Core Growth
17120,2011-04-20 15:21:00,2011-04-20 15:21:00,1,307.46,120,18,233,1,307.46,120.0,1,2,2,5,Hibernating,2,Hibernating
17122,2011-08-12 14:33:00,2011-08-12 14:33:00,1,138.32,80,7,119,1,138.32,80.0,2,2,1,5,Hibernating,2,Hibernating
17123,2011-07-01 10:47:00,2011-07-01 10:47:00,1,345.29999999999995,246,9,162,1,345.29999999999995,246.0,1,2,2,5,Hibernating,0,Big-Ticket Occasionals
17124,2011-06-07 14:02:00,2011-06-07 14:02:00,1,298.89,130,31,185,1,298.89,130.0,1,2,1,4,Hibernating,2,Hibernating
17125,2011-10-20 14:41:00,2011-10-20 14:41:00,1,259.35,291,34,50,1,259.35,291.0,3,2,1,6,Promising,0,Big-Ticket Occasionals
17126,2010-12-12 11:26:00,2011-07-10 13:52:00,5,1004.75,792,187,152,211,200.95,158.4,1,4,3,8,At Risk,1,Core Growth
17128,2011-01-09 12:02:00,2011-01-09 12:02:00,1,157.09,76,14,335,1,157.09,76.0,1,2,1,4,Hibernating,2,Hibernating
17131,2011-09-25 12:42:00,2011-12-04 12:52:00,5,2463.17,983,78,5,71,492.634,196.6,4,4,4,12,Champions,3,Champions
17133,2011-03-18 13:47:00,2011-11-24 12:27:00,7,4892.240000000001,2730,13,16,251,698.8914285714287,390.0,4,4,4,12,Champions,3,Champions
17134,2011-03-20 11:56:00,2011-08-25 09:53:00,2,425.0,102,21,107,158,212.5,51.0,2,2,2,6,Hibernating,2,Hibernating
17135,2010-12-03 09:31:00,2011-11-23 16:48:00,7,1139.73,1224,34,16,356,162.81857142857143,174.85714285714286,4,4,3,11,Loyal Customers,1,Core Growth
17138,2011-03-09 11:54:00,2011-03-09 11:54:00,1,380.5,126,24,276,1,380.5,126.0,1,2,2,5,Hibernating,0,Big-Ticket Occasionals
17139,2011-02-24 09:32:00,2011-11-24 10:12:00,12,10668.47,5182,309,16,274,889.0391666666666,431.8333333333333,4,4,4,12,Champions,3,Champions
17140,2011-04-06 13:33:00,2011-04-06 13:33:00,1,465.32,302,16,247,1,465.32,302.0,1,2,2,5,Hibernating,0,Big-Ticket Occasionals
17142,2011-04-14 18:22:00,2011-04-14 18:22:00,1,579.0,81,15,239,1,579.0,81.0,1,2,2,5,Hibernating,0,Big-Ticket Occasionals
17144,2011-09-16 12:50:00,2011-12-08 17:57:00,2,984.57,483,42,1,84,492.285,241.5,4,2,3,9,Promising,1,Core Growth
17146,2010-12-16 12:20:00,2011-08-26 12:44:00,3,749.78,212,33,106,254,249.92666666666665,70.66666666666667,2,3,3,8,At Risk,0,Big-Ticket Occasionals
17147,2011-02-01 09:36:00,2011-11-17 12:32:00,4,1714.59,882,68,23,290,428.6475,220.5,3,3,4,10,Big Spenders,1,Core Growth
17148,2011-10-19 09:59:00,2011-10-19 09:59:00,1,124.88,82,9,52,1,124.88,82.0,2,2,1,5,Hibernating,2,Hibernating
17152,2011-03-21 16:20:00,2011-05-29 12:19:00,3,1689.5,517,9,195,69,563.1666666666666,172.33333333333334,1,3,4,8,At Risk,0,Big-Ticket Occasionals
17153,2011-11-15 13:42:00,2011-11-15 13:42:00,1,213.78,104,14,24,1,213.78,104.0,3,2,1,6,Promising,2,Hibernating
17154,2011-09-25 13:42:00,2011-09-25 13:42:00,1,329.34,490,23,75,1,329.34,490.0,2,2,2,6,Hibernating,0,Big-Ticket Occasionals
17155,2011-06-15 10:22:00,2011-11-22 12:38:00,2,251.70000000000002,242,19,18,161,125.85000000000001,121.0,3,2,1,6,Promising,1,Core Growth
17157,2011-06-16 15:08:00,2011-12-02 09:10:00,2,319.0,172,11,8,169,159.5,86.0,4,2,2,8,Promising,1,Core Growth
17158,2010-12-14 13:03:00,2011-11-07 15:15:00,3,1266.97,778,53,32,329,422.3233333333333,259.3333333333333,3,3,3,9,Hibernating,1,Core Growth
17159,2011-06-21 09:49:00,2011-11-18 10:52:00,3,1538.88,1111,96,22,151,512.96,370.3333333333333,3,3,3,9,Hibernating,1,Core Growth
17160,2011-04-12 12:00:00,2011-11-08 14:05:00,6,3518.03,2856,111,31,211,586.3383333333334,476.0,3,4,4,11,Loyal Customers,3,Champions
17162,2011-02-07 12:27:00,2011-11-11 11:34:00,10,1715.46,1001,81,29,277,171.546,100.1,3,4,4,11,Loyal Customers,1,Core Growth
17163,2011-09-22 15:54:00,2011-11-18 08:57:00,2,293.1,66,3,22,57,146.55,33.0,3,2,1,6,Promising,2,Hibernating
17164,2011-03-11 14:26:00,2011-11-07 09:14:00,7,2467.35,1501,92,33,241,352.4785714285714,214.42857142857142,3,4,4,11,Loyal Customers,3,Champions
17165,2011-02-28 16:39:00,2011-02-28 16:39:00,1,158.68,100,10,284,1,158.68,100.0,1,2,1,4,Hibernating,2,Hibernating
17166,2011-05-20 08:18:00,2011-11-01 09:46:00,2,206.34,78,11,39,166,103.17,39.0,3,2,1,6,Promising,2,Hibernating
17169,2011-06-09 13:16:00,2011-10-13 10:25:00,2,835.78,526,51,58,126,417.89,263.0,2,2,3,7,At Risk,0,Big-Ticket Occasionals
17171,2011-02-23 16:37:00,2011-02-23 16:37:00,1,224.91,185,16,289,1,224.91,185.0,1,2,1,4,Hibernating,2,Hibernating
17172,2011-09-22 09:36:00,2011-09-22 09:36:00,1,317.76,480,15,79,1,317.76,480.0,2,2,2,6,Hibernating,0,Big-Ticket Occasionals
17173,2011-07-31 15:26:00,2011-12-04 14:40:00,8,3766.6,1122,36,5,126,470.825,140.25,4,4,4,12,Champions,3,Champions
17174,2011-05-06 11:47:00,2011-05-06 11:47:00,1,59.9,41,4,218,1,59.9,41.0,1,2,1,4,Hibernating,2,Hibernating
17175,2011-02-16 14:56:00,2011-10-26 15:31:00,4,1443.69,866,42,44,253,360.9225,216.5,3,3,3,9,Hibernating,1,Core Growth
17176,2011-05-22 12:41:00,2011-05-22 12:41:00,1,306.13,170,15,202,1,306.13,170.0,1,2,1,4,Hibernating,0,Big-Ticket Occasionals
17179,2010-12-13 14:24:00,2011-06-14 16:48:00,3,711.79,290,56,178,184,237.26333333333332,96.66666666666667,1,3,3,7,At Risk,0,Big-Ticket Occasionals
17180,2011-01-27 18:05:00,2011-10-14 15:46:00,4,796.03,683,91,56,260,199.0075,170.75,2,3,3,8,At Risk,1,Core Growth
17181,2010-12-01 12:38:00,2011-10-13 14:48:00,2,239.92000000000002,241,23,57,317,119.96000000000001,120.5,2,2,1,5,Hibernating,2,Hibernating
17183,2011-08-26 15:25:00,2011-12-02 10:07:00,6,3347.31,1296,42,8,98,557.885,216.0,4,4,4,12,Champions,3,Champions
17186,2011-10-10 12:52:00,2011-10-24 10:20:00,2,144.0,200,1,47,14,72.0,100.0,3,2,1,6,Promising,2,Hibernating
17187,2011-04-27 12:39:00,2011-04-27 12:39:00,1,203.95,144,10,227,1,203.95,144.0,1,2,1,4,Hibernating,2,Hibernating
17188,2010-12-12 12:56:00,2011-11-28 13:53:00,7,2474.23,1328,71,11,352,353.4614285714286,189.71428571428572,4,4,4,12,Champions,3,Champions
17189,2010-12-15 17:28:00,2011-08-25 19:39:00,2,384.40000000000003,227,52,106,254,192.20000000000002,113.5,2,2,2,6,Hibernating,2,Hibernating
17190,2011-05-16 15:29:00,2011-10-12 11:33:00,2,444.74,161,19,59,149,222.37,80.5,2,3,2,7,At Risk,2,Hibernating
17191,2010-12-06 14:36:00,2011-11-11 16:58:00,7,2095.13,1167,163,28,341,299.30428571428575,166.71428571428572,3,4,4,11,Loyal Customers,3,Champions
17193,2011-06-16 10:04:00,2011-11-04 12:47:00,7,1699.3000000000002,1254,17,36,142,242.7571428571429,179.14285714285714,3,4,4,11,Loyal Customers,1,Core Growth
17194,2010-12-14 12:06:00,2011-03-11 12:05:00,2,262.62,119,26,274,87,131.31,59.5,1,3,1,5,At Risk,2,Hibernating
17197,2011-11-10 10:32:00,2011-11-10 10:32:00,1,1013.01,191,29,30,1,1013.01,191.0,3,2,3,8,Promising,0,Big-Ticket Occasionals
17198,2010-12-03 14:54:00,2011-11-16 10:39:00,3,692.22,357,89,24,348,230.74,119.0,3,3,3,9,Hibernating,1,Core Growth
17201,2011-10-17 11:55:00,2011-10-17 11:55:00,1,342.63,268,38,54,1,342.63,268.0,2,2,2,6,Hibernating,0,Big-Ticket Occasionals
17203,2011-10-10 14:37:00,2011-11-04 12:27:00,6,3563.85,2850,116,36,25,593.975,475.0,3,4,4,11,Loyal Customers,3,Champions
17204,2011-03-21 12:42:00,2011-06-17 14:46:00,4,1564.56,646,44,175,89,391.14,161.5,1,3,3,7,At Risk,0,Big-Ticket Occasionals
17205,2011-10-17 12:46:00,2011-10-17 12:46:00,1,384.08,884,13,54,1,384.08,884.0,2,2,2,6,Hibernating,0,Big-Ticket Occasionals
17206,2011-10-17 13:25:00,2011-10-17 13:25:00,1,204.24,76,7,53,1,204.24,76.0,2,2,1,5,Hibernating,2,Hibernating
17211,2010-12-05 12:44:00,2011-11-13 12:03:00,8,2317.2200000000003,1323,150,27,343,289.65250000000003,165.375,3,4,4,11,Loyal Customers,3,Champions
17212,2011-03-31 19:42:00,2011-03-31 19:42:00,1,226.85,147,4,253,1,226.85,147.0,1,2,1,4,Hibernating,2,Hibernating
17213,2010-12-08 13:03:00,2011-10-30 14:53:00,7,2781.23,1176,85,40,327,397.31857142857143,168.0,3,4,4,11,Loyal Customers,3,Champions
17214,2010-12-15 15:14:00,2011-10-10 13:17:00,6,1069.1200000000001,276,79,60,299,178.1866666666667,46.0,2,4,3,9,Loyal Customers,1,Core Growth
17217,2011-04-19 17:19:00,2011-04-19 17:19:00,1,113.5,24,9,234,1,113.5,24.0,1,2,1,4,Hibernating,2,Hibernating
17218,2010-12-06 15:25:00,2011-12-05 13:52:00,10,1960.72,958,146,4,364,196.072,95.8,4,4,4,12,Champions,3,Champions
17219,2011-11-08 11:25:00,2011-11-08 11:25:00,1,114.23,89,24,32,1,114.23,89.0,3,2,1,6,Promising,2,Hibernating
17220,2010-12-10 14:54:00,2011-11-15 13:47:00,14,3198.25,1905,303,24,340,228.44642857142858,136.07142857142858,3,4,4,11,Loyal Customers,3,Champions
17221,2011-11-03 17:39:00,2011-12-02 13:35:00,2,335.13,288,59,7,29,167.565,144.0,4,3,2,9,Hibernating,1,Core Growth
17222,2011-10-05 13:58:00,2011-10-05 13:58:00,1,354.15,128,27,65,1,354.15,128.0,2,2,2,6,Hibernating,0,Big-Ticket Occasionals
17223,2010-12-06 14:08:00,2011-02-02 15:57:00,2,426.79,112,43,310,59,213.395,56.0,1,3,2,6,At Risk,2,Hibernating
17226,2011-02-04 11:52:00,2011-02-04 11:52:00,1,393.49,406,21,309,1,393.49,406.0,1,2,2,5,Hibernating,0,Big-Ticket Occasionals
17227,2010-12-06 11:16:00,2011-11-21 10:51:00,6,939.32,741,28,19,350,156.55333333333334,123.5,3,4,3,10,Loyal Customers,1,Core Growth
17228,2010-12-02 16:00:00,2011-11-24 10:24:00,8,1906.09,1532,140,16,357,238.26125,191.5,4,4,4,12,Champions,3,Champions
17229,2011-07-20 12:38:00,2011-09-04 13:56:00,2,318.76,185,39,96,47,159.38,92.5,2,3,2,7,At Risk,2,Hibernating
17230,2010-12-15 11:22:00,2011-03-20 16:12:00,8,3638.41,1651,51,264,96,454.80125,206.375,1,4,4,9,At Risk,3,Champions
17231,2010-12-13 14:16:00,2011-11-27 15:18:00,10,3174.32,1742,292,12,350,317.432,174.2,4,4,4,12,Champions,3,Champions
17232,2011-11-25 12:24:00,2011-12-07 12:21:00,2,421.52,203,30,3,12,210.76,101.5,4,3,2,9,Hibernating,1,Core Growth
17233,2011-11-04 14:06:00,2011-11-04 14:06:00,1,190.88,131,25,35,1,190.88,131.0,3,2,1,6,Promising,2,Hibernating
17234,2011-06-10 11:20:00,2011-06-10 11:20:00,1,149.89000000000001,55,14,183,1,149.89000000000001,55.0,1,2,1,4,Hibernating,2,Hibernating
17235,2010-12-02 13:38:00,2011-11-14 15:51:00,2,550.06,224,24,25,348,275.03,112.0,3,3,2,8,Hibernating,1,Core Growth
17236,2010-12-12 11:49:00,2011-11-27 12:00:00,6,916.13,474,88,13,351,152.68833333333333,79.0,4,4,3,11,Loyal Customers,1,Core Growth
17237,2011-11-17 12:55:00,2011-11-28 15:02:00,2,314.69,105,18,11,12,157.345,52.5,4,3,2,9,Hibernating,1,Core Growth
17238,2010-12-03 15:05:00,2011-12-07 11:35:00,17,3744.65,1822,297,3,369,220.2735294117647,107.17647058823529,4,4,4,12,Champions,3,Champions
17239,2011-01-31 09:41:00,2011-01-31 09:41:00,1,382.5,150,15,313,1,382.5,150.0,1,2,2,5,Hibernating,0,Big-Ticket Occasionals
17242,2011-06-12 13:04:00,2011-08-23 14:55:00,2,1135.04,611,30,108,73,567.52,305.5,2,3,3,8,At Risk,0,Big-Ticket Occasionals
17243,2010-12-05 10:03:00,2011-12-08 13:26:00,26,8676.85,3370,180,1,369,333.725,129.6153846153846,4,4,4,12,Champions,3,Champions
17244,2011-10-17 15:19:00,2011-10-17 15:19:00,1,954.9,616,31,53,1,954.9,616.0,2,2,3,7,At Risk,0,Big-Ticket Occasionals
17245,2011-05-19 10:43:00,2011-05-19 10:43:00,1,171.45,75,9,205,1,171.45,75.0,1,2,1,4,Hibernating,2,Hibernating
17247,2011-11-24 15:21:00,2011-11-24 15:21:00,1,282.19,106,53,15,1,282.19,106.0,4,2,1,7,Promising,1,Core Growth
17248,2011-08-11 13:34:00,2011-08-11 13:34:00,1,318.65,213,68,120,1,318.65,213.0,2,2,2,6,Hibernating,0,Big-Ticket Occasionals
17250,2011-03-23 16:45:00,2011-12-06 12:15:00,2,384.52,168,55,4,258,192.26,84.0,4,3,2,9,Hibernating,1,Core Growth
17251,2010-12-12 11:06:00,2010-12-12 11:06:00,1,283.28000000000003,110,37,363,1,283.28000000000003,110.0,1,2,1,4,Hibernating,2,Hibernating
17252,2011-06-06 16:41:00,2011-08-15 09:45:00,2,353.86,193,86,117,70,176.93,96.5,2,3,2,7,At Risk,2,Hibernating
17253,2011-11-21 12:59:00,2011-11-21 12:59:00,1,178.26,43,18,18,1,178.26,43.0,3,2,1,6,Promising,2,Hibernating
17254,2011-11-24 14:09:00,2011-12-05 12:46:00,2,272.44,252,100,5,11,136.22,126.0,4,3,1,8,Hibernating,1,Core Growth
17255,2011-02-13 15:18:00,2011-10-30 12:18:00,2,298.41,232,69,41,259,149.205,116.0,3,3,1,7,Hibernating,2,Hibernating
17256,2011-01-31 14:53:00,2011-08-24 13:30:00,2,240.0,141,12,107,205,120.0,70.5,2,3,1,6,At Risk,2,Hibernating
17259,2010-12-06 12:55:00,2011-07-14 15:01:00,2,603.37,410,104,148,221,301.685,205.0,1,3,2,6,At Risk,0,Big-Ticket Occasionals
17262,2010-12-08 13:30:00,2011-10-18 12:56:00,5,1253.3600000000001,367,9,52,314,250.67200000000003,73.4,2,4,3,9,Loyal Customers,1,Core Growth
17263,2011-05-15 14:32:00,2011-05-15 14:32:00,1,63.440000000000005,36,23,208,1,63.440000000000005,36.0,1,2,1,4,Hibernating,2,Hibernating
17265,2011-06-12 12:00:00,2011-07-24 10:49:00,2,562.9,394,106,139,42,281.45,197.0,2,3,2,7,At Risk,0,Big-Ticket Occasionals
17266,2011-07-15 11:57:00,2011-12-07 14:12:00,3,310.64,161,60,2,146,103.54666666666667,53.666666666666664,4,3,2,9,Hibernating,1,Core Growth
17267,2011-08-04 17:19:00,2011-08-04 17:22:00,2,317.62,159,37,127,1,158.81,79.5,2,3,2,7,At Risk,2,Hibernating
17268,2011-04-08 13:20:00,2011-08-24 10:06:00,4,763.64,844,3,108,138,190.91,211.0,2,3,3,8,At Risk,1,Core Growth
17272,2011-03-22 12:05:00,2011-10-28 16:37:00,4,2148.63,1778,70,42,221,537.1575,444.5,3,3,4,10,Big Spenders,3,Champions
17274,2011-11-04 13:16:00,2011-11-04 13:16:00,1,111.97999999999999,79,24,35,1,111.97999999999999,79.0,3,2,1,6,Promising,2,Hibernating
17277,2011-01-21 12:37:00,2011-04-26 12:47:00,2,1065.3500000000001,430,67,228,96,532.6750000000001,215.0,1,3,3,7,At Risk,0,Big-Ticket Occasionals
17278,2011-04-12 13:10:00,2011-04-12 13:10:00,1,246.04,179,15,241,1,246.04,179.0,1,2,1,4,Hibernating,2,Hibernating
17279,2011-10-13 11:58:00,2011-10-13 11:58:00,1,187.82999999999998,48,8,58,1,187.82999999999998,48.0,2,2,1,5,Hibernating,2,Hibernating
17282,2011-02-13 11:36:00,2011-08-01 14:29:00,3,1703.41,1877,79,130,170,567.8033333333334,625.6666666666666,2,3,4,9,Big Spenders,0,Big-Ticket Occasionals
17284,2011-01-07 14:31:00,2011-10-10 14:38:00,6,1652.58,1364,229,60,277,275.43,227.33333333333334,2,4,3,9,Loyal Customers,1,Core Growth
17286,2011-11-18 12:47:00,2011-11-18 12:47:00,1,153.92,118,44,22,1,153.92,118.0,3,2,1,6,Promising,2,Hibernating
17287,2010-12-02 12:22:00,2011-11-13 13:27:00,7,1064.11,559,88,26,347,152.01571428571427,79.85714285714286,3,4,3,10,Loyal Customers,1,Core Growth
17288,2010-12-16 13:33:00,2011-11-30 16:09:00,7,1419.73,1203,118,9,350,202.81857142857143,171.85714285714286,4,4,3,11,Loyal Customers,1,Core Growth
17289,2011-06-12 13:51:00,2011-11-08 12:01:00,3,944.41,520,86,32,149,314.80333333333334,173.33333333333334,3,3,3,9,Hibernating,1,Core Growth
17290,2011-11-23 15:53:00,2011-12-06 12:38:00,2,525.24,404,92,4,13,262.62,202.0,4,3,2,9,Hibernating,1,Core Growth
17291,2011-02-04 13:04:00,2011-02-04 13:04:00,1,550.8000000000001,72,1,308,1,550.8000000000001,72.0,1,2,2,5,Hibernating,0,Big-Ticket Occasionals
17293,2010-12-13 14:55:00,2011-12-01 14:37:00,9,1875.1100000000001,1140,93,8,353,208.34555555555556,126.66666666666667,4,4,4,12,Champions,3,Champions
17295,2011-10-06 12:22:00,2011-11-11 10:49:00,3,556.95,294,53,29,36,185.65,98.0,3,3,2,8,Hibernating,1,Core Growth
17297,2011-11-22 14:43:00,2011-11-22 14:43:00,1,131.78,67,49,17,1,131.78,67.0,4,2,1,7,Promising,2,Hibernating
17298,2011-08-07 12:21:00,2011-08-30 16:43:00,2,498.42,387,30,101,24,249.21,193.5,2,3,2,7,At Risk,0,Big-Ticket Occasionals
17299,2011-06-19 16:04:00,2011-11-28 12:01:00,4,669.11,678,50,12,162,167.2775,169.5,4,3,2,9,Hibernating,1,Core Growth
17301,2011-11-18 13:43:00,2011-11-18 13:43:00,1,197.63,149,59,21,1,197.63,149.0,3,2,1,6,Promising,2,Hibernating
17302,2011-02-07 10:14:00,2011-11-25 09:36:00,5,1135.63,575,68,15,291,227.12600000000003,115.0,4,4,3,11,Loyal Customers,1,Core Growth
17303,2010-12-13 13:32:00,2010-12-13 13:32:00,1,250.04,144,53,361,1,250.04,144.0,1,2,1,4,Hibernating,2,Hibernating
17306,2010-12-21 13:34:00,2011-11-29 12:14:00,19,8631.31,11491,13,11,343,454.2794736842105,604.7894736842105,4,4,4,12,Champions,3,Champions
17309,2011-09-05 15:20:00,2011-09-05 15:20:00,1,82.75,41,11,95,1,82.75,41.0,2,2,1,5,Hibernating,2,Hibernating
17311,2011-01-27 10:56:00,2011-09-22 14:11:00,2,1384.85,1005,55,78,239,692.425,502.5,2,3,3,8,At Risk,0,Big-Ticket Occasionals
17312,2011-07-03 13:12:00,2011-07-24 11:52:00,3,644.3,372,11,139,21,214.76666666666665,124.0,2,3,2,7,At Risk,0,Big-Ticket Occasionals
17313,2011-11-08 15:45:00,2011-11-08 15:45:00,1,2328.84,1402,24,31,1,2328.84,1402.0,3,2,4,9,Big Spenders,0,Big-Ticket Occasionals
17314,2011-01-31 11:25:00,2011-11-15 09:41:00,8,2527.92,1896,120,25,288,315.99,237.0,3,4,4,11,Loyal Customers,3,Champions
17315,2010-12-17 12:24:00,2011-12-08 12:15:00,38,6292.26,3888,256,2,356,165.58578947368423,102.3157894736842,4,4,4,12,Champions,3,Champions
17317,2011-09-11 12:45:00,2011-10-24 17:19:00,3,2600.34,1146,8,46,44,866.7800000000001,382.0,3,3,4,10,Big Spenders,0,Big-Ticket Occasionals
17320,2010-12-06 15:38:00,2011-08-31 13:31:00,3,1200.6200000000001,634,57,100,268,400.2066666666667,211.33333333333334,2,3,3,8,At Risk,0,Big-Ticket Occasionals
17321,2011-10-03 11:34:00,2011-12-01 13:41:00,2,700.86,373,94,8,60,350.43,186.5,4,3,3,10,Hibernating,1,Core Growth
17323,2011-02-20 14:38:00,2011-11-24 17:29:00,7,921.07,776,125,15,278,131.58142857142857,110.85714285714286,4,4,3,11,Loyal Customers,1,Core Growth
17324,2010-12-08 12:45:00,2011-11-22 10:34:00,4,990.23,844,43,18,349,247.5575,211.0,3,3,3,9,Hibernating,1,Core Growth
17325,2011-03-04 13:09:00,2011-03-04 13:09:00,1,96.8,60,6,280,1,96.8,60.0,1,2,1,4,Hibernating,2,Hibernating
17329,2011-01-28 15:29:00,2011-11-25 14:24:00,2,523.11,142,29,14,301,261.555,71.0,4,3,2,9,Hibernating,1,Core Growth
17330,2011-10-03 11:26:00,2011-11-17 08:56:00,2,363.9,120,5,23,45,181.95,60.0,3,3,2,8,Hibernating,1,Core Growth
17331,2011-08-08 11:55:00,2011-08-08 11:55:00,1,175.2,16,1,124,1,175.2,16.0,2,2,1,5,Hibernating,2,Hibernating
17333,2011-09-15 10:11:00,2011-09-15 10:11:00,1,494.25,375,28,86,1,494.25,375.0,2,2,2,6,Hibernating,0,Big-Ticket Occasionals
17334,2011-02-04 09:03:00,2011-02-10 14:59:00,2,307.02,315,11,302,7,153.51,157.5,1,3,1,5,At Risk,2,Hibernating
17337,2011-02-02 17:06:00,2011-07-11 14:55:00,4,2027.8700000000001,1269,421,151,159,506.96750000000003,317.25,1,3,4,8,At Risk,0,Big-Ticket Occasionals
17338,2010-12-13 12:57:00,2011-11-22 14:23:00,8,6643.93,3128,389,17,345,830.49125,391.0,4,4,4,12,Champions,3,Champions
17339,2010-12-09 14:44:00,2011-09-06 13:29:00,2,243.36,152,9,94,271,121.68,76.0,2,3,1,6,At Risk,2,Hibernating
17340,2010-12-08 15:56:00,2011-11-10 10:45:00,11,12353.29,5967,229,30,337,1123.0263636363636,542.4545454545455,3,4,4,11,Loyal Customers,3,Champions
17341,2010-12-08 12:46:00,2011-07-06 12:33:00,3,781.36,489,147,157,210,260.4533333333333,163.0,1,3,3,7,At Risk,0,Big-Ticket Occasionals
17343,2010-12-19 15:07:00,2010-12-19 15:07:00,1,193.64,56,17,355,1,193.64,56.0,1,2,1,4,Hibernating,2,Hibernating
17344,2011-10-24 12:56:00,2011-10-24 12:56:00,1,160.57,66,31,46,1,160.57,66.0,3,2,1,6,Promising,2,Hibernating
17345,2011-05-27 12:26:00,2011-11-24 15:03:00,4,537.74,346,70,15,182,134.435,86.5,4,3,2,9,Hibernating,1,Core Growth
17346,2010-12-01 14:34:00,2011-12-06 12:18:00,15,2676.56,1657,299,4,370,178.43733333333333,110.46666666666667,4,4,4,12,Champions,3,Champions
17347,2011-09-14 13:12:00,2011-09-14 13:12:00,1,228.96,216,1,86,1,228.96,216.0,2,2,1,5,Hibernating,2,Hibernating
17348,2011-02-15 10:49:00,2011-11-25 11:25:00,5,1159.52,1401,180,15,284,231.904,280.2,4,4,3,11,Loyal Customers,1,Core Growth
17349,2011-06-13 14:29:00,2011-06-13 14:29:00,1,110.75,112,8,179,1,110.75,112.0,1,2,1,4,Hibernating,2,Hibernating
17350,2011-10-19 16:05:00,2011-12-01 15:47:00,4,1286.07,795,66,8,43,321.5175,198.75,4,3,3,10,Hibernating,1,Core Growth
17351,2011-03-11 16:05:00,2011-11-03 18:45:00,3,587.15,113,22,36,238,195.71666666666667,37.666666666666664,3,3,2,8,Hibernating,1,Core Growth
17353,2011-07-08 16:17:00,2011-08-02 17:19:00,2,1740.0,1200,5,129,26,870.0,600.0,2,3,4,9,Big Spenders,0,Big-Ticket Occasionals
17354,2011-10-20 10:34:00,2011-10-20 10:34:00,1,1393.06,1006,15,51,1,1393.06,1006.0,2,2,3,7,At Risk,0,Big-Ticket Occasionals
17356,2011-02-01 11:07:00,2011-02-01 11:07:00,1,178.22,166,19,312,1,178.22,166.0,1,2,1,4,Hibernating,2,Hibernating
17357,2011-11-15 16:29:00,2011-11-15 16:30:00,2,388.14,153,41,24,1,194.07,76.5,3,3,2,8,Hibernating,1,Core Growth
17358,2010-12-19 14:16:00,2011-02-09 16:57:00,2,365.85,202,55,303,53,182.925,101.0,1,3,2,6,At Risk,2,Hibernating
17359,2011-11-28 14:37:00,2011-11-28 14:37:00,1,127.86,161,13,11,1,127.86,161.0,4,2,1,7,Promising,2,Hibernating
17360,2011-06-08 17:09:00,2011-11-22 13:11:00,3,585.79,335,113,17,167,195.26333333333332,111.66666666666667,4,3,2,9,Hibernating,1,Core Growth
17361,2011-02-21 09:55:00,2011-10-21 15:43:00,3,488.2,157,26,49,243,162.73333333333332,52.333333333333336,3,3,2,8,Hibernating,1,Core Growth
17362,2011-02-03 10:26:00,2011-04-14 14:43:00,2,312.23,191,30,239,71,156.115,95.5,1,3,2,6,At Risk,2,Hibernating
17364,2011-01-12 16:57:00,2011-12-09 09:00:00,11,4481.18,2701,288,1,331,407.38000000000005,245.54545454545453,4,4,4,12,Champions,3,Champions
17365,2011-01-11 12:11:00,2011-11-27 12:13:00,8,4801.56,4777,278,13,321,600.195,597.125,4,4,4,12,Champions,3,Champions
17367,2011-04-15 14:21:00,2011-04-15 14:21:00,1,168.4,150,33,238,1,168.4,150.0,1,2,1,4,Hibernating,2,Hibernating
17368,2011-01-06 11:57:00,2011-11-16 15:26:00,8,1912.67,1391,93,23,315,239.08375,173.875,3,4,4,11,Loyal Customers,3,Champions
17370,2011-06-23 11:50:00,2011-09-28 10:14:00,4,446.18,540,31,73,97,111.545,135.0,2,3,2,7,At Risk,1,Core Growth
17371,2010-12-13 15:20:00,2011-11-22 13:30:00,3,423.89,152,83,17,344,141.29666666666665,50.666666666666664,4,3,2,9,Hibernating,1,Core Growth
17372,2010-12-12 12:00:00,2011-10-30 11:37:00,8,1342.68,749,215,41,322,167.835,93.625,3,4,3,10,Loyal Customers,1,Core Growth
17373,2011-01-31 11:46:00,2011-10-30 15:28:00,4,646.92,408,47,40,273,161.73,102.0,3,3,2,8,Hibernating,1,Core Growth
17374,2011-03-03 12:53:00,2011-05-05 09:05:00,2,495.77,85,24,219,63,247.885,42.5,1,3,2,6,At Risk,2,Hibernating
17375,2010-12-13 15:16:00,2011-05-24 15:45:00,3,400.1,367,63,199,163,133.36666666666667,122.33333333333333,1,3,2,6,At Risk,2,Hibernating
17376,2011-02-01 14:12:00,2011-09-30 12:36:00,2,203.2,86,23,71,241,101.6,43.0,2,3,1,6,At Risk,2,Hibernating
17377,2010-12-01 12:35:00,2011-11-16 11:17:00,20,4100.92,2076,190,24,350,205.046,103.8,3,4,4,11,Loyal Customers,3,Champions
17379,2011-11-28 13:56:00,2011-11-28 13:56:00,1,404.66,663,71,11,1,404.66,663.0,4,2,2,8,Promising,1,Core Growth
17381,2010-12-02 12:58:00,2011-12-01 11:59:00,29,20275.61,25649,40,9,364,699.1589655172414,884.448275862069,4,4,4,12,Champions,3,Champions
17382,2011-10-05 13:05:00,2011-10-05 13:05:00,1,65.4,25,2,65,1,65.4,25.0,2,2,1,5,Hibernating,2,Hibernating
17383,2011-12-05 17:36:00,2011-12-05 17:36:00,1,199.29,150,49,4,1,199.29,150.0,4,2,1,7,Promising,1,Core Growth
17384,2011-05-04 16:07:00,2011-11-20 15:48:00,2,336.4,88,12,19,200,168.2,44.0,3,3,2,8,Hibernating,2,Hibernating
17385,2011-11-25 11:02:00,2011-11-25 11:02:00,1,261.11,201,42,15,1,261.11,201.0,4,2,1,7,Promising,1,Core Growth
17386,2011-06-27 12:11:00,2011-12-02 11:28:00,6,2686.42,1902,23,8,158,447.7366666666667,317.0,4,4,4,12,Champions,3,Champions
17387,2011-11-06 11:25:00,2011-11-20 11:00:00,2,784.11,542,71,20,14,392.055,271.0,3,3,3,9,Hibernating,1,Core Growth
17388,2011-02-25 12:28:00,2011-09-23 10:31:00,4,1259.56,1068,13,78,210,314.89,267.0,2,3,3,8,At Risk,1,Core Growth
17389,2011-01-12 15:48:00,2011-12-09 09:38:00,34,31833.68,7612,45,1,331,936.2847058823529,223.88235294117646,4,4,4,12,Champions,3,Champions
17391,2011-06-28 12:21:00,2011-06-29 09:58:00,2,508.8,480,2,164,1,254.4,240.0,1,3,2,6,At Risk,0,Big-Ticket Occasionals
17392,2010-12-16 19:04:00,2011-02-06 12:48:00,2,457.91,320,53,307,52,228.955,160.0,1,3,2,6,At Risk,0,Big-Ticket Occasionals
17394,2011-05-04 13:22:00,2011-05-04 13:22:00,1,203.86999999999998,241,4,219,1,203.86999999999998,241.0,1,2,1,4,Hibernating,2,Hibernating
17396,2010-12-03 09:45:00,2011-10-31 14:12:00,8,7330.8,2005,24,39,333,916.35,250.625,3,4,4,11,Loyal Customers,3,Champions
17397,2011-11-17 13:58:00,2011-11-17 14:08:00,2,696.41,254,88,22,1,348.205,127.0,3,3,3,9,Hibernating,1,Core Growth
17398,2011-03-29 13:04:00,2011-08-17 09:48:00,3,653.38,310,30,115,141,217.79333333333332,103.33333333333333,2,3,2,7,At Risk,0,Big-Ticket Occasionals
17400,2010-12-21 17:16:00,2011-08-05 15:38:00,5,2129.96,1097,175,126,227,425.992,219.4,2,4,4,10,Loyal Customers,0,Big-Ticket Occasionals
17402,2010-12-05 13:53:00,2011-12-05 10:15:00,13,2633.85,701,33,5,365,202.60384615384615,53.92307692307692,4,4,4,12,Champions,3,Champions
17403,2011-11-03 15:18:00,2011-11-03 15:18:00,1,281.62,117,32,36,1,281.62,117.0,3,2,1,6,Promising,2,Hibernating
17404,2010-12-14 13:28:00,2011-12-05 16:26:00,15,31906.82,32748,111,4,357,2127.1213333333335,2183.2,4,4,4,12,Champions,3,Champions
17405,2011-07-12 14:17:00,2011-12-08 17:12:00,3,1031.41,726,77,1,150,343.80333333333334,242.0,4,3,3,10,Hibernating,1,Core Growth
17406,2010-12-08 10:35:00,2011-01-10 15:07:00,3,2200.42,787,99,333,34,733.4733333333334,262.3333333333333,1,3,4,8,At Risk,0,Big-Ticket Occasionals
17408,2011-06-29 12:53:00,2011-06-29 12:53:00,1,32.65,3,2,163,1,32.65,3.0,1,2,1,4,Hibernating,2,Hibernating
17409,2011-04-05 16:42:00,2011-06-08 10:36:00,2,771.85,105,13,185,64,385.925,52.5,1,3,3,7,At Risk,0,Big-Ticket Occasionals
17410,2011-05-08 15:21:00,2011-11-23 15:46:00,5,1214.72,616,57,16,200,242.94400000000002,123.2,4,4,3,11,Loyal Customers,1,Core Growth
17411,2011-03-23 13:44:00,2011-11-27 14:25:00,3,778.94,306,39,12,250,259.6466666666667,102.0,4,3,3,10,Hibernating,1,Core Growth
17412,2010-12-02 16:29:00,2011-12-07 11:36:00,7,1258.06,738,48,3,370,179.72285714285712,105.42857142857143,4,4,3,11,Loyal Customers,1,Core Growth
17414,2011-06-08 11:43:00,2011-10-27 12:13:00,2,778.0,2100,5,44,142,389.0,1050.0,3,3,3,9,Hibernating,0,Big-Ticket Occasionals
17415,2011-09-21 12:50:00,2011-09-21 12:50:00,1,507.84,114,14,80,1,507.84,114.0,2,2,2,6,Hibernating,0,Big-Ticket Occasionals
17416,2011-03-03 13:45:00,2011-11-10 12:47:00,7,6893.42,4302,186,30,252,984.7742857142857,614.5714285714286,3,4,4,11,Loyal Customers,3,Champions
17418,2011-01-20 11:39:00,2011-10-28 13:00:00,2,463.46000000000004,289,29,42,282,231.73000000000002,144.5,3,3,2,8,Hibernating,1,Core Growth
17419,2010-12-07 15:03:00,2011-11-28 13:47:00,12,4226.57,1876,155,11,356,352.21416666666664,156.33333333333334,4,4,4,12,Champions,3,Champions
17420,2010-12-01 09:56:00,2011-10-20 14:52:00,3,598.83,265,28,50,324,199.61,88.33333333333333,3,3,2,8,Hibernating,1,Core Growth
17422,2011-02-16 14:44:00,2011-11-23 13:27:00,6,1979.37,2253,93,16,280,329.895,375.5,4,4,4,12,Champions,3,Champions
17423,2011-05-06 09:14:00,2011-10-24 13:36:00,2,698.41,459,26,46,172,349.205,229.5,3,3,3,9,Hibernating,0,Big-Ticket Occasionals
17425,2011-10-10 11:37:00,2011-11-20 15:30:00,2,759.17,407,42,19,42,379.585,203.5,3,3,3,9,Hibernating,1,Core Growth
17426,2011-03-02 16:34:00,2011-12-01 18:07:00,6,5037.26,3094,179,8,275,839.5433333333334,515.6666666666666,4,4,4,12,Champions,3,Champions
17427,2011-09-29 11:29:00,2011-09-29 11:29:00,1,100.8,34,2,72,1,100.8,34.0,2,2,1,5,Hibernating,2,Hibernating
17428,2010-12-06 09:37:00,2011-12-09 09:45:00,28,17256.85,9474,252,1,369,616.3160714285714,338.35714285714283,4,4,4,12,Champions,3,Champions
17429,2011-05-05 09:53:00,2011-08-03 13:22:00,3,524.9200000000001,624,36,128,91,174.97333333333336,208.0,2,3,2,7,At Risk,0,Big-Ticket Occasionals
17430,2010-12-09 13:05:00,2011-11-07 09:24:00,2,265.76,190,14,33,333,132.88,95.0,3,3,1,7,Hibernating,2,Hibernating
17431,2011-01-30 14:36:00,2011-01-30 14:36:00,1,403.3,292,41,313,1,403.3,292.0,1,2,2,5,Hibernating,0,Big-Ticket Occasionals
17432,2011-11-02 17:30:00,2011-11-21 17:33:00,2,365.76,207,44,18,20,182.88,103.5,3,3,2,8,Hibernating,1,Core Growth
17433,2011-09-12 14:24:00,2011-09-12 14:24:00,1,303.15999999999997,185,53,88,1,303.15999999999997,185.0,2,2,1,5,Hibernating,0,Big-Ticket Occasionals
17434,2011-09-15 13:54:00,2011-12-07 13:16:00,7,2373.82,1693,100,2,83,339.1171428571429,241.85714285714286,4,4,4,12,Champions,3,Champions
17436,2011-04-27 11:33:00,2011-12-08 12:30:00,2,216.29999999999998,90,7,2,226,108.14999999999999,45.0,4,3,1,8,Hibernating,1,Core Growth
17438,2011-03-31 10:26:00,2011-03-31 10:26:00,1,388.45000000000005,103,17,254,1,388.45000000000005,103.0,1,2,2,5,Hibernating,0,Big-Ticket Occasionals
17440,2011-04-06 12:05:00,2011-07-06 11:54:00,3,186.42000000000002,246,3,157,91,62.14000000000001,82.0,1,3,1,5,At Risk,2,Hibernating
17442,2011-02-22 13:02:00,2011-11-03 09:17:00,6,2248.56,1496,96,37,254,374.76,249.33333333333334,3,4,4,11,Loyal Customers,3,Champions
17443,2011-05-04 10:47:00,2011-05-04 10:47:00,1,534.24,504,1,220,1,534.24,504.0,1,2,2,5,Hibernating,0,Big-Ticket Occasionals
17444,2011-06-20 09:04:00,2011-07-15 12:05:00,3,2940.04,2119,132,148,26,980.0133333333333,706.3333333333334,1,3,4,8,At Risk,0,Big-Ticket Occasionals
17446,2011-02-02 14:40:00,2011-06-16 10:42:00,2,120.9,198,6,177,134,60.45,99.0,1,3,1,5,At Risk,2,Hibernating
17447,2011-09-29 10:10:00,2011-10-30 14:18:00,2,541.53,443,33,40,32,270.765,221.5,3,3,2,8,Hibernating,1,Core Growth
17449,2010-12-15 10:57:00,2011-12-07 16:56:00,7,2520.86,1122,178,2,358,360.1228571428572,160.28571428571428,4,4,4,12,Champions,3,Champions
17450,2010-12-07 09:23:00,2011-12-01 13:29:00,46,194550.79,69993,124,8,360,4229.365,1521.5869565217392,4,4,4,12,Champions,3,Champions
17451,2011-08-26 11:54:00,2011-12-08 15:02:00,7,1721.4,1203,83,1,105,245.91428571428574,171.85714285714286,4,4,4,12,Champions,3,Champions
17453,2011-10-06 17:02:00,2011-11-22 09:42:00,2,486.71999999999997,219,19,18,47,243.35999999999999,109.5,3,3,2,8,Hibernating,1,Core Growth
17454,2010-12-15 10:54:00,2011-05-31 13:58:00,4,517.53,243,57,192,168,129.3825,60.75,1,3,2,6,At Risk,2,Hibernating
17455,2011-05-20 12:31:00,2011-05-20 12:31:00,1,131.7,66,8,204,1,131.7,66.0,1,2,1,4,Hibernating,2,Hibernating
17456,2010-12-09 15:23:00,2010-12-09 15:23:00,1,249.86,222,17,365,1,249.86,222.0,1,2,1,4,Hibernating,2,Hibernating
17457,2011-01-04 14:33:00,2011-08-05 12:48:00,5,1737.7,826,14,127,213,347.54,165.2,2,4,4,10,Loyal Customers,0,Big-Ticket Occasionals
17458,2011-11-24 13:01:00,2011-11-24 13:01:00,1,316.5,170,52,15,1,316.5,170.0,4,2,2,8,Promising,1,Core Growth
17459,2011-10-10 17:00:00,2011-10-27 13:25:00,2,657.3,537,88,43,17,328.65,268.5,3,3,2,8,Hibernating,0,Big-Ticket Occasionals
17460,2010-12-01 16:24:00,2011-09-06 15:04:00,6,622.4300000000001,236,18,94,279,103.73833333333334,39.333333333333336,2,4,2,8,At Risk,1,Core Growth
17461,2011-11-10 12:01:00,2011-11-17 10:21:00,3,757.46,799,104,23,7,252.48666666666668,266.3333333333333,3,3,3,9,Hibernating,1,Core Growth
17462,2011-02-28 17:01:00,2011-10-10 13:56:00,2,675.69,227,25,60,224,337.845,113.5,2,3,3,8,At Risk,0,Big-Ticket Occasionals
17463,2011-01-30 15:48:00,2011-11-23 13:40:00,5,1896.41,1095,162,16,297,379.28200000000004,219.0,4,4,4,12,Champions,1,Core Growth
17464,2011-07-04 13:19:00,2011-07-04 13:19:00,1,289.96000000000004,220,9,158,1,289.96000000000004,220.0,1,2,1,4,Hibernating,0,Big-Ticket Occasionals
17466,2011-09-22 09:16:00,2011-11-29 13:15:00,2,763.28,306,41,10,69,381.64,153.0,4,3,3,10,Hibernating,1,Core Growth
17468,2011-11-25 12:52:00,2011-11-29 15:33:00,2,137.0,116,5,10,5,68.5,58.0,4,3,1,8,Hibernating,2,Hibernating
17469,2011-05-19 08:55:00,2011-11-23 13:15:00,5,1870.97,787,61,16,189,374.194,157.4,4,4,4,12,Champions,1,Core Growth
17470,2010-12-07 09:57:00,2011-10-26 12:42:00,5,1125.07,1675,67,45,324,225.01399999999998,335.0,3,4,3,10,Loyal Customers,1,Core Growth
17472,2011-02-13 14:40:00,2011-06-01 14:57:00,3,710.29,462,142,191,109,236.76333333333332,154.0,1,3,3,7,At Risk,0,Big-Ticket Occasionals
17475,2011-09-21 14:55:00,2011-09-21 14:55:00,1,194.37,178,14,79,1,194.37,178.0,2,2,1,5,Hibernating,2,Hibernating
17480,2011-09-23 11:39:00,2011-09-23 11:39:00,1,511.82,338,29,78,1,511.82,338.0,2,2,2,6,Hibernating,0,Big-Ticket Occasionals
17481,2011-09-07 09:57:00,2011-12-06 12:28:00,4,1255.59,1061,69,4,91,313.8975,265.25,4,3,3,10,Hibernating,1,Core Growth
17483,2011-06-09 19:40:00,2011-10-05 13:10:00,3,414.04,191,18,65,118,138.01333333333335,63.666666666666664,2,3,2,7,At Risk,2,Hibernating
17486,2011-03-23 14:00:00,2011-03-23 14:00:00,1,396.87,191,24,261,1,396.87,191.0,1,2,2,5,Hibernating,0,Big-Ticket Occasionals
17489,2011-05-11 11:34:00,2011-10-12 08:56:00,2,376.64,428,28,59,154,188.32,214.0,2,3,2,7,At Risk,1,Core Growth
17490,2011-06-16 09:15:00,2011-12-09 09:08:00,7,2092.32,1134,63,1,176,298.90285714285716,162.0,4,4,4,12,Champions,3,Champions
17491,2010-12-07 12:18:00,2011-12-08 16:18:00,10,3558.87,2013,72,1,367,355.887,201.3,4,4,4,12,Champions,3,Champions
17492,2011-04-05 15:21:00,2011-04-05 15:21:00,1,374.57,155,12,248,1,374.57,155.0,1,2,2,5,Hibernating,0,Big-Ticket Occasionals
17495,2011-11-01 12:06:00,2011-12-02 12:08:00,2,497.56,229,21,8,32,248.78,114.5,4,3,2,9,Hibernating,1,Core Growth
17496,2010-12-16 08:39:00,2010-12-16 08:39:00,1,271.05,79,10,359,1,271.05,79.0,1,2,1,4,Hibernating,2,Hibernating
17498,2011-09-25 12:25:00,2011-09-25 12:25:00,1,272.22,394,17,76,1,272.22,394.0,2,2,1,5,Hibernating,0,Big-Ticket Occasionals
17499,2011-02-23 09:14:00,2011-02-23 09:14:00,1,622.88,711,40,290,1,622.88,711.0,1,2,2,5,Hibernating,0,Big-Ticket Occasionals
17500,2011-11-10 09:08:00,2011-11-22 14:25:00,3,1138.0,17,3,17,13,379.3333333333333,5.666666666666667,4,3,3,10,Hibernating,1,Core Growth
17501,2011-05-03 09:46:00,2011-05-03 09:47:00,2,288.6,160,18,221,1,144.3,80.0,1,3,1,5,At Risk,2,Hibernating
17502,2011-11-10 16:39:00,2011-11-30 13:13:00,4,689.1,376,25,9,20,172.275,94.0,4,3,3,10,Hibernating,1,Core Growth
17503,2011-11-01 11:12:00,2011-12-07 09:18:00,2,558.96,486,36,3,36,279.48,243.0,4,3,2,9,Hibernating,1,Core Growth
17504,2011-01-21 11:09:00,2011-05-17 12:59:00,9,2997.0299999999997,1664,112,206,117,333.00333333333333,184.88888888888889,1,4,4,9,At Risk,3,Champions
17505,2011-05-18 09:01:00,2011-07-01 12:50:00,2,1145.84,556,48,162,45,572.92,278.0,1,3,3,7,At Risk,0,Big-Ticket Occasionals
17506,2011-09-25 11:39:00,2011-09-25 11:39:00,1,302.2,139,14,76,1,302.2,139.0,2,2,1,5,Hibernating,2,Hibernating
17507,2011-02-03 18:08:00,2011-03-23 11:48:00,2,605.58,359,79,262,48,302.79,179.5,1,3,2,6,At Risk,0,Big-Ticket Occasionals
17508,2011-03-04 08:10:00,2011-03-04 08:10:00,1,387.31,289,22,281,1,387.31,289.0,1,2,2,5,Hibernating,0,Big-Ticket Occasionals
17509,2011-10-07 13:14:00,2011-10-13 10:26:00,8,6115.14,3534,75,58,6,764.3925,441.75,2,4,4,10,Loyal Customers,3,Champions
17510,2011-11-15 10:00:00,2011-11-15 10:00:00,1,308.48,214,20,25,1,308.48,214.0,3,2,2,7,Promising,0,Big-Ticket Occasionals
17511,2010-12-01 10:19:00,2011-12-07 10:12:00,31,91062.38,64549,453,3,371,2937.496129032258,2082.2258064516127,4,4,4,12,Champions,3,Champions
17512,2011-02-11 12:22:00,2011-11-11 12:11:00,10,2924.9900000000002,2753,61,29,273,292.499,275.3,3,4,4,11,Loyal Customers,3,Champions
17513,2011-09-28 16:42:00,2011-09-28 16:42:00,1,513.2,254,6,72,1,513.2,254.0,2,2,2,6,Hibernating,0,Big-Ticket Occasionals
17514,2011-08-03 15:45:00,2011-08-03 15:45:00,1,208.65,135,40,128,1,208.65,135.0,2,2,1,5,Hibernating,2,Hibernating
17515,2011-01-25 14:33:00,2011-11-08 14:04:00,4,639.02,243,49,31,287,159.755,60.75,3,3,2,8,Hibernating,1,Core Growth
17516,2011-02-27 12:41:00,2011-11-24 16:51:00,5,768.08,416,113,15,271,153.616,83.2,4,4,3,11,Loyal Customers,1,Core Growth
17517,2011-02-04 11:48:00,2011-02-04 11:48:00,1,153.94,102,11,309,1,153.94,102.0,1,2,1,4,Hibernating,2,Hibernating
17519,2010-12-06 15:18:00,2011-11-22 16:43:00,6,1844.02,1236,60,17,352,307.33666666666664,206.0,4,4,4,12,Champions,3,Champions
17520,2011-10-17 12:04:00,2011-10-17 12:04:00,1,546.81,365,30,54,1,546.81,365.0,2,2,2,6,Hibernating,0,Big-Ticket Occasionals
17521,2011-05-24 15:14:00,2011-11-10 11:22:00,3,723.2099999999999,519,38,30,170,241.06999999999996,173.0,3,3,3,9,Hibernating,1,Core Growth
17522,2011-05-05 16:31:00,2011-12-08 12:31:00,5,1070.71,1034,59,2,217,214.142,206.8,4,4,3,11,Loyal Customers,1,Core Growth
17523,2011-11-20 13:40:00,2011-11-28 13:20:00,4,652.74,872,25,11,8,163.185,218.0,4,3,2,9,Hibernating,1,Core Growth
17524,2010-12-13 14:32:00,2010-12-13 14:32:00,1,145.0,90,6,361,1,145.0,90.0,1,2,1,4,Hibernating,2,Hibernating
17525,2010-12-15 12:05:00,2010-12-15 12:05:00,1,422.70000000000005,82,9,360,1,422.70000000000005,82.0,1,2,2,5,Hibernating,0,Big-Ticket Occasionals
17526,2010-12-09 12:20:00,2011-12-05 11:05:00,4,1195.8999999999999,310,17,5,361,298.97499999999997,77.5,4,3,3,10,Hibernating,1,Core Growth
17527,2011-05-05 13:43:00,2011-10-17 12:32:00,4,939.37,488,45,54,165,234.8425,122.0,2,3,3,8,At Risk,1,Core Growth
17528,2011-09-29 13:04:00,2011-12-08 13:27:00,8,3628.5,2138,183,1,71,453.5625,267.25,4,4,4,12,Champions,3,Champions
17530,2010-12-09 20:01:00,2011-12-08 18:42:00,10,2385.0,1526,306,1,364,238.5,152.6,4,4,4,12,Champions,3,Champions
17531,2011-06-02 19:17:00,2011-06-02 19:17:00,1,296.7,136,14,190,1,296.7,136.0,1,2,1,4,Hibernating,2,Hibernating
17534,2011-10-17 12:47:00,2011-10-17 12:47:00,1,223.36,103,9,54,1,223.36,103.0,2,2,1,5,Hibernating,2,Hibernating
17535,2011-03-04 15:20:00,2011-03-04 15:20:00,1,164.4,136,13,280,1,164.4,136.0,1,2,1,4,Hibernating,2,Hibernating
17536,2011-06-15 13:23:00,2011-06-15 13:23:00,1,76.5,6,3,177,1,76.5,6.0,1,2,1,4,Hibernating,2,Hibernating
17537,2011-02-09 13:37:00,2011-11-10 10:56:00,2,897.62,700,74,30,274,448.81,350.0,3,3,3,9,Hibernating,0,Big-Ticket Occasionals
17538,2011-11-14 12:12:00,2011-11-14 12:12:00,1,98.42,134,9,26,1,98.42,134.0,3,2,1,6,Promising,2,Hibernating
17540,2011-01-27 14:35:00,2011-11-15 11:56:00,2,578.9,194,20,25,292,289.45,97.0,3,3,2,8,Hibernating,1,Core Growth
17542,2011-03-15 11:45:00,2011-03-15 11:45:00,1,170.75,134,24,270,1,170.75,134.0,1,2,1,4,Hibernating,2,Hibernating
17545,2011-10-27 13:48:00,2011-10-27 14:04:00,3,645.96,341,122,43,1,215.32000000000002,113.66666666666667,3,3,2,8,Hibernating,1,Core Growth
17548,2011-04-20 12:01:00,2011-04-20 12:01:00,1,103.3,58,5,234,1,103.3,58.0,1,2,1,4,Hibernating,2,Hibernating
17549,2011-10-19 10:05:00,2011-11-16 09:59:00,2,148.86,210,5,24,28,74.43,105.0,3,3,1,7,Hibernating,2,Hibernating
17550,2011-04-10 15:19:00,2011-05-26 14:09:00,3,267.16,86,42,197,46,89.05333333333334,28.666666666666668,1,3,1,5,At Risk,2,Hibernating
17551,2010-12-15 14:12:00,2010-12-15 14:12:00,1,306.84,150,39,359,1,306.84,150.0,1,2,1,4,Hibernating,0,Big-Ticket Occasionals
17552,2010-12-02 18:45:00,2011-10-10 17:00:00,4,930.41,719,43,60,312,232.6025,179.75,2,3,3,8,At Risk,1,Core Growth
17553,2011-08-02 10:00:00,2011-08-02 10:00:00,1,1487.6,1048,2,130,1,1487.6,1048.0,2,2,3,7,At Risk,0,Big-Ticket Occasionals
17554,2011-07-14 20:01:00,2011-12-08 14:15:00,5,1952.45,1763,58,1,147,390.49,352.6,4,4,4,12,Champions,3,Champions
17555,2011-01-09 12:31:00,2011-11-20 12:22:00,2,483.26,349,101,20,315,241.63,174.5,3,3,2,8,Hibernating,1,Core Growth
17556,2011-05-18 10:48:00,2011-05-18 10:48:00,1,157.9,101,6,206,1,157.9,101.0,1,2,1,4,Hibernating,2,Hibernating
17557,2011-09-19 14:23:00,2011-11-25 12:57:00,3,541.46,306,27,14,67,180.48666666666668,102.0,4,3,2,9,Hibernating,1,Core Growth
17560,2011-02-02 11:14:00,2011-09-06 09:18:00,4,854.95,635,22,95,216,213.7375,158.75,2,3,3,8,At Risk,1,Core Growth
17561,2011-11-20 12:53:00,2011-11-20 12:53:00,1,167.62,146,44,19,1,167.62,146.0,3,2,1,6,Promising,2,Hibernating
17562,2011-06-19 13:06:00,2011-11-25 14:21:00,7,1122.38,817,48,14,160,160.34,116.71428571428571,4,4,3,11,Loyal Customers,1,Core Growth
17564,2011-09-20 14:00:00,2011-11-15 13:27:00,3,454.01,146,38,24,56,151.33666666666667,48.666666666666664,3,3,2,8,Hibernating,1,Core Growth
17566,2011-11-14 13:42:00,2011-12-01 19:54:00,2,901.21,518,113,8,18,450.605,259.0,4,3,3,10,Hibernating,1,Core Growth
17567,2010-12-02 15:18:00,2011-12-02 15:48:00,8,4331.48,2632,110,7,366,541.435,329.0,4,4,4,12,Champions,3,Champions
17569,2011-01-11 14:15:00,2011-01-11 14:15:00,1,344.14,159,29,332,1,344.14,159.0,1,2,2,5,Hibernating,0,Big-Ticket Occasionals
17571,2011-02-14 15:15:00,2011-10-20 15:57:00,4,1498.51,905,247,50,249,374.6275,226.25,3,3,3,9,Hibernating,1,Core Growth
17572,2010-12-01 12:51:00,2011-09-29 17:53:00,4,226.75000000000003,95,7,71,303,56.68750000000001,23.75,2,3,1,6,At Risk,2,Hibernating
17573,2011-09-07 10:36:00,2011-11-10 13:01:00,3,380.6,308,24,29,65,126.86666666666667,102.66666666666667,3,3,2,8,Hibernating,1,Core Growth
17574,2011-04-11 09:47:00,2011-04-11 09:47:00,1,185.65,77,8,243,1,185.65,77.0,1,2,1,4,Hibernating,2,Hibernating
17576,2010-12-09 16:57:00,2011-12-01 17:56:00,19,3622.68,1994,245,8,358,190.66736842105263,104.94736842105263,4,4,4,12,Champions,3,Champions
17578,2011-05-05 18:38:00,2011-05-05 18:38:00,1,143.45999999999998,138,5,218,1,143.45999999999998,138.0,1,2,1,4,Hibernating,2,Hibernating
17579,2011-06-13 14:12:00,2011-12-05 12:28:00,3,448.90000000000003,258,46,5,175,149.63333333333335,86.0,4,3,2,9,Hibernating,1,Core Growth
17580,2010-12-16 15:27:00,2011-04-01 12:41:00,3,215.72,88,43,253,106,71.90666666666667,29.333333333333332,1,3,1,5,At Risk,2,Hibernating
17581,2010-12-02 14:47:00,2011-12-09 12:21:00,25,11045.04,5927,229,1,372,441.8016,237.08,4,4,4,12,Champions,3,Champions
17582,2011-04-17 13:18:00,2011-04-17 13:18:00,1,175.27,123,28,236,1,175.27,123.0,1,2,1,4,Hibernating,2,Hibernating
17584,2011-08-04 14:12:00,2011-12-02 17:12:00,2,1242.3,458,30,7,121,621.15,229.0,4,3,3,10,Hibernating,1,Core Growth
17585,2011-01-05 15:09:00,2011-08-22 13:30:00,4,1133.07,1671,176,109,229,283.2675,417.75,2,3,3,8,At Risk,0,Big-Ticket Occasionals
17588,2011-04-21 10:31:00,2011-08-31 13:37:00,3,1240.2,676,19,100,133,413.40000000000003,225.33333333333334,2,3,3,8,At Risk,0,Big-Ticket Occasionals
17589,2011-04-13 13:47:00,2011-10-10 16:58:00,4,2404.17,1631,172,60,181,601.0425,407.75,2,3,4,9,Big Spenders,3,Champions
17590,2011-10-30 14:05:00,2011-12-07 12:55:00,3,1479.22,828,162,2,38,493.0733333333333,276.0,4,3,3,10,Hibernating,1,Core Growth
17591,2010-12-07 15:39:00,2011-09-27 13:42:00,7,2225.9700000000003,1009,81,73,294,317.9957142857143,144.14285714285714,2,4,4,10,Loyal Customers,3,Champions
17593,2010-12-22 10:29:00,2011-12-06 10:30:00,5,3927.34,3101,190,4,350,785.4680000000001,620.2,4,4,4,12,Champions,3,Champions
17594,2011-03-30 10:32:00,2011-09-15 16:34:00,2,993.18,550,42,85,170,496.59,275.0,2,3,3,8,At Risk,0,Big-Ticket Occasionals
17595,2011-11-02 16:19:00,2011-11-27 16:08:00,2,388.79,229,68,12,25,194.395,114.5,4,3,2,9,Hibernating,1,Core Growth
17596,2010-12-06 12:34:00,2011-11-16 14:11:00,7,2827.93,4400,168,23,346,403.98999999999995,628.5714285714286,3,4,4,11,Loyal Customers,3,Champions
17597,2011-05-10 11:54:00,2011-05-10 11:54:00,1,2044.3700000000001,1176,55,214,1,2044.3700000000001,1176.0,1,2,4,7,At Risk,0,Big-Ticket Occasionals
17600,2011-11-22 09:43:00,2011-11-22 09:43:00,1,161.67000000000002,144,13,18,1,161.67000000000002,144.0,3,2,1,6,Promising,2,Hibernating
17601,2011-04-14 18:02:00,2011-04-14 18:02:00,1,116.00999999999999,103,9,239,1,116.00999999999999,103.0,1,2,1,4,Hibernating,2,Hibernating
17602,2011-01-19 16:18:00,2011-12-07 13:53:00,6,5102.97,4151,335,2,322,850.495,691.8333333333334,4,4,4,12,Champions,3,Champions
17603,2011-09-22 14:18:00,2011-09-22 14:18:00,1,394.72,74,11,78,1,394.72,74.0,2,2,2,6,Hibernating,0,Big-Ticket Occasionals
17604,2011-01-31 15:09:00,2011-05-06 13:43:00,2,309.36,169,57,217,95,154.68,84.5,1,3,2,6,At Risk,2,Hibernating
17608,2011-11-06 13:00:00,2011-11-06 13:06:00,2,193.42,232,54,33,1,96.71,116.0,3,3,1,7,Hibernating,2,Hibernating
17609,2011-01-16 16:23:00,2011-10-30 12:28:00,5,1112.22,723,199,41,287,222.44400000000002,144.6,3,4,3,10,Loyal Customers,1,Core Growth
17611,2010-12-13 13:52:00,2011-12-02 13:29:00,15,3984.22,2560,440,7,354,265.61466666666666,170.66666666666666,4,4,4,12,Champions,3,Champions
17612,2011-02-15 10:40:00,2011-10-17 14:59:00,6,2048.45,1808,116,53,245,341.4083333333333,301.3333333333333,2,4,4,10,Loyal Customers,3,Champions
17613,2011-02-07 11:20:00,2011-11-17 10:51:00,14,4559.150000000001,2496,211,23,283,325.65357142857147,178.28571428571428,3,4,4,11,Loyal Customers,3,Champions
17614,2011-10-13 16:01:00,2011-10-13 16:01:00,1,390.07,238,97,57,1,390.07,238.0,2,2,2,6,Hibernating,0,Big-Ticket Occasionals
17615,2011-05-01 15:33:00,2011-08-01 14:06:00,3,329.6,140,13,130,92,109.86666666666667,46.666666666666664,2,3,2,7,At Risk,2,Hibernating
17616,2010-12-07 10:04:00,2011-06-19 10:11:00,3,571.1999999999999,224,1,174,195,190.39999999999998,74.66666666666667,1,3,2,6,At Risk,0,Big-Ticket Occasionals
17618,2010-12-12 16:05:00,2011-12-04 11:50:00,3,971.58,331,56,6,357,323.86,110.33333333333333,4,3,3,10,Hibernating,1,Core Growth
17619,2011-01-31 14:18:00,2011-01-31 14:18:00,1,218.52,127,71,312,1,218.52,127.0,1,2,1,4,Hibernating,2,Hibernating
17620,2011-10-11 12:08:00,2011-10-11 12:08:00,1,81.44,60,4,60,1,81.44,60.0,2,2,1,5,Hibernating,2,Hibernating
17621,2010-12-20 13:31:00,2011-11-18 17:11:00,3,1379.9,514,24,21,334,459.9666666666667,171.33333333333334,3,3,3,9,Hibernating,1,Core Growth
17623,2011-11-07 11:32:00,2011-11-07 11:32:00,1,527.0500000000001,265,33,33,1,527.0500000000001,265.0,3,2,2,7,Promising,0,Big-Ticket Occasionals
17624,2011-05-05 17:59:00,2011-11-25 10:52:00,2,843.48,554,49,15,204,421.74,277.0,4,3,3,10,Hibernating,1,Core Growth
17625,2011-03-27 12:21:00,2011-11-21 13:36:00,4,2047.0,1198,223,18,240,511.75,299.5,3,3,4,10,Big Spenders,3,Champions
17628,2011-09-19 15:21:00,2011-09-19 15:21:00,1,75.75,79,5,81,1,75.75,79.0,2,2,1,5,Hibernating,2,Hibernating
17629,2010-12-15 09:58:00,2011-12-04 10:56:00,8,1814.12,1629,106,6,355,226.765,203.625,4,4,4,12,Champions,3,Champions
17630,2011-04-21 14:03:00,2011-06-23 11:58:00,2,503.59999999999997,158,24,170,63,251.79999999999998,79.0,1,3,2,6,At Risk,0,Big-Ticket Occasionals
17631,2011-04-21 13:22:00,2011-12-08 09:47:00,3,528.33,334,39,2,231,176.11,111.33333333333333,4,3,2,9,Hibernating,1,Core Growth
17633,2011-08-11 15:43:00,2011-11-08 13:25:00,4,1324.84,644,59,31,89,331.21,161.0,3,3,3,9,Hibernating,1,Core Growth
17634,2011-01-06 12:45:00,2011-11-03 13:09:00,9,2361.9700000000003,840,209,36,302,262.4411111111111,93.33333333333333,3,4,4,11,Loyal Customers,3,Champions
17636,2011-11-20 14:40:00,2011-11-20 14:40:00,1,285.56,182,20,19,1,285.56,182.0,3,2,1,6,Promising,1,Core Growth
17637,2011-08-16 13:25:00,2011-11-08 12:51:00,2,547.0600000000001,280,35,31,84,273.53000000000003,140.0,3,3,2,8,Hibernating,1,Core Growth
17639,2011-03-08 15:22:00,2011-03-08 15:22:00,1,108.5,49,7,276,1,108.5,49.0,1,2,1,4,Hibernating,2,Hibernating
17640,2011-09-14 09:13:00,2011-09-14 09:13:00,1,621.66,250,5,87,1,621.66,250.0,2,2,2,6,Hibernating,0,Big-Ticket Occasionals
17642,2011-06-16 12:55:00,2011-08-12 09:11:00,2,712.29,474,34,120,57,356.145,237.0,2,3,3,8,At Risk,0,Big-Ticket Occasionals
17643,2010-12-01 14:38:00,2010-12-01 14:38:00,1,101.55,71,8,373,1,101.55,71.0,1,2,1,4,Hibernating,2,Hibernating
17644,2011-03-24 09:44:00,2011-12-08 13:43:00,11,2895.64,1793,102,1,260,263.24,163.0,4,4,4,12,Champions,3,Champions
17646,2010-12-09 14:28:00,2011-05-04 13:17:00,3,1008.39,323,46,219,146,336.13,107.66666666666667,1,3,3,7,At Risk,0,Big-Ticket Occasionals
17647,2011-10-05 15:38:00,2011-10-05 15:38:00,1,133.06,30,7,65,1,133.06,30.0,2,2,1,5,Hibernating,2,Hibernating
17648,2011-04-04 10:29:00,2011-10-10 09:41:00,4,1797.5,487,81,61,189,449.375,121.75,2,3,4,9,Big Spenders,0,Big-Ticket Occasionals
17649,2011-07-24 15:53:00,2011-07-24 15:53:00,1,868.49,399,52,138,1,868.49,399.0,2,2,3,7,At Risk,0,Big-Ticket Occasionals
17650,2011-11-18 14:52:00,2011-11-18 14:52:00,1,166.08,150,8,21,1,166.08,150.0,3,2,1,6,Promising,2,Hibernating
17651,2011-06-15 15:57:00,2011-11-28 10:29:00,10,3945.0,3112,149,12,166,394.5,311.2,4,4,4,12,Champions,3,Champions
17652,2011-03-03 14:05:00,2011-11-14 12:55:00,12,4867.72,2509,118,25,256,405.6433333333334,209.08333333333334,3,4,4,11,Loyal Customers,3,Champions
17653,2011-08-11 15:24:00,2011-11-03 12:46:00,4,1207.56,1409,44,37,84,301.89,352.25,3,3,3,9,Hibernating,1,Core Growth
17654,2011-03-07 13:17:00,2011-03-07 13:17:00,1,117.55,41,22,277,1,117.55,41.0,1,2,1,4,Hibernating,2,Hibernating
17655,2010-12-08 16:45:00,2011-11-29 11:34:00,7,2638.94,1116,66,11,356,376.99142857142857,159.42857142857142,4,4,4,12,Champions,3,Champions
17656,2011-08-03 10:45:00,2011-09-27 13:04:00,5,1674.69,1399,67,73,56,334.938,279.8,2,4,4,10,Loyal Customers,1,Core Growth
17658,2011-05-12 15:23:00,2011-11-14 12:07:00,2,595.42,616,17,26,186,297.71,308.0,3,3,2,8,Hibernating,1,Core Growth
17659,2010-12-02 16:46:00,2011-11-22 13:29:00,12,2999.46,1525,127,17,355,249.955,127.08333333333333,4,4,4,12,Champions,3,Champions
17660,2011-07-21 13:37:00,2011-07-21 13:37:00,1,196.0,130,37,141,1,196.0,130.0,2,2,1,5,Hibernating,2,Hibernating
17663,2011-02-25 14:11:00,2011-11-14 08:56:00,7,1802.91,797,63,26,262,257.55857142857144,113.85714285714286,3,4,4,11,Loyal Customers,1,Core Growth
17664,2011-05-11 14:17:00,2011-11-21 11:29:00,2,604.64,604,41,19,194,302.32,302.0,3,3,2,8,Hibernating,1,Core Growth
17666,2011-10-05 11:06:00,2011-12-06 09:06:00,2,728.16,596,14,4,62,364.08,298.0,4,3,3,10,Hibernating,1,Core Growth
17667,2011-02-14 09:24:00,2011-10-04 14:32:00,5,2055.51,1033,85,66,233,411.10200000000003,206.6,2,4,4,10,Loyal Customers,1,Core Growth
17668,2011-11-01 14:45:00,2011-12-08 13:25:00,2,347.75,93,14,1,37,173.875,46.5,4,3,2,9,Hibernating,1,Core Growth
17669,2011-04-04 10:11:00,2011-10-28 08:53:00,7,3406.7200000000003,1916,45,43,207,486.67428571428576,273.7142857142857,3,4,4,11,Loyal Customers,3,Champions
17670,2011-04-26 09:12:00,2011-04-26 09:12:00,1,205.7,110,11,228,1,205.7,110.0,1,2,1,4,Hibernating,2,Hibernating
17671,2010-12-09 14:27:00,2011-11-24 12:21:00,4,1572.71,772,40,16,350,393.1775,193.0,4,3,3,10,Hibernating,1,Core Growth
17672,2011-02-03 13:29:00,2011-10-20 14:18:00,2,3178.17,1690,105,50,260,1589.085,845.0,3,3,4,10,Big Spenders,0,Big-Ticket Occasionals
17673,2011-01-23 15:16:00,2011-12-08 12:50:00,6,1629.12,1487,118,2,319,271.52,247.83333333333334,4,4,3,11,Loyal Customers,3,Champions
17674,2010-12-06 10:20:00,2011-09-26 13:35:00,2,551.04,672,19,74,295,275.52,336.0,2,3,2,7,At Risk,0,Big-Ticket Occasionals
17675,2010-12-07 13:22:00,2011-12-08 18:03:00,31,20374.28,8360,239,1,367,657.2348387096774,269.6774193548387,4,4,4,12,Champions,3,Champions
17676,2010-12-08 13:49:00,2011-12-05 15:16:00,6,1387.68,932,49,4,363,231.28,155.33333333333334,4,4,3,11,Loyal Customers,1,Core Growth
17677,2010-12-06 08:42:00,2011-12-08 09:56:00,30,16363.23,9775,178,2,368,545.441,325.8333333333333,4,4,4,12,Champions,3,Champions
17678,2011-03-21 11:52:00,2011-03-21 11:52:00,1,298.11,207,16,264,1,298.11,207.0,1,2,1,4,Hibernating,0,Big-Ticket Occasionals
17679,2011-09-15 10:35:00,2011-10-18 07:43:00,2,1992.1100000000001,729,29,53,33,996.0550000000001,364.5,2,3,4,9,Big Spenders,0,Big-Ticket Occasionals
17680,2011-11-16 12:42:00,2011-11-16 12:42:00,1,184.4,96,11,24,1,184.4,96.0,3,2,1,6,Promising,2,Hibernating
17682,2010-12-06 13:35:00,2011-11-29 15:59:00,6,2474.33,1367,48,10,359,412.3883333333333,227.83333333333334,4,4,4,12,Champions,3,Champions
17684,2011-10-27 11:10:00,2011-10-27 11:10:00,1,239.41,145,15,44,1,239.41,145.0,3,2,1,6,Promising,2,Hibernating
17685,2010-12-02 14:42:00,2011-11-23 11:36:00,7,3191.53,1956,88,17,356,455.9328571428572,279.42857142857144,4,4,4,12,Champions,3,Champions
17686,2011-02-10 10:18:00,2011-12-02 15:39:00,7,5739.46,2478,205,7,296,819.9228571428572,354.0,4,4,4,12,Champions,3,Champions
17690,2010-12-01 16:15:00,2011-11-09 15:17:00,15,4757.95,1773,186,30,343,317.19666666666666,118.2,3,4,4,11,Loyal Customers,3,Champions
17691,2010-12-06 11:10:00,2010-12-16 17:20:00,2,290.40000000000003,134,18,358,11,145.20000000000002,67.0,1,3,1,5,At Risk,2,Hibernating
17692,2010-12-15 13:37:00,2011-08-04 14:01:00,4,740.9399999999999,672,34,127,233,185.23499999999999,168.0,2,3,3,8,At Risk,1,Core Growth
17693,2011-07-25 15:48:00,2011-07-25 15:48:00,1,200.47,231,16,137,1,200.47,231.0,2,2,1,5,Hibernating,2,Hibernating
17694,2011-07-21 12:00:00,2011-07-21 12:00:00,1,283.12,184,15,142,1,283.12,184.0,2,2,1,5,Hibernating,0,Big-Ticket Occasionals
17695,2011-06-21 12:35:00,2011-07-31 10:40:00,2,765.34,779,30,132,40,382.67,389.5,2,3,3,8,At Risk,0,Big-Ticket Occasionals
17696,2010-12-10 09:51:00,2011-11-01 13:43:00,8,2285.71,1756,78,38,327,285.71375,219.5,3,4,4,11,Loyal Customers,3,Champions
17697,2011-04-17 15:40:00,2011-04-17 15:40:00,1,338.95,93,19,236,1,338.95,93.0,1,2,2,5,Hibernating,2,Hibernating
17698,2011-03-24 11:34:00,2011-03-24 11:34:00,1,154.95,93,8,261,1,154.95,93.0,1,2,1,4,Hibernating,2,Hibernating
17700,2011-03-03 16:34:00,2011-11-23 11:51:00,4,2534.64,1266,116,17,265,633.66,316.5,4,3,4,11,Big Spenders,3,Champions
17701,2011-04-01 12:25:00,2011-04-01 12:25:00,1,417.95,109,24,253,1,417.95,109.0,1,2,2,5,Hibernating,0,Big-Ticket Occasionals
17702,2011-05-17 16:23:00,2011-11-09 16:03:00,4,1824.37,1353,58,30,176,456.0925,338.25,3,3,4,10,Big Spenders,1,Core Growth
17703,2011-07-24 13:30:00,2011-11-04 15:51:00,3,798.74,590,47,35,104,266.24666666666667,196.66666666666666,3,3,3,9,Hibernating,1,Core Growth
17704,2011-04-14 09:28:00,2011-06-24 09:40:00,2,885.19,343,27,169,72,442.595,171.5,1,3,3,7,At Risk,0,Big-Ticket Occasionals
17705,2011-02-11 10:57:00,2011-12-06 13:45:00,9,1823.52,963,63,3,299,202.61333333333334,107.0,4,4,4,12,Champions,3,Champions
17706,2010-12-08 11:02:00,2011-12-05 13:34:00,17,10504.49,3899,270,4,363,617.9111764705882,229.35294117647058,4,4,4,12,Champions,3,Champions
17707,2011-01-07 13:30:00,2011-06-07 15:03:00,2,152.4,144,3,185,152,76.2,72.0,1,3,1,5,At Risk,2,Hibernating
17708,2011-01-19 10:09:00,2011-06-05 10:12:00,2,267.08,91,28,188,138,133.54,45.5,1,3,1,5,At Risk,2,Hibernating
17709,2011-06-23 11:55:00,2011-06-23 11:55:00,1,137.45,17,7,170,1,137.45,17.0,1,2,1,4,Hibernating,2,Hibernating
17711,2011-02-23 11:32:00,2011-11-29 11:40:00,2,385.1,246,22,11,280,192.55,123.0,4,3,2,9,Hibernating,1,Core Growth
17712,2011-10-26 12:28:00,2011-10-26 12:28:00,1,522.91,215,29,45,1,522.91,215.0,3,2,2,7,Promising,0,Big-Ticket Occasionals
17714,2011-01-23 10:32:00,2011-01-23 10:32:00,1,153.0,92,10,321,1,153.0,92.0,1,2,1,4,Hibernating,2,Hibernating
17715,2011-05-23 12:32:00,2011-05-23 12:32:00,1,326.4,384,1,201,1,326.4,384.0,1,2,2,5,Hibernating,0,Big-Ticket Occasionals
17716,2011-03-17 10:38:00,2011-11-17 12:00:00,11,5655.99,3072,171,23,246,514.180909090909,279.27272727272725,3,4,4,11,Loyal Customers,3,Champions
17718,2011-04-21 13:39:00,2011-04-21 13:39:00,1,139.35,83,6,232,1,139.35,83.0,1,2,1,4,Hibernating,2,Hibernating
17719,2011-03-29 11:29:00,2011-11-02 10:36:00,15,5396.04,2466,111,38,218,359.736,164.4,3,4,4,11,Loyal Customers,3,Champions
17720,2010-12-07 10:43:00,2011-11-13 15:04:00,4,1195.94,576,39,26,342,298.985,144.0,3,3,3,9,Hibernating,1,Core Growth
17722,2010-12-08 12:41:00,2011-09-04 15:22:00,4,2424.04,1595,111,96,271,606.01,398.75,2,3,4,9,Big Spenders,0,Big-Ticket Occasionals
17723,2011-05-09 14:44:00,2011-08-04 18:37:00,6,3276.4000000000005,792,4,127,88,546.0666666666667,132.0,2,4,4,10,Loyal Customers,0,Big-Ticket Occasionals
17724,2011-07-24 13:26:00,2011-09-29 15:26:00,3,1033.0,300,38,71,68,344.3333333333333,100.0,2,3,3,8,At Risk,0,Big-Ticket Occasionals
17725,2011-03-17 19:47:00,2011-11-23 16:34:00,11,3439.08,2162,115,16,251,312.64363636363635,196.54545454545453,4,4,4,12,Champions,3,Champions
17727,2011-11-24 17:06:00,2011-11-24 17:06:00,1,1060.25,645,66,15,1,1060.25,645.0,4,2,3,9,Promising,0,Big-Ticket Occasionals
17728,2011-09-14 11:39:00,2011-12-06 08:52:00,3,2876.01,1469,153,4,83,958.6700000000001,489.6666666666667,4,3,4,11,Big Spenders,3,Champions
17730,2011-01-17 14:49:00,2011-12-06 15:43:00,13,5298.4800000000005,3576,127,3,324,407.5753846153847,275.0769230769231,4,4,4,12,Champions,3,Champions
17731,2011-06-09 14:18:00,2011-09-21 15:02:00,4,1240.11,493,54,79,105,310.0275,123.25,2,3,3,8,At Risk,1,Core Growth
17732,2010-12-02 09:29:00,2010-12-02 09:29:00,1,303.97,93,18,373,1,303.97,93.0,1,2,1,4,Hibernating,2,Hibernating
17733,2011-03-23 09:54:00,2011-11-01 08:16:00,2,692.19,463,33,39,223,346.095,231.5,3,3,3,9,Hibernating,0,Big-Ticket Occasionals
17734,2011-04-20 10:04:00,2011-10-17 12:33:00,3,700.63,422,40,54,181,233.54333333333332,140.66666666666666,2,3,3,8,At Risk,1,Core Growth
17735,2010-12-07 10:32:00,2011-12-07 16:47:00,19,13110.02,8439,319,2,366,690.001052631579,444.1578947368421,4,4,4,12,Champions,3,Champions
17736,2011-08-18 14:33:00,2011-11-30 15:36:00,3,377.44,238,24,9,105,125.81333333333333,79.33333333333333,4,3,2,9,Hibernating,1,Core Growth
17737,2011-10-12 14:42:00,2011-11-30 15:16:00,2,168.24,108,8,9,50,84.12,54.0,4,3,1,8,Hibernating,2,Hibernating
17738,2011-03-02 16:26:00,2011-11-20 15:05:00,4,1879.05,1029,89,19,263,469.7625,257.25,3,3,4,10,Big Spenders,1,Core Growth
17739,2010-12-14 14:26:00,2011-11-28 09:12:00,7,2791.35,861,29,12,349,398.7642857142857,123.0,4,4,4,12,Champions,3,Champions
17742,2011-01-11 10:04:00,2011-08-18 15:28:00,2,355.11,89,13,113,220,177.555,44.5,2,3,2,7,At Risk,2,Hibernating
17744,2010-12-16 14:17:00,2011-12-06 12:11:00,6,2322.4,3412,110,4,355,387.06666666666666,568.6666666666666,4,4,4,12,Champions,3,Champions
17746,2011-04-13 14:31:00,2011-04-13 14:31:00,1,110.25,29,6,240,1,110.25,29.0,1,2,1,4,Hibernating,2,Hibernating
17747,2011-08-19 08:13:00,2011-08-19 08:13:00,1,71.4,12,1,113,1,71.4,12.0,2,2,1,5,Hibernating,2,Hibernating
17749,2011-03-28 13:39:00,2011-06-14 15:45:00,2,674.52,320,33,178,79,337.26,160.0,1,3,3,7,At Risk,0,Big-Ticket Occasionals
17750,2011-06-28 15:44:00,2011-12-04 14:09:00,9,1797.57,3957,101,5,159,199.73,439.6666666666667,4,4,4,12,Champions,3,Champions
17752,2010-12-15 16:19:00,2010-12-15 16:19:00,1,80.64,192,1,359,1,80.64,192.0,1,2,1,4,Hibernating,2,Hibernating
17754,2011-03-24 13:54:00,2011-12-09 11:20:00,5,1772.26,1869,82,1,260,354.452,373.8,4,4,4,12,Champions,3,Champions
17757,2010-12-02 17:17:00,2011-12-08 15:31:00,30,5605.29,3320,275,1,371,186.843,110.66666666666667,4,4,4,12,Champions,3,Champions
17758,2011-04-03 15:22:00,2011-11-20 14:45:00,8,3456.7000000000003,2091,310,19,231,432.08750000000003,261.375,3,4,4,11,Loyal Customers,3,Champions
17759,2011-06-23 13:35:00,2011-11-22 16:02:00,3,834.99,708,82,17,153,278.33,236.0,4,3,3,10,Hibernating,1,Core Growth
17760,2010-12-01 15:08:00,2011-11-18 10:56:00,2,287.59,239,25,22,352,143.795,119.5,3,3,1,7,Hibernating,1,Core Growth
17761,2011-11-07 10:23:00,2011-11-07 10:23:00,1,712.78,398,19,33,1,712.78,398.0,3,2,3,8,Promising,0,Big-Ticket Occasionals
17763,2011-03-21 14:25:00,2011-03-21 14:25:00,1,15.0,12,1,263,1,15.0,12.0,1,2,1,4,Hibernating,2,Hibernating
17764,2011-05-12 16:11:00,2011-10-20 11:03:00,2,818.8199999999999,395,71,51,161,409.40999999999997,197.5,2,3,3,8,At Risk,0,Big-Ticket Occasionals
17765,2011-03-28 11:58:00,2011-07-04 12:41:00,3,371.88,144,51,159,99,123.96,48.0,1,3,2,6,At Risk,2,Hibernating
17767,2011-11-24 14:42:00,2011-11-24 14:42:00,1,271.2,128,21,15,1,271.2,128.0,4,2,1,7,Promising,1,Core Growth
17768,2011-06-26 13:46:00,2011-12-01 13:22:00,3,2273.1800000000003,1186,77,8,158,757.7266666666668,395.3333333333333,4,3,4,11,Big Spenders,3,Champions
17769,2011-01-23 11:15:00,2011-11-27 11:18:00,10,3997.98,1862,200,13,309,399.798,186.2,4,4,4,12,Champions,3,Champions
17770,2011-03-02 13:35:00,2011-05-25 12:34:00,5,1143.27,365,33,199,84,228.654,73.0,1,4,3,8,At Risk,0,Big-Ticket Occasionals
17771,2011-01-20 14:13:00,2011-10-14 11:43:00,2,245.81,287,51,57,267,122.905,143.5,2,3,1,6,At Risk,2,Hibernating
17772,2011-11-29 10:57:00,2011-11-29 11:05:00,2,182.77,58,50,11,1,91.385,29.0,4,3,1,8,Hibernating,2,Hibernating
17774,2011-02-07 13:13:00,2011-09-04 12:49:00,4,1225.41,512,123,97,209,306.3525,128.0,2,3,3,8,At Risk,0,Big-Ticket Occasionals
17775,2011-03-30 10:50:00,2011-03-30 10:50:00,1,56.4,72,3,255,1,56.4,72.0,1,2,1,4,Hibernating,2,Hibernating
17777,2011-08-31 14:35:00,2011-11-15 12:02:00,3,665.86,507,141,25,76,221.95333333333335,169.0,3,3,2,8,Hibernating,1,Core Growth
17779,2011-07-19 12:19:00,2011-11-18 14:15:00,3,658.57,397,73,21,123,219.52333333333334,132.33333333333334,3,3,2,8,Hibernating,1,Core Growth
17781,2011-03-31 19:54:00,2011-07-03 16:00:00,2,188.02,34,12,159,94,94.01,17.0,1,3,1,5,At Risk,2,Hibernating
17783,2011-04-06 10:07:00,2011-09-28 16:07:00,2,283.47,354,67,72,176,141.735,177.0,2,3,1,6,At Risk,2,Hibernating
17785,2011-10-17 13:43:00,2011-10-17 13:43:00,1,131.94,67,13,53,1,131.94,67.0,2,2,1,5,Hibernating,2,Hibernating
17786,2011-01-26 14:35:00,2011-09-15 12:51:00,2,278.74,200,57,85,232,139.37,100.0,2,3,1,6,At Risk,2,Hibernating
17787,2010-12-03 13:43:00,2011-07-10 11:24:00,4,1865.19,910,94,153,219,466.2975,227.5,1,3,4,8,At Risk,0,Big-Ticket Occasionals
17788,2011-08-02 10:38:00,2011-09-27 10:09:00,2,1117.9,211,3,74,56,558.95,105.5,2,3,3,8,At Risk,0,Big-Ticket Occasionals
17789,2011-03-03 13:14:00,2011-03-03 13:14:00,1,225.9,74,14,281,1,225.9,74.0,1,2,1,4,Hibernating,2,Hibernating
17790,2010-12-10 10:47:00,2011-11-13 11:30:00,14,1965.55,836,121,27,339,140.39642857142857,59.714285714285715,3,4,4,11,Loyal Customers,3,Champions
17791,2011-11-10 12:09:00,2011-11-10 12:09:00,1,106.1,46,10,30,1,106.1,46.0,3,2,1,6,Promising,2,Hibernating
17793,2011-11-14 14:24:00,2011-11-14 14:24:00,1,323.04,232,49,25,1,323.04,232.0,3,2,2,7,Promising,0,Big-Ticket Occasionals
17795,2011-03-20 12:02:00,2011-06-13 12:36:00,2,350.39,341,43,180,86,175.195,170.5,1,3,2,6,At Risk,2,Hibernating
17796,2010-12-05 12:23:00,2011-10-30 15:38:00,4,697.9,178,63,40,330,174.475,44.5,3,3,3,9,Hibernating,1,Core Growth
17797,2011-06-10 11:29:00,2011-11-17 13:21:00,3,780.43,498,102,22,161,260.1433333333333,166.0,3,3,3,9,Hibernating,1,Core Growth
17799,2010-12-13 13:10:00,2011-11-17 15:16:00,10,3055.93,1758,280,22,340,305.59299999999996,175.8,3,4,4,11,Loyal Customers,3,Champions
17800,2011-01-09 13:50:00,2011-11-02 12:57:00,9,1199.01,736,51,37,297,133.22333333333333,81.77777777777777,3,4,3,10,Loyal Customers,1,Core Growth
17802,2010-12-02 13:44:00,2011-09-18 14:56:00,3,1285.04,752,102,82,291,428.34666666666664,250.66666666666666,2,3,3,8,At Risk,0,Big-Ticket Occasionals
17805,2011-09-27 11:49:00,2011-09-27 11:49:00,1,512.31,478,10,74,1,512.31,478.0,2,2,2,6,Hibernating,0,Big-Ticket Occasionals
17806,2011-11-28 14:12:00,2011-11-28 14:12:00,1,546.04,727,43,11,1,546.04,727.0,4,2,2,8,Promising,1,Core Growth
17809,2010-12-01 09:41:00,2011-11-23 12:59:00,12,5411.91,2057,46,16,358,450.9925,171.41666666666666,4,4,4,12,Champions,3,Champions
17811,2011-01-10 10:58:00,2011-12-05 13:46:00,39,7837.7300000000005,4177,359,4,330,200.9674358974359,107.1025641025641,4,4,4,12,Champions,3,Champions
17812,2010-12-06 15:27:00,2011-11-27 11:47:00,4,732.16,350,113,13,356,183.04,87.5,4,3,3,10,Hibernating,1,Core Growth
17813,2011-09-29 15:57:00,2011-11-25 16:13:00,5,1770.8799999999999,790,297,14,58,354.176,158.0,4,4,4,12,Champions,1,Core Growth
17816,2010-12-09 14:10:00,2011-11-03 11:34:00,4,36.56,30,16,37,329,9.14,7.5,3,3,1,7,Hibernating,2,Hibernating
17817,2011-03-07 17:30:00,2011-12-05 14:39:00,3,387.68,67,32,4,273,129.22666666666666,22.333333333333332,4,3,2,9,Hibernating,1,Core Growth
17819,2010-12-03 14:26:00,2011-09-29 10:52:00,7,3704.87,1031,36,72,300,529.2671428571429,147.28571428571428,2,4,4,10,Loyal Customers,3,Champions
17824,2011-10-19 14:14:00,2011-10-19 14:14:00,1,298.4,408,13,51,1,298.4,408.0,2,2,1,5,Hibernating,0,Big-Ticket Occasionals
17827,2010-12-10 10:18:00,2011-12-04 15:00:00,5,1995.46,1247,190,5,360,399.092,249.4,4,4,4,12,Champions,3,Champions
17828,2011-06-08 08:31:00,2011-11-17 08:41:00,4,1820.09,667,54,23,163,455.0225,166.75,3,3,4,10,Big Spenders,1,Core Growth
17829,2011-02-14 12:46:00,2011-02-14 12:46:00,1,889.24,496,30,299,1,889.24,496.0,1,2,3,6,At Risk,0,Big-Ticket Occasionals
17830,2011-02-24 10:15:00,2011-12-08 12:28:00,3,398.7,92,18,2,288,132.9,30.666666666666668,4,3,2,9,Hibernating,1,Core Growth
17831,2011-11-06 15:09:00,2011-11-06 15:09:00,1,35.400000000000006,12,2,33,1,35.400000000000006,12.0,3,2,1,6,Promising,2,Hibernating
17832,2011-10-21 11:43:00,2011-10-21 11:43:00,1,155.37,208,61,50,1,155.37,208.0,3,2,1,6,Promising,2,Hibernating
17835,2011-11-16 16:30:00,2011-12-07 11:48:00,3,350.64,348,45,3,21,116.88,116.0,4,3,2,9,Hibernating,1,Core Growth
17836,2011-10-23 16:13:00,2011-10-23 16:13:00,1,110.21000000000001,88,23,47,1,110.21000000000001,88.0,3,2,1,6,Promising,2,Hibernating
17837,2011-06-29 16:44:00,2011-10-28 16:13:00,8,1593.38,518,110,42,121,199.1725,64.75,3,4,3,10,Loyal Customers,1,Core Growth
17838,2010-12-02 15:55:00,2011-11-13 11:20:00,5,2779.3,1879,96,27,346,555.86,375.8,3,4,4,11,Loyal Customers,3,Champions
17839,2011-10-28 17:27:00,2011-10-28 17:27:00,1,338.8,285,50,42,1,338.8,285.0,3,2,2,7,Promising,0,Big-Ticket Occasionals
17841,2010-12-01 14:41:00,2011-12-08 12:07:00,124,40991.57,23071,1323,2,372,330.5771774193548,186.05645161290323,4,4,4,12,Champions,3,Champions
17843,2011-02-09 15:33:00,2011-02-09 15:33:00,1,205.48,113,36,303,1,205.48,113.0,1,2,1,4,Hibernating,2,Hibernating
17844,2011-08-25 11:27:00,2011-08-25 11:27:00,1,51.559999999999995,52,5,107,1,51.559999999999995,52.0,2,2,1,5,Hibernating,2,Hibernating
17846,2011-09-15 15:20:00,2011-09-15 15:20:00,1,2033.1,1,1,85,1,2033.1,1.0,2,2,4,8,Big Spenders,0,Big-Ticket Occasionals
17848,2010-12-16 18:38:00,2011-09-19 16:49:00,9,901.1999999999999,398,41,81,277,100.13333333333333,44.22222222222222,2,4,3,9,Loyal Customers,1,Core Growth
17849,2011-01-10 11:59:00,2011-05-05 13:46:00,4,605.8000000000001,114,14,218,116,151.45000000000002,28.5,1,3,2,6,At Risk,2,Hibernating
17850,2010-12-01 08:26:00,2010-12-02 15:27:00,34,5391.21,1733,21,372,2,158.565,50.970588235294116,1,4,4,9,At Risk,3,Champions
17852,2011-11-28 12:31:00,2011-11-28 12:36:00,2,114.34,53,21,12,1,57.17,26.5,4,3,1,8,Hibernating,2,Hibernating
17854,2011-04-26 16:53:00,2011-06-07 16:21:00,2,311.26,84,15,185,42,155.63,42.0,1,3,2,6,At Risk,2,Hibernating
17855,2010-12-02 09:44:00,2010-12-02 09:44:00,1,208.97,197,17,373,1,208.97,197.0,1,2,1,4,Hibernating,2,Hibernating
17856,2011-03-03 11:40:00,2011-12-08 09:40:00,4,1418.03,842,12,2,280,354.5075,210.5,4,3,3,10,Hibernating,1,Core Growth
17857,2010-12-09 11:35:00,2011-12-05 13:13:00,23,26879.04,19256,19,4,362,1168.6539130434783,837.2173913043479,4,4,4,12,Champions,3,Champions
17858,2010-12-05 13:08:00,2011-12-04 11:56:00,12,5155.66,2706,101,6,364,429.6383333333333,225.5,4,4,4,12,Champions,3,Champions
17859,2011-02-08 10:32:00,2011-02-08 10:32:00,1,148.21,127,23,305,1,148.21,127.0,1,2,1,4,Hibernating,2,Hibernating
17860,2010-12-06 12:41:00,2010-12-06 12:41:00,1,252.8,104,49,369,1,252.8,104.0,1,2,1,4,Hibernating,2,Hibernating
17861,2011-01-24 11:34:00,2011-12-06 16:21:00,8,2100.8,1988,172,3,317,262.6,248.5,4,4,4,12,Champions,3,Champions
17862,2011-01-20 12:23:00,2011-01-20 12:23:00,1,330.9,100,11,324,1,330.9,100.0,1,2,2,5,Hibernating,2,Hibernating
17863,2010-12-05 13:21:00,2011-10-11 13:45:00,6,3160.0,2638,110,59,311,526.6666666666666,439.6666666666667,2,4,4,10,Loyal Customers,3,Champions
17864,2011-03-09 11:44:00,2011-11-27 11:15:00,3,597.5,810,70,13,263,199.16666666666666,270.0,4,3,2,9,Hibernating,1,Core Growth
17865,2010-12-10 14:53:00,2011-11-09 12:08:00,20,10526.32,5757,191,31,334,526.316,287.85,3,4,4,11,Loyal Customers,3,Champions
17866,2011-07-20 11:07:00,2011-07-20 11:07:00,1,329.65,174,9,143,1,329.65,174.0,1,2,2,5,Hibernating,0,Big-Ticket Occasionals
17867,2011-02-24 12:25:00,2011-11-09 14:15:00,6,1197.1000000000001,542,62,30,259,199.51666666666668,90.33333333333333,3,4,3,10,Loyal Customers,1,Core Growth
17869,2010-12-06 17:16:00,2011-08-24 16:16:00,5,428.18,111,37,107,261,85.636,22.2,2,4,2,8,At Risk,2,Hibernating
17870,2010-12-08 08:12:00,2011-12-07 15:07:00,12,1894.35,1401,214,2,365,157.86249999999998,116.75,4,4,4,12,Champions,3,Champions
17871,2011-05-19 11:32:00,2011-05-19 11:32:00,1,155.9,182,10,205,1,155.9,182.0,1,2,1,4,Hibernating,2,Hibernating
17873,2010-12-01 14:54:00,2011-09-20 16:41:00,5,1859.16,1047,24,80,294,371.832,209.4,2,4,4,10,Loyal Customers,1,Core Growth
17874,2011-03-29 11:25:00,2011-06-07 12:54:00,6,683.46,221,37,185,71,113.91000000000001,36.833333333333336,1,4,3,8,At Risk,2,Hibernating
17877,2011-06-22 13:00:00,2011-06-22 13:00:00,1,237.61,98,12,170,1,237.61,98.0,1,2,1,4,Hibernating,2,Hibernating
17878,2011-10-27 11:24:00,2011-10-27 11:24:00,1,379.45,401,26,44,1,379.45,401.0,3,2,2,7,Promising,0,Big-Ticket Occasionals
17879,2011-06-19 12:36:00,2011-06-19 12:36:00,1,178.51999999999998,45,6,174,1,178.51999999999998,45.0,1,2,1,4,Hibernating,2,Hibernating
17880,2010-12-10 10:21:00,2010-12-10 10:21:00,1,458.92,314,26,365,1,458.92,314.0,1,2,2,5,Hibernating,0,Big-Ticket Occasionals
17881,2011-02-08 17:16:00,2011-02-08 17:16:00,1,133.35000000000002,32,8,304,1,133.35000000000002,32.0,1,2,1,4,Hibernating,2,Hibernating
17883,2011-04-07 19:16:00,2011-12-06 17:49:00,4,671.77,379,133,3,243,167.9425,94.75,4,3,2,9,Hibernating,1,Core Growth
17884,2010-12-03 12:11:00,2011-12-06 11:33:00,4,717.45,854,107,4,368,179.3625,213.5,4,3,3,10,Hibernating,1,Core Growth
17885,2011-11-27 14:40:00,2011-11-27 14:40:00,1,190.19,167,50,12,1,190.19,167.0,4,2,1,7,Promising,2,Hibernating
17886,2011-04-04 12:34:00,2011-11-08 10:09:00,3,899.61,481,93,32,218,299.87,160.33333333333334,3,3,3,9,Hibernating,1,Core Growth
17887,2011-08-02 17:29:00,2011-08-02 17:29:00,1,111.35,30,10,129,1,111.35,30.0,2,2,1,5,Hibernating,2,Hibernating
17888,2010-12-17 13:56:00,2011-11-18 13:45:00,8,726.05,980,60,21,336,90.75625,122.5,3,4,3,10,Loyal Customers,1,Core Growth
17889,2011-01-21 17:14:00,2011-05-11 16:26:00,2,203.87,79,20,212,110,101.935,39.5,1,3,1,5,At Risk,2,Hibernating
17890,2010-12-13 15:12:00,2011-01-21 11:19:00,2,602.09,416,88,323,39,301.045,208.0,1,3,2,6,At Risk,0,Big-Ticket Occasionals
17891,2011-06-30 20:08:00,2011-06-30 20:08:00,1,203.85999999999999,393,34,162,1,203.85999999999999,393.0,1,2,1,4,Hibernating,2,Hibernating
17892,2011-07-07 12:56:00,2011-10-14 16:49:00,3,244.1,109,27,56,100,81.36666666666666,36.333333333333336,2,3,1,6,At Risk,2,Hibernating
17893,2011-04-28 13:50:00,2011-04-28 13:50:00,1,112.25,161,15,225,1,112.25,161.0,1,2,1,4,Hibernating,2,Hibernating
17894,2010-12-08 14:50:00,2011-09-29 09:23:00,8,1119.81,405,127,72,295,139.97625,50.625,2,4,3,9,Loyal Customers,1,Core Growth
17895,2011-10-26 17:00:00,2011-10-26 17:00:00,1,98.0,130,15,44,1,98.0,130.0,3,2,1,6,Promising,2,Hibernating
17896,2011-11-16 13:59:00,2011-11-16 13:59:00,1,256.32,288,2,23,1,256.32,288.0,3,2,1,6,Promising,1,Core Growth
17897,2010-12-01 12:31:00,2011-06-20 11:23:00,3,566.6,229,100,173,201,188.86666666666667,76.33333333333333,1,3,2,6,At Risk,0,Big-Ticket Occasionals
17898,2011-05-16 17:13:00,2011-09-15 14:56:00,2,152.06,190,27,85,122,76.03,95.0,2,3,1,6,At Risk,2,Hibernating
17899,2011-07-03 14:58:00,2011-07-03 14:58:00,1,155.8,171,29,159,1,155.8,171.0,1,2,1,4,Hibernating,2,Hibernating
17900,2011-06-02 14:28:00,2011-06-02 14:38:00,2,112.19999999999999,73,4,190,1,56.099999999999994,36.5,1,3,1,5,At Risk,2,Hibernating
17901,2011-11-10 17:29:00,2011-11-10 17:29:00,1,110.38,24,19,29,1,110.38,24.0,3,2,1,6,Promising,2,Hibernating
17904,2011-11-18 12:57:00,2011-11-18 12:57:00,1,191.67,63,33,21,1,191.67,63.0,3,2,1,6,Promising,2,Hibernating
17905,2010-12-01 13:21:00,2011-09-29 17:33:00,4,800.24,407,33,71,303,200.06,101.75,2,3,3,8,At Risk,1,Core Growth
17906,2011-04-06 17:25:00,2011-04-06 17:25:00,1,72.9,26,12,247,1,72.9,26.0,1,2,1,4,Hibernating,2,Hibernating
17908,2010-12-01 11:45:00,2010-12-01 11:45:00,1,243.28,173,51,374,1,243.28,173.0,1,2,1,4,Hibernating,2,Hibernating
17911,2011-11-30 14:52:00,2011-11-30 14:52:00,1,366.23,223,39,9,1,366.23,223.0,4,2,2,8,Promising,1,Core Growth
17912,2010-12-10 11:11:00,2011-02-02 14:25:00,5,311.01,185,35,310,55,62.202,37.0,1,4,2,7,At Risk,2,Hibernating
17913,2010-12-19 11:35:00,2011-10-12 10:45:00,2,411.6,289,55,59,297,205.8,144.5,2,3,2,7,At Risk,1,Core Growth
17914,2011-12-06 11:58:00,2011-12-06 11:58:00,1,336.43,473,72,4,1,336.43,473.0,4,2,2,8,Promising,1,Core Growth
17917,2010-12-12 12:08:00,2011-10-25 13:20:00,3,341.28,187,77,45,318,113.75999999999999,62.333333333333336,3,3,2,8,Hibernating,2,Hibernating
17919,2011-09-12 13:41:00,2011-09-12 13:41:00,1,1304.04,756,23,88,1,1304.04,756.0,2,2,3,7,At Risk,0,Big-Ticket Occasionals
17920,2010-12-01 11:49:00,2011-12-05 14:29:00,17,4204.1,2516,407,4,370,247.3,148.0,4,4,4,12,Champions,3,Champions
17921,2011-03-18 13:19:00,2011-10-06 18:56:00,4,826.52,430,114,64,203,206.63,107.5,2,3,3,8,At Risk,1,Core Growth
17923,2011-03-02 15:15:00,2011-03-02 15:15:00,1,207.50000000000003,50,1,282,1,207.50000000000003,50.0,1,2,1,4,Hibernating,2,Hibernating
17924,2010-12-01 10:51:00,2011-11-28 09:11:00,7,2962.5,1160,26,12,362,423.2142857142857,165.71428571428572,4,4,4,12,Champions,3,Champions
17925,2010-12-02 10:10:00,2010-12-02 10:10:00,1,244.08,72,1,373,1,244.08,72.0,1,2,1,4,Hibernating,2,Hibernating
17926,2011-05-20 09:24:00,2011-07-29 14:39:00,2,397.29,306,17,133,71,198.645,153.0,2,3,2,7,At Risk,0,Big-Ticket Occasionals
17928,2011-04-07 18:03:00,2011-10-25 13:52:00,2,212.54,140,23,45,201,106.27,70.0,3,3,1,7,Hibernating,2,Hibernating
17929,2011-02-04 11:40:00,2011-11-28 16:01:00,4,843.0,108,4,11,298,210.75,27.0,4,3,3,10,Hibernating,1,Core Growth
17930,2011-04-14 15:46:00,2011-11-04 10:23:00,5,1740.48,1594,26,36,204,348.096,318.8,3,4,4,11,Loyal Customers,1,Core Growth
17931,2011-03-29 12:31:00,2011-07-28 18:33:00,2,408.36,249,63,134,122,204.18,124.5,2,3,2,7,At Risk,2,Hibernating
17932,2011-05-12 13:58:00,2011-11-10 19:49:00,3,1331.57,789,84,29,183,443.8566666666666,263.0,3,3,3,9,Hibernating,1,Core Growth
17934,2011-10-12 10:50:00,2011-10-19 11:16:00,2,704.25,478,21,52,8,352.125,239.0,2,3,3,8,At Risk,0,Big-Ticket Occasionals
17935,2011-07-21 11:23:00,2011-07-24 13:18:00,2,145.79,82,28,138,4,72.895,41.0,2,3,1,6,At Risk,2,Hibernating
17936,2011-12-04 13:32:00,2011-12-04 13:32:00,1,389.84,262,68,5,1,389.84,262.0,4,2,2,8,Promising,1,Core Growth
17937,2010-12-12 14:43:00,2011-12-01 11:45:00,7,4301.22,1754,19,9,354,614.46,250.57142857142858,4,4,4,12,Champions,3,Champions
17939,2011-07-03 12:27:00,2011-07-03 12:27:00,1,99.14,40,12,160,1,99.14,40.0,1,2,1,4,Hibernating,2,Hibernating
17940,2011-02-10 09:29:00,2011-10-21 13:27:00,10,4106.4400000000005,9755,6,49,254,410.64400000000006,975.5,3,4,4,11,Loyal Customers,3,Champions
17941,2011-08-01 08:30:00,2011-08-01 08:30:00,1,304.56,252,2,131,1,304.56,252.0,2,2,1,5,Hibernating,0,Big-Ticket Occasionals
17942,2011-12-02 10:45:00,2011-12-02 10:45:00,1,77.50000000000001,38,2,8,1,77.50000000000001,38.0,4,2,1,7,Promising,2,Hibernating
17946,2011-03-25 14:34:00,2011-04-20 17:00:00,2,149.57999999999998,75,18,233,27,74.78999999999999,37.5,1,3,1,5,At Risk,2,Hibernating
17947,2011-11-02 13:05:00,2011-11-02 13:05:00,1,176.68,168,9,37,1,176.68,168.0,3,2,1,6,Promising,2,Hibernating
17948,2011-07-15 12:58:00,2011-07-15 12:58:00,1,358.56000000000006,144,1,147,1,358.56000000000006,144.0,1,2,2,5,Hibernating,0,Big-Ticket Occasionals
17949,2010-12-03 13:12:00,2011-12-08 18:46:00,45,58510.48,30546,29,1,371,1300.232888888889,678.8,4,4,4,12,Champions,3,Champions
17950,2010-12-09 15:16:00,2011-09-28 15:18:00,3,482.2,366,63,72,294,160.73333333333332,122.0,2,3,2,7,At Risk,1,Core Growth
17951,2010-12-01 12:40:00,2011-10-31 12:30:00,3,1008.5400000000001,616,18,40,334,336.18,205.33333333333334,3,3,3,9,Hibernating,1,Core Growth
17954,2010-12-03 14:18:00,2011-12-04 14:15:00,12,2332.72,2234,326,5,366,194.39333333333332,186.16666666666666,4,4,4,12,Champions,3,Champions
17955,2011-05-04 12:29:00,2011-05-25 12:00:00,4,557.3,273,14,199,21,139.325,68.25,1,3,2,6,At Risk,2,Hibernating
17956,2011-04-04 13:47:00,2011-04-04 13:47:00,1,12.75,1,1,249,1,12.75,1.0,1,2,1,4,Hibernating,2,Hibernating
17957,2011-10-04 14:58:00,2011-10-04 14:58:00,1,111.68,287,31,66,1,111.68,287.0,2,2,1,5,Hibernating,2,Hibernating
17958,2011-08-15 12:19:00,2011-08-15 12:19:00,1,508.4599999999999,84,7,117,1,508.4599999999999,84.0,2,2,2,6,Hibernating,0,Big-Ticket Occasionals
17960,2011-06-21 14:15:00,2011-06-21 14:15:00,1,73.78,41,26,171,1,73.78,41.0,1,2,1,4,Hibernating,2,Hibernating
17961,2010-12-02 19:18:00,2011-11-18 16:55:00,39,1296.44,560,211,21,351,33.242051282051285,14.35897435897436,3,4,3,10,Loyal Customers,1,Core Growth
17962,2011-07-20 14:16:00,2011-07-20 14:16:00,1,102.83,128,33,142,1,102.83,128.0,1,2,1,4,Hibernating,2,Hibernating
17964,2010-12-02 13:32:00,2011-11-08 10:44:00,2,471.7,301,84,32,341,235.85,150.5,3,3,2,8,Hibernating,1,Core Growth
17965,2010-12-05 15:54:00,2011-11-02 09:31:00,14,2622.57,1556,274,38,332,187.32642857142858,111.14285714285714,3,4,4,11,Loyal Customers,3,Champions
17966,2011-03-23 17:25:00,2011-11-02 10:26:00,5,1098.43,2571,53,38,224,219.686,514.2,3,4,3,10,Loyal Customers,1,Core Growth
17967,2010-12-03 11:19:00,2010-12-03 11:19:00,1,123.07,80,41,372,1,123.07,80.0,1,2,1,4,Hibernating,2,Hibernating
17968,2010-12-01 12:23:00,2010-12-01 12:23:00,1,277.35,160,74,374,1,277.35,160.0,1,2,1,4,Hibernating,2,Hibernating
17969,2010-12-13 15:34:00,2011-06-26 13:00:00,2,228.2,152,14,166,195,114.1,76.0,1,3,1,5,At Risk,2,Hibernating
17970,2011-05-12 20:03:00,2011-05-12 20:03:00,1,582.59,525,27,211,1,582.59,525.0,1,2,2,5,Hibernating,0,Big-Ticket Occasionals
17972,2011-04-12 12:16:00,2011-04-12 12:16:00,1,136.04,37,30,242,1,136.04,37.0,1,2,1,4,Hibernating,2,Hibernating
17973,2011-10-19 10:34:00,2011-10-19 10:34:00,1,337.04,176,15,52,1,337.04,176.0,2,2,2,6,Hibernating,0,Big-Ticket Occasionals
17974,2011-05-04 11:50:00,2011-11-15 11:37:00,3,740.79,519,143,25,195,246.92999999999998,173.0,3,3,3,9,Hibernating,1,Core Growth
17975,2010-12-08 11:38:00,2011-11-24 13:27:00,13,4488.81,1568,189,15,352,345.29307692307697,120.61538461538461,4,4,4,12,Champions,3,Champions
17976,2010-12-02 13:49:00,2010-12-02 13:49:00,1,353.19,106,56,372,1,353.19,106.0,1,2,2,5,Hibernating,0,Big-Ticket Occasionals
17977,2011-11-10 13:28:00,2011-11-10 13:28:00,1,288.14,342,19,29,1,288.14,342.0,3,2,1,6,Promising,0,Big-Ticket Occasionals
17978,2010-12-09 14:05:00,2010-12-09 14:05:00,1,300.91999999999996,499,12,365,1,300.91999999999996,499.0,1,2,1,4,Hibernating,0,Big-Ticket Occasionals
17979,2011-03-25 11:34:00,2011-11-04 12:05:00,4,757.71,397,116,36,225,189.4275,99.25,3,3,3,9,Hibernating,1,Core Growth
17980,2010-12-15 15:50:00,2011-06-27 12:01:00,3,811.45,682,23,166,194,270.48333333333335,227.33333333333334,1,3,3,7,At Risk,0,Big-Ticket Occasionals
17984,2011-07-17 15:59:00,2011-07-17 15:59:00,1,152.68,98,48,145,1,152.68,98.0,1,2,1,4,Hibernating,2,Hibernating
17985,2011-11-17 14:24:00,2011-11-17 14:24:00,1,634.95,183,20,22,1,634.95,183.0,3,2,2,7,Promising,0,Big-Ticket Occasionals
17986,2011-10-14 14:22:00,2011-10-14 14:22:00,1,20.8,10,1,56,1,20.8,10.0,2,2,1,5,Hibernating,2,Hibernating
17987,2011-06-07 14:22:00,2011-06-07 14:22:00,1,198.57,261,13,185,1,198.57,261.0,1,2,1,4,Hibernating,2,Hibernating
17988,2011-01-17 11:59:00,2011-11-28 11:00:00,7,201.12,43,37,12,315,28.731428571428573,6.142857142857143,4,4,1,9,Hibernating,2,Hibernating
17990,2010-12-13 12:10:00,2011-04-17 11:44:00,3,630.84,414,27,237,125,210.28,138.0,1,3,2,6,At Risk,0,Big-Ticket Occasionals
17991,2011-04-27 16:39:00,2011-04-28 15:58:00,2,93.35,25,4,225,1,46.675,12.5,1,3,1,5,At Risk,2,Hibernating
17994,2011-02-22 11:02:00,2011-08-10 11:41:00,4,678.49,497,63,122,170,169.6225,124.25,2,3,3,8,At Risk,1,Core Growth
17995,2011-03-03 12:30:00,2011-03-03 12:30:00,1,76.1,133,2,282,1,76.1,133.0,1,2,1,4,Hibernating,2,Hibernating
17997,2011-06-28 17:28:00,2011-09-26 16:13:00,8,1970.6699999999998,2298,133,74,90,246.33374999999998,287.25,2,4,4,10,Loyal Customers,3,Champions
17999,2010-12-08 15:17:00,2011-11-02 15:56:00,2,382.06,221,87,37,330,191.03,110.5,3,3,2,8,Hibernating,1,Core Growth
18001,2011-09-14 11:21:00,2011-11-27 16:02:00,2,417.23,363,56,12,75,208.615,181.5,4,3,2,9,Hibernating,1,Core Growth
18004,2010-12-12 13:47:00,2010-12-12 13:47:00,1,169.47,78,32,362,1,169.47,78.0,1,2,1,4,Hibernating,2,Hibernating
18005,2011-10-23 14:40:00,2011-12-06 11:51:00,2,249.72,93,52,4,44,124.86,46.5,4,3,1,8,Hibernating,1,Core Growth
18006,2011-11-16 16:52:00,2011-11-16 16:52:00,1,444.68,220,21,23,1,444.68,220.0,3,2,2,7,Promising,0,Big-Ticket Occasionals
18008,2011-01-25 12:26:00,2011-09-30 15:17:00,9,2116.19,1581,24,70,249,235.13222222222223,175.66666666666666,2,4,4,10,Loyal Customers,3,Champions
18009,2011-04-18 13:36:00,2011-04-18 13:36:00,1,257.34,126,31,235,1,257.34,126.0,1,2,1,4,Hibernating,2,Hibernating
18010,2011-03-28 12:27:00,2011-03-28 12:27:00,1,174.8,60,14,257,1,174.8,60.0,1,2,1,4,Hibernating,2,Hibernating
18011,2010-12-01 17:35:00,2010-12-01 17:35:00,1,102.78999999999999,71,28,373,1,102.78999999999999,71.0,1,2,1,4,Hibernating,2,Hibernating
18013,2011-07-07 14:08:00,2011-07-07 14:11:00,2,187.29,285,31,155,1,93.645,142.5,1,3,1,5,At Risk,2,Hibernating
18014,2011-11-11 15:28:00,2011-11-11 15:28:00,1,166.42,68,29,28,1,166.42,68.0,3,2,1,6,Promising,2,Hibernating
18015,2011-12-05 14:49:00,2011-12-05 14:49:00,1,120.03,157,46,4,1,120.03,157.0,4,2,1,7,Promising,2,Hibernating
18016,2010-12-10 17:14:00,2011-11-07 13:25:00,5,1483.56,1029,90,32,332,296.712,205.8,3,4,3,10,Loyal Customers,1,Core Growth
18017,2011-02-02 13:57:00,2011-09-19 16:15:00,3,523.0,300,1,81,230,174.33333333333334,100.0,2,3,2,7,At Risk,1,Core Growth
18018,2011-05-24 13:22:00,2011-08-23 17:37:00,2,122.14,55,29,108,92,61.07,27.5,2,3,1,6,At Risk,2,Hibernating
18019,2011-10-19 12:10:00,2011-10-19 12:10:00,1,38.45,7,5,52,1,38.45,7.0,2,2,1,5,Hibernating,2,Hibernating
18022,2011-11-04 12:45:00,2011-11-04 12:45:00,1,668.11,736,141,36,1,668.11,736.0,3,2,2,7,Promising,0,Big-Ticket Occasionals
18024,2011-07-10 12:28:00,2011-07-10 12:40:00,2,389.78,184,21,153,1,194.89,92.0,1,3,2,6,At Risk,2,Hibernating
18027,2011-09-02 10:38:00,2011-09-02 10:38:00,1,115.31,78,21,99,1,115.31,78.0,2,2,1,5,Hibernating,2,Hibernating
18030,2011-10-28 13:55:00,2011-12-05 16:37:00,2,230.64999999999998,67,8,4,39,115.32499999999999,33.5,4,3,1,8,Hibernating,1,Core Growth
18032,2011-01-09 15:32:00,2011-01-09 15:32:00,1,73.5,42,5,334,1,73.5,42.0,1,2,1,4,Hibernating,2,Hibernating
18033,2011-10-05 17:28:00,2011-10-05 17:28:00,1,97.97,253,32,65,1,97.97,253.0,2,2,1,5,Hibernating,2,Hibernating
18034,2011-11-18 12:08:00,2011-11-18 12:22:00,2,422.88,561,99,22,1,211.44,280.5,3,3,2,8,Hibernating,1,Core Growth
18035,2011-10-27 17:48:00,2011-11-04 12:39:00,3,730.4,611,44,36,8,243.46666666666667,203.66666666666666,3,3,3,9,Hibernating,1,Core Growth
18036,2011-04-08 11:26:00,2011-11-07 14:40:00,3,405.62,234,77,32,214,135.20666666666668,78.0,3,3,2,8,Hibernating,1,Core Growth
18037,2010-12-12 16:20:00,2011-07-08 13:39:00,6,70.02,20,19,154,208,11.67,3.3333333333333335,1,4,1,6,At Risk,2,Hibernating
18040,2011-04-08 08:27:00,2011-11-20 14:20:00,2,357.20000000000005,148,18,19,227,178.60000000000002,74.0,3,3,2,8,Hibernating,1,Core Growth
18041,2010-12-02 11:21:00,2011-11-28 11:39:00,21,4183.39,3819,285,12,362,199.20904761904762,181.85714285714286,4,4,4,12,Champions,3,Champions
18042,2011-10-17 11:49:00,2011-10-17 11:49:00,1,165.04999999999998,33,7,54,1,165.04999999999998,33.0,2,2,1,5,Hibernating,2,Hibernating
18043,2010-12-08 12:35:00,2011-11-15 12:48:00,3,559.51,282,106,25,343,186.50333333333333,94.0,3,3,2,8,Hibernating,1,Core Growth
18044,2010-12-14 12:25:00,2011-12-05 14:26:00,10,2088.6,1033,88,4,357,208.85999999999999,103.3,4,4,4,12,Champions,3,Champions
18045,2011-10-25 13:07:00,2011-10-25 13:07:00,1,189.4,142,43,45,1,189.4,142.0,3,2,1,6,Promising,2,Hibernating
18048,2011-05-20 14:54:00,2011-05-20 14:58:00,2,172.29000000000002,127,6,203,1,86.14500000000001,63.5,1,3,1,5,At Risk,2,Hibernating
18050,2010-12-15 14:25:00,2010-12-15 14:25:00,1,74.4,40,5,359,1,74.4,40.0,1,2,1,4,Hibernating,2,Hibernating
18053,2011-09-30 09:05:00,2011-09-30 09:05:00,1,300.02,302,20,71,1,300.02,302.0,2,2,1,5,Hibernating,0,Big-Ticket Occasionals
18055,2010-12-05 10:52:00,2011-12-02 14:25:00,10,6784.1900000000005,2455,223,7,363,678.4190000000001,245.5,4,4,4,12,Champions,3,Champions
18056,2011-02-24 14:27:00,2011-02-24 14:27:00,1,363.65,211,19,288,1,363.65,211.0,1,2,2,5,Hibernating,0,Big-Ticket Occasionals
18058,2011-11-30 08:38:00,2011-11-30 08:38:00,1,170.16,88,3,10,1,170.16,88.0,4,2,1,7,Promising,2,Hibernating
18059,2011-10-03 09:30:00,2011-11-16 16:49:00,3,306.46,258,17,23,45,102.15333333333332,86.0,3,3,1,7,Hibernating,1,Core Growth
18061,2010-12-08 13:03:00,2011-11-18 11:20:00,10,2119.41,955,18,22,345,211.94099999999997,95.5,3,4,4,11,Loyal Customers,3,Champions
18062,2011-01-06 10:03:00,2011-06-19 14:47:00,3,720.52,396,23,173,165,240.17333333333332,132.0,1,3,3,7,At Risk,0,Big-Ticket Occasionals
18064,2011-04-18 15:08:00,2011-07-29 16:39:00,2,814.0,384,7,133,103,407.0,192.0,2,3,3,8,At Risk,0,Big-Ticket Occasionals
18065,2010-12-10 12:44:00,2011-12-04 10:30:00,14,2392.83,1027,110,6,359,170.91642857142855,73.35714285714286,4,4,4,12,Champions,3,Champions
18066,2011-09-25 15:30:00,2011-09-25 15:30:00,1,318.0,108,10,75,1,318.0,108.0,2,2,2,6,Hibernating,2,Hibernating
18067,2011-10-30 15:58:00,2011-10-30 15:58:00,1,396.33,189,36,40,1,396.33,189.0,3,2,2,7,Promising,0,Big-Ticket Occasionals
18068,2011-02-23 14:50:00,2011-02-23 14:50:00,1,101.69999999999999,6,1,289,1,101.69999999999999,6.0,1,2,1,4,Hibernating,2,Hibernating
18069,2011-01-16 15:50:00,2011-11-13 16:03:00,5,2036.67,1311,334,26,302,407.334,262.2,3,4,4,11,Loyal Customers,3,Champions
18071,2010-12-09 10:33:00,2011-03-27 11:59:00,2,453.0,260,23,258,109,226.5,130.0,1,3,2,6,At Risk,0,Big-Ticket Occasionals
18072,2011-06-07 10:44:00,2011-06-07 10:44:00,1,247.44,288,18,186,1,247.44,288.0,1,2,1,4,Hibernating,2,Hibernating
18073,2011-05-26 19:38:00,2011-08-17 14:02:00,12,3877.5200000000004,3108,23,114,83,323.1266666666667,259.0,2,4,4,10,Loyal Customers,3,Champions
18074,2010-12-01 09:53:00,2010-12-01 09:53:00,1,489.6,190,13,374,1,489.6,190.0,1,2,2,5,Hibernating,0,Big-Ticket Occasionals
18075,2010-12-14 10:48:00,2011-11-16 15:21:00,10,2611.75,1464,97,23,338,261.175,146.4,3,4,4,11,Loyal Customers,3,Champions
18077,2010-12-08 10:21:00,2011-12-01 13:32:00,11,2633.0099999999998,1878,101,8,359,239.36454545454544,170.72727272727272,4,4,4,12,Champions,3,Champions
18078,2011-03-25 15:08:00,2011-05-06 14:32:00,2,336.13,145,27,217,42,168.065,72.5,1,3,2,6,At Risk,2,Hibernating
18079,2011-04-15 12:14:00,2011-10-25 15:27:00,4,3651.97,7432,99,45,194,912.9925,1858.0,3,3,4,10,Big Spenders,3,Champions
18080,2011-04-11 10:10:00,2011-11-21 08:02:00,2,1231.5,642,2,19,224,615.75,321.0,3,3,3,9,Hibernating,0,Big-Ticket Occasionals
18081,2011-07-29 11:56:00,2011-11-03 16:30:00,3,343.45,195,14,36,98,114.48333333333333,65.0,3,3,2,8,Hibernating,1,Core Growth
18082,2011-11-14 12:45:00,2011-11-14 12:45:00,1,703.37,621,62,26,1,703.37,621.0,3,2,3,8,Promising,0,Big-Ticket Occasionals
18084,2011-11-23 13:57:00,2011-11-23 13:57:00,1,90.47999999999999,312,1,16,1,90.47999999999999,312.0,4,2,1,7,Promising,2,Hibernating
18085,2010-12-01 12:08:00,2011-01-13 15:17:00,2,689.95,265,25,330,44,344.975,132.5,1,3,3,7,At Risk,0,Big-Ticket Occasionals
18086,2011-03-10 13:34:00,2011-03-10 13:34:00,1,101.34,106,7,274,1,101.34,106.0,1,2,1,4,Hibernating,2,Hibernating
18087,2011-02-22 10:43:00,2011-09-02 15:12:00,2,4055.7199999999993,3907,2,98,193,2027.8599999999997,1953.5,2,3,4,9,Big Spenders,0,Big-Ticket Occasionals
18088,2011-10-09 13:41:00,2011-10-09 13:41:00,1,167.67000000000002,109,35,61,1,167.67000000000002,109.0,2,2,1,5,Hibernating,2,Hibernating
18092,2010-12-09 10:00:00,2011-12-07 13:14:00,11,9068.26,4252,28,2,364,824.3872727272727,386.54545454545456,4,4,4,12,Champions,3,Champions
18093,2011-02-10 12:15:00,2011-09-07 15:43:00,4,2106.52,1392,31,93,210,526.63,348.0,2,3,4,9,Big Spenders,0,Big-Ticket Occasionals
18094,2011-02-21 08:50:00,2011-09-19 09:28:00,7,3017.3,2518,39,82,211,431.04285714285714,359.7142857142857,2,4,4,10,Loyal Customers,3,Champions
18095,2011-01-11 12:37:00,2011-01-31 12:50:00,2,580.0500000000001,419,20,313,21,290.02500000000003,209.5,1,3,2,6,At Risk,0,Big-Ticket Occasionals
18096,2011-10-07 11:55:00,2011-11-28 12:44:00,3,911.15,825,157,12,53,303.71666666666664,275.0,4,3,3,10,Hibernating,1,Core Growth
18097,2010-12-20 14:49:00,2011-12-02 11:16:00,6,2697.8,1686,65,8,347,449.6333333333334,281.0,4,4,4,12,Champions,3,Champions
18099,2011-08-04 15:52:00,2011-08-04 15:52:00,1,168.31,149,19,127,1,168.31,149.0,2,2,1,5,Hibernating,2,Hibernating
18101,2011-07-19 13:05:00,2011-11-28 13:37:00,2,223.65,88,37,11,133,111.825,44.0,4,3,1,8,Hibernating,2,Hibernating
18102,2010-12-07 16:42:00,2011-12-09 11:50:00,60,259657.3,64124,150,1,367,4327.621666666667,1068.7333333333333,4,4,4,12,Champions,3,Champions
18104,2011-11-02 14:07:00,2011-11-02 14:07:00,1,754.64,362,38,37,1,754.64,362.0,3,2,3,8,Promising,0,Big-Ticket Occasionals
18105,2011-11-02 12:04:00,2011-11-02 12:04:00,1,113.48000000000002,46,18,38,1,113.48000000000002,46.0,3,2,1,6,Promising,2,Hibernating
18106,2011-01-14 12:23:00,2011-01-14 12:23:00,1,430.7,128,33,330,1,430.7,128.0,1,2,2,5,Hibernating,0,Big-Ticket Occasionals
18108,2011-03-30 13:56:00,2011-03-30 13:56:00,1,271.0,84,17,254,1,271.0,84.0,1,2,1,4,Hibernating,2,Hibernating
18109,2010-12-05 10:58:00,2011-12-08 11:36:00,26,8052.97,4237,119,2,369,309.7296153846154,162.96153846153845,4,4,4,12,Champions,3,Champions
18110,2011-11-20 12:34:00,2011-11-20 12:34:00,1,236.3,86,33,20,1,236.3,86.0,3,2,1,6,Promising,2,Hibernating
18112,2011-06-26 13:56:00,2011-11-27 14:43:00,2,352.69,255,26,12,155,176.345,127.5,4,3,2,9,Hibernating,1,Core Growth
18113,2010-12-06 12:31:00,2010-12-06 12:31:00,1,76.32000000000001,72,1,369,1,76.32000000000001,72.0,1,2,1,4,Hibernating,2,Hibernating
18114,2011-02-22 13:20:00,2011-02-22 13:20:00,1,220.1,55,28,290,1,220.1,55.0,1,2,1,4,Hibernating,2,Hibernating
18116,2010-12-10 12:14:00,2011-10-03 11:00:00,8,1418.03,848,230,68,297,177.25375,106.0,2,4,3,9,Loyal Customers,1,Core Growth
18117,2011-11-14 12:47:00,2011-11-14 12:47:00,1,320.72,618,68,26,1,320.72,618.0,3,2,2,7,Promising,0,Big-Ticket Occasionals
18118,2010-12-05 12:13:00,2011-11-29 11:32:00,26,5653.82,2882,424,11,359,217.45461538461538,110.84615384615384,4,4,4,12,Champions,3,Champions
18119,2010-12-07 11:59:00,2010-12-07 11:59:00,1,181.12,125,29,368,1,181.12,125.0,1,2,1,4,Hibernating,2,Hibernating
18120,2011-05-09 13:45:00,2011-05-09 13:45:00,1,111.15,31,17,214,1,111.15,31.0,1,2,1,4,Hibernating,2,Hibernating
18121,2011-07-08 12:14:00,2011-07-13 12:53:00,2,673.1,450,28,149,6,336.55,225.0,1,3,2,6,At Risk,0,Big-Ticket Occasionals
18122,2011-07-12 11:37:00,2011-12-01 13:08:00,6,1826.21,1234,239,8,143,304.36833333333334,205.66666666666666,4,4,4,12,Champions,3,Champions
18123,2011-11-08 13:31:00,2011-11-15 14:23:00,2,589.4399999999999,594,31,24,8,294.71999999999997,297.0,3,3,2,8,Hibernating,1,Core Growth
18125,2011-01-27 15:02:00,2011-11-10 12:29:00,4,1142.99,804,164,30,287,285.7475,201.0,3,3,3,9,Hibernating,1,Core Growth
18126,2011-10-10 12:19:00,2011-10-10 12:19:00,1,206.82999999999998,144,52,61,1,206.82999999999998,144.0,2,2,1,5,Hibernating,2,Hibernating
18127,2011-07-29 10:06:00,2011-11-20 14:05:00,3,348.73,188,41,19,115,116.24333333333334,62.666666666666664,3,3,2,8,Hibernating,1,Core Growth
18129,2011-04-10 14:16:00,2011-04-10 14:16:00,1,112.55000000000001,48,13,243,1,112.55000000000001,48.0,1,2,1,4,Hibernating,2,Hibernating
18130,2011-10-13 15:58:00,2011-11-24 14:40:00,3,1059.39,824,58,15,42,353.13000000000005,274.6666666666667,4,3,3,10,Hibernating,1,Core Growth
18133,2011-05-11 14:14:00,2011-05-11 14:14:00,1,931.4999999999999,1350,1,212,1,931.4999999999999,1350.0,1,2,3,6,At Risk,0,Big-Ticket Occasionals
18135,2011-06-02 14:04:00,2011-11-10 19:32:00,5,681.9100000000001,349,11,29,162,136.382,69.8,3,4,3,10,Loyal Customers,1,Core Growth
18136,2011-01-24 12:08:00,2011-10-07 15:40:00,3,784.33,379,34,63,257,261.4433333333333,126.33333333333333,2,3,3,8,At Risk,1,Core Growth
18138,2011-02-17 14:51:00,2011-02-17 14:51:00,1,152.65,38,8,295,1,152.65,38.0,1,2,1,4,Hibernating,2,Hibernating
18139,2011-11-21 14:06:00,2011-11-22 10:44:00,6,8438.34,5557,35,18,1,1406.39,926.1666666666666,3,4,4,11,Loyal Customers,3,Champions
18142,2011-05-08 12:31:00,2011-07-05 13:19:00,2,1019.52,1276,9,157,59,509.76,638.0,1,3,3,7,At Risk,0,Big-Ticket Occasionals
18143,2011-07-21 10:44:00,2011-08-15 12:07:00,2,1000.16,570,59,117,26,500.08,285.0,2,3,3,8,At Risk,0,Big-Ticket Occasionals
18144,2010-12-01 13:45:00,2011-12-02 12:46:00,12,2888.75,1343,27,8,366,240.72916666666666,111.91666666666667,4,4,4,12,Champions,3,Champions
18145,2011-01-31 12:10:00,2011-11-27 11:22:00,4,2861.55,2625,174,13,300,715.3875,656.25,4,3,4,11,Big Spenders,3,Champions
18146,2011-05-03 16:35:00,2011-07-22 12:08:00,2,160.35000000000002,153,10,141,80,80.17500000000001,76.5,2,3,1,6,At Risk,2,Hibernating
18147,2011-08-23 12:22:00,2011-10-25 11:46:00,2,179.33999999999997,203,7,46,63,89.66999999999999,101.5,3,3,1,7,Hibernating,2,Hibernating
18149,2011-03-11 12:44:00,2011-10-20 12:04:00,3,612.0799999999999,310,11,51,223,204.02666666666664,103.33333333333333,2,3,2,7,At Risk,1,Core Growth
18150,2011-05-22 10:47:00,2011-11-07 16:49:00,3,566.58,332,29,32,170,188.86,110.66666666666667,3,3,2,8,Hibernating,1,Core Growth
18151,2011-02-23 08:29:00,2011-07-28 11:35:00,2,653.35,355,38,135,156,326.675,177.5,2,3,2,7,At Risk,0,Big-Ticket Occasionals
18154,2011-10-27 10:40:00,2011-12-06 16:41:00,2,399.19,255,15,3,41,199.595,127.5,4,3,2,9,Hibernating,1,Core Growth
18155,2011-02-21 10:36:00,2011-09-25 13:32:00,3,371.62,266,19,75,217,123.87333333333333,88.66666666666667,2,3,2,7,At Risk,2,Hibernating
18156,2010-12-05 12:29:00,2011-11-27 12:24:00,2,734.94,301,100,13,357,367.47,150.5,4,3,3,10,Hibernating,1,Core Growth
18158,2011-09-12 09:03:00,2011-11-30 16:19:00,2,453.4,354,24,9,80,226.7,177.0,4,3,2,9,Hibernating,1,Core Growth
18159,2011-02-11 14:26:00,2011-02-11 14:26:00,1,530.15,139,23,301,1,530.15,139.0,1,2,2,5,Hibernating,0,Big-Ticket Occasionals
18160,2011-05-23 13:41:00,2011-10-13 15:50:00,2,638.0600000000001,294,37,57,144,319.03000000000003,147.0,2,3,2,7,At Risk,0,Big-Ticket Occasionals
18161,2011-01-24 11:56:00,2011-11-24 16:40:00,5,1618.69,812,49,15,305,323.738,162.4,4,4,3,11,Loyal Customers,1,Core Growth
18164,2011-11-02 12:56:00,2011-11-02 12:56:00,1,399.65000000000003,184,24,37,1,399.65000000000003,184.0,3,2,2,7,Promising,0,Big-Ticket Occasionals
18165,2011-06-15 13:23:00,2011-06-15 13:23:00,1,302.46000000000004,254,10,177,1,302.46000000000004,254.0,1,2,1,4,Hibernating,0,Big-Ticket Occasionals
18167,2011-08-26 11:40:00,2011-11-16 15:56:00,3,1384.8600000000001,382,24,23,83,461.62000000000006,127.33333333333333,3,3,3,9,Hibernating,1,Core Growth
18168,2010-12-02 18:08:00,2011-06-16 19:21:00,6,1169.94,594,97,176,197,194.99,99.0,1,4,3,8,At Risk,1,Core Growth
18169,2011-10-10 12:18:00,2011-10-10 12:18:00,1,202.65,61,9,61,1,202.65,61.0,2,2,1,5,Hibernating,2,Hibernating
18170,2011-05-06 15:13:00,2011-11-06 14:35:00,3,980.31,409,29,33,184,326.77,136.33333333333334,3,3,3,9,Hibernating,1,Core Growth
18171,2011-01-10 09:55:00,2011-10-12 09:13:00,5,1231.31,481,43,59,275,246.262,96.2,2,4,3,9,Loyal Customers,1,Core Growth
18172,2011-02-23 10:44:00,2011-11-25 11:12:00,20,7561.68,3184,100,15,276,378.084,159.2,4,4,4,12,Champions,3,Champions
18173,2011-03-10 11:56:00,2011-09-14 11:26:00,4,2106.84,1220,23,87,188,526.71,305.0,2,3,4,9,Big Spenders,0,Big-Ticket Occasionals
18174,2011-12-02 16:56:00,2011-12-02 16:56:00,1,104.0,50,1,7,1,104.0,50.0,4,2,1,7,Promising,2,Hibernating
18176,2010-12-16 15:45:00,2010-12-16 15:45:00,1,476.35,283,30,358,1,476.35,283.0,1,2,2,5,Hibernating,0,Big-Ticket Occasionals
18177,2011-03-29 08:46:00,2011-11-08 14:44:00,6,1341.42,710,53,31,225,223.57000000000002,118.33333333333333,3,4,3,10,Loyal Customers,1,Core Growth
18178,2010-12-10 12:42:00,2011-08-03 09:30:00,4,1590.81,983,80,129,236,397.7025,245.75,2,3,3,8,At Risk,0,Big-Ticket Occasionals
18179,2011-01-07 14:22:00,2011-11-30 16:23:00,6,1793.17,1360,86,9,328,298.8616666666667,226.66666666666666,4,4,4,12,Champions,3,Champions
18180,2011-07-20 08:59:00,2011-12-05 08:39:00,6,1843.75,1721,108,5,138,307.2916666666667,286.8333333333333,4,4,4,12,Champions,3,Champions
18181,2011-11-15 15:08:00,2011-11-15 15:08:00,1,382.8,146,40,24,1,382.8,146.0,3,2,2,7,Promising,0,Big-Ticket Occasionals
18183,2011-03-10 10:08:00,2011-04-26 15:26:00,2,632.07,371,36,227,48,316.035,185.5,1,3,2,6,At Risk,0,Big-Ticket Occasionals
18184,2011-11-24 15:28:00,2011-11-24 15:28:00,1,49.8,60,1,15,1,49.8,60.0,4,2,1,7,Promising,2,Hibernating
18185,2011-04-04 13:42:00,2011-04-04 13:42:00,1,304.25,183,17,249,1,304.25,183.0,1,2,1,4,Hibernating,0,Big-Ticket Occasionals
18188,2011-02-22 14:43:00,2011-11-24 16:46:00,3,2001.04,1168,63,15,276,667.0133333333333,389.3333333333333,4,3,4,11,Big Spenders,3,Champions
18189,2011-03-17 09:49:00,2011-09-23 12:40:00,2,1090.24,566,65,78,191,545.12,283.0,2,3,3,8,At Risk,0,Big-Ticket Occasionals
18190,2011-01-13 10:35:00,2011-05-31 14:48:00,2,284.46000000000004,140,14,192,139,142.23000000000002,70.0,1,3,1,5,At Risk,2,Hibernating
18191,2011-03-23 12:08:00,2011-03-23 12:08:00,1,207.79999999999998,140,7,262,1,207.79999999999998,140.0,1,2,1,4,Hibernating,2,Hibernating
18192,2011-09-29 09:53:00,2011-09-29 09:53:00,1,957.97,339,45,72,1,957.97,339.0,2,2,3,7,At Risk,0,Big-Ticket Occasionals
18193,2011-06-27 13:58:00,2011-06-27 13:58:00,1,243.76,124,16,165,1,243.76,124.0,1,2,1,4,Hibernating,2,Hibernating
18194,2011-09-18 13:29:00,2011-09-18 13:29:00,1,973.8399999999999,632,7,82,1,973.8399999999999,632.0,2,2,3,7,At Risk,0,Big-Ticket Occasionals
18196,2011-02-22 16:13:00,2011-09-05 16:22:00,2,689.13,433,131,95,196,344.565,216.5,2,3,3,8,At Risk,0,Big-Ticket Occasionals
18198,2011-01-07 13:39:00,2011-12-05 14:49:00,17,5425.56,4074,81,4,333,319.15058823529415,239.64705882352942,4,4,4,12,Champions,3,Champions
18200,2011-08-25 18:45:00,2011-08-25 18:45:00,1,163.8,111,29,106,1,163.8,111.0,2,2,1,5,Hibernating,2,Hibernating
18202,2011-02-01 13:36:00,2011-05-24 12:12:00,3,1396.99,581,55,200,112,465.66333333333336,193.66666666666666,1,3,3,7,At Risk,0,Big-Ticket Occasionals
18203,2011-07-05 13:07:00,2011-07-05 13:07:00,1,160.42000000000002,43,19,157,1,160.42000000000002,43.0,1,2,1,4,Hibernating,2,Hibernating
18204,2011-05-31 15:26:00,2011-09-29 16:44:00,3,1993.7,1200,159,71,122,664.5666666666667,400.0,2,3,4,9,Big Spenders,0,Big-Ticket Occasionals
18205,2011-09-26 12:02:00,2011-11-03 13:22:00,2,517.36,192,30,36,39,258.68,96.0,3,3,2,8,Hibernating,1,Core Growth
18209,2011-11-11 12:07:00,2011-11-11 12:07:00,1,139.10000000000002,58,8,29,1,139.10000000000002,58.0,3,2,1,6,Promising,2,Hibernating
18210,2011-03-17 16:58:00,2011-12-08 11:02:00,6,2621.38,1398,109,2,266,436.8966666666667,233.0,4,4,4,12,Champions,3,Champions
18211,2011-03-06 12:09:00,2011-11-14 08:10:00,5,600.07,359,37,26,253,120.01400000000001,71.8,3,4,2,9,Hibernating,1,Core Growth
18212,2011-01-17 16:14:00,2011-01-17 16:14:00,1,248.42,101,30,326,1,248.42,101.0,1,2,1,4,Hibernating,2,Hibernating
18213,2011-04-17 10:21:00,2011-04-17 10:21:00,1,232.48000000000002,232,15,237,1,232.48000000000002,232.0,1,2,1,4,Hibernating,2,Hibernating
18215,2011-09-11 16:05:00,2011-09-11 16:05:00,1,299.34000000000003,118,13,89,1,299.34000000000003,118.0,2,2,1,5,Hibernating,2,Hibernating
18216,2011-11-08 16:55:00,2011-11-08 16:55:00,1,481.75,200,26,31,1,481.75,200.0,3,2,2,7,Promising,0,Big-Ticket Occasionals
18217,2011-09-30 10:44:00,2011-11-10 13:18:00,2,621.75,491,27,29,42,310.875,245.5,3,3,2,8,Hibernating,1,Core Growth
18218,2011-03-03 12:24:00,2011-05-12 12:53:00,2,662.08,584,17,211,71,331.04,292.0,1,3,2,6,At Risk,0,Big-Ticket Occasionals
18219,2010-12-06 10:05:00,2011-12-07 11:43:00,10,2069.77,885,58,3,367,206.977,88.5,4,4,4,12,Champions,3,Champions
18220,2011-04-27 09:03:00,2011-04-27 09:03:00,1,305.28000000000003,288,2,227,1,305.28000000000003,288.0,1,2,1,4,Hibernating,0,Big-Ticket Occasionals
18221,2011-05-12 14:13:00,2011-11-17 14:40:00,5,1041.61,791,59,22,190,208.32199999999997,158.2,3,4,3,10,Loyal Customers,1,Core Growth
18222,2011-09-08 10:45:00,2011-09-08 10:45:00,1,443.0,335,19,93,1,443.0,335.0,2,2,2,6,Hibernating,0,Big-Ticket Occasionals
18223,2010-12-16 16:42:00,2011-12-05 09:11:00,14,6484.54,2948,116,5,354,463.18142857142857,210.57142857142858,4,4,4,12,Champions,3,Champions
18224,2011-03-21 10:30:00,2011-03-21 10:30:00,1,158.95000000000002,69,10,264,1,158.95000000000002,69.0,1,2,1,4,Hibernating,2,Hibernating
18225,2010-12-09 15:46:00,2011-12-06 13:27:00,12,5509.12,3244,150,3,362,459.0933333333333,270.3333333333333,4,4,4,12,Champions,3,Champions
18226,2011-01-06 09:00:00,2011-10-26 13:36:00,11,5228.05,3466,141,44,294,475.27727272727276,315.09090909090907,3,4,4,11,Loyal Customers,3,Champions
18227,2011-05-06 12:23:00,2011-05-06 12:23:00,1,93.75,21,5,218,1,93.75,21.0,1,2,1,4,Hibernating,2,Hibernating
18228,2011-09-21 10:48:00,2011-10-14 09:21:00,2,779.9,238,23,57,23,389.95,119.0,2,3,3,8,At Risk,0,Big-Ticket Occasionals
18229,2010-12-01 16:25:00,2011-11-28 09:48:00,20,7276.900000000001,2488,66,12,362,363.845,124.4,4,4,4,12,Champions,3,Champions
18230,2011-02-10 13:06:00,2011-11-30 13:22:00,7,2810.2000000000003,1316,32,9,294,401.4571428571429,188.0,4,4,4,12,Champions,3,Champions
18231,2011-02-24 09:08:00,2011-05-31 14:18:00,5,2083.27,821,106,192,97,416.654,164.2,1,4,4,9,At Risk,0,Big-Ticket Occasionals
18232,2011-05-26 16:30:00,2011-09-19 11:49:00,4,592.97,302,31,82,116,148.2425,75.5,2,3,2,7,At Risk,1,Core Growth
18233,2011-01-18 08:44:00,2011-01-18 08:44:00,1,440.0,4,1,326,1,440.0,4.0,1,2,2,5,Hibernating,2,Hibernating
18235,2011-05-06 13:35:00,2011-09-29 08:27:00,3,1796.48,1578,100,72,146,598.8266666666667,526.0,2,3,4,9,Big Spenders,0,Big-Ticket Occasionals
18236,2011-04-13 09:52:00,2011-11-10 08:06:00,6,882.24,403,42,30,211,147.04,67.16666666666667,3,4,3,10,Loyal Customers,1,Core Growth
18237,2011-07-28 13:05:00,2011-12-07 12:49:00,5,987.1,622,40,3,132,197.42000000000002,124.4,4,4,3,11,Loyal Customers,1,Core Growth
18239,2010-12-02 17:48:00,2011-05-05 12:38:00,5,1561.6100000000001,795,80,219,154,312.322,159.0,1,4,3,8,At Risk,0,Big-Ticket Occasionals
18240,2011-10-24 13:06:00,2011-10-24 13:06:00,1,422.58,126,6,46,1,422.58,126.0,3,2,2,7,Promising,0,Big-Ticket Occasionals
18241,2011-05-06 09:22:00,2011-11-30 12:10:00,17,2073.09,1051,60,10,209,121.9464705882353,61.8235294117647,4,4,4,12,Champions,3,Champions
18242,2011-05-10 11:20:00,2011-09-28 13:43:00,4,2232.4900000000002,1017,72,72,142,558.1225000000001,254.25,2,3,4,9,Big Spenders,0,Big-Ticket Occasionals
18245,2010-12-19 14:58:00,2011-12-02 14:48:00,7,2567.06,1788,153,7,348,366.72285714285715,255.42857142857142,4,4,4,12,Champions,3,Champions
18246,2011-04-20 13:55:00,2011-11-16 11:49:00,2,596.1,166,3,24,210,298.05,83.0,3,3,2,8,Hibernating,1,Core Growth
18248,2011-06-06 13:18:00,2011-08-09 10:19:00,2,804.02,511,39,123,64,402.01,255.5,2,3,3,8,At Risk,0,Big-Ticket Occasionals
18249,2011-11-22 15:07:00,2011-11-22 15:07:00,1,95.34,128,8,17,1,95.34,128.0,4,2,1,7,Promising,2,Hibernating
18250,2011-02-02 13:16:00,2011-02-02 13:16:00,1,349.27,199,21,310,1,349.27,199.0,1,2,2,5,Hibernating,0,Big-Ticket Occasionals
18251,2011-09-13 15:03:00,2011-09-13 15:03:00,1,4314.72,7824,16,87,1,4314.72,7824.0,2,2,4,8,Big Spenders,0,Big-Ticket Occasionals
18252,2011-06-21 11:47:00,2011-10-20 12:43:00,2,526.67,239,90,51,122,263.335,119.5,2,3,2,7,At Risk,0,Big-Ticket Occasionals
18255,2011-09-11 13:16:00,2011-09-11 13:16:00,1,103.3,74,6,89,1,103.3,74.0,2,2,1,5,Hibernating,2,Hibernating
18257,2011-02-16 15:13:00,2011-10-31 14:48:00,8,2337.63,1041,97,39,257,292.20375,130.125,3,4,4,11,Loyal Customers,3,Champions
18259,2010-12-08 13:38:00,2011-11-15 12:34:00,3,2338.6000000000004,714,27,25,342,779.5333333333334,238.0,3,3,4,10,Big Spenders,0,Big-Ticket Occasionals
18260,2010-12-16 18:23:00,2011-06-20 12:37:00,6,2643.2000000000003,1478,86,173,186,440.53333333333336,246.33333333333334,1,4,4,9,At Risk,0,Big-Ticket Occasionals
18261,2011-09-05 09:34:00,2011-10-27 15:36:00,2,324.24,146,19,43,53,162.12,73.0,3,3,2,8,Hibernating,2,Hibernating
18262,2011-07-22 16:04:00,2011-07-22 16:04:00,1,149.48,182,13,140,1,149.48,182.0,2,2,1,5,Hibernating,2,Hibernating
18263,2011-04-01 11:48:00,2011-11-14 09:00:00,3,1213.1599999999999,1468,59,26,227,404.3866666666666,489.3333333333333,3,3,3,9,Hibernating,1,Core Growth
18265,2011-07-04 15:26:00,2011-09-28 14:10:00,2,801.51,311,44,72,86,400.755,155.5,2,3,3,8,At Risk,0,Big-Ticket Occasionals
18268,2011-07-28 19:13:00,2011-07-28 19:13:00,1,25.5,2,1,134,1,25.5,2.0,2,2,1,5,Hibernating,2,Hibernating
18269,2010-12-08 13:53:00,2010-12-08 13:53:00,1,168.6,76,7,366,1,168.6,76.0,1,2,1,4,Hibernating,2,Hibernating
18270,2011-03-18 12:41:00,2011-11-01 13:57:00,2,283.15,101,11,38,229,141.575,50.5,3,3,1,7,Hibernating,2,Hibernating
18272,2011-04-07 09:35:00,2011-12-07 12:43:00,6,3078.58,2050,99,3,245,513.0966666666667,341.6666666666667,4,4,4,12,Champions,3,Champions
18273,2011-03-27 11:22:00,2011-12-07 13:16:00,3,204.0,80,1,2,256,68.0,26.666666666666668,4,3,1,8,Hibernating,1,Core Growth
18274,2011-11-09 17:03:00,2011-11-09 17:03:00,1,175.92,88,11,30,1,175.92,88.0,3,2,1,6,Promising,2,Hibernating
18276,2011-10-27 10:54:00,2011-10-27 10:54:00,1,335.86,186,14,44,1,335.86,186.0,3,2,2,7,Promising,0,Big-Ticket Occasionals
18277,2011-10-12 15:22:00,2011-10-12 15:22:00,1,110.38,68,8,58,1,110.38,68.0,2,2,1,5,Hibernating,2,Hibernating
18278,2011-09-27 11:58:00,2011-09-27 11:58:00,1,173.9,66,9,74,1,173.9,66.0,2,2,1,5,Hibernating,2,Hibernating
18280,2011-03-07 09:52:00,2011-03-07 09:52:00,1,180.60000000000002,45,10,278,1,180.60000000000002,45.0,1,2,1,4,Hibernating,2,Hibernating
18281,2011-06-12 10:53:00,2011-06-12 10:53:00,1,80.82,54,7,181,1,80.82,54.0,1,2,1,4,Hibernating,2,Hibernating
18282,2011-08-05 13:35:00,2011-12-02 11:43:00,2,178.05,103,12,8,119,89.025,51.5,4,3,1,8,Hibernating,2,Hibernating
18283,2011-01-06 14:14:00,2011-12-06 12:02:00,16,2094.88,1397,263,4,334,130.93,87.3125,4,4,4,12,Champions,3,Champions
18287,2011-05-22 10:39:00,2011-10-28 09:29:00,3,1837.28,1586,59,43,159,612.4266666666666,528.6666666666666,3,3,4,10,Big Spenders,0,Big-Ticket Occasionals
